0.16010785102844
0.15948104858398
0.13537192344666
0.34467387199402
0.12980604171753
0.12521195411682
0.33164310455322
0.3993718624115
0.13187503814697
0.41263198852539
0.12459206581116
0.36223101615906
0.1324200630188
0.2348530292511
0.14211797714233
0.12736487388611
0.38299822807312
0.14373803138733
4.0004608631134
0.12282204627991
0.12377285957336
0.1514618396759
0.17553496360779
0.14189195632935
0.14031100273132
0.14858412742615
0.12157607078552
0.12537884712219
0.12874388694763
0.11682415008545
0.11899781227112
0.14716386795044
0.11571407318115
0.12165999412537
0.19187307357788
0.13493204116821
0.13783502578735
0.1298189163208
0.14015197753906
0.1600649356842
0.11709690093994
0.13218402862549
0.12395191192627
0.11935806274414
0.12633299827576
0.13983702659607
0.13837504386902
0.13825106620789
0.13313102722168
0.32780408859253
0.11444902420044
0.33731603622437
0.14596796035767
0.129469871521
0.11563992500305
0.12553286552429
0.13523292541504
0.16470003128052
0.14814901351929
0.13435912132263
0.11181497573853
0.15610289573669
0.12872385978699
0.12676906585693
0.12521505355835
0.148845911026
0.35688710212708
0.14379692077637
0.12831687927246
0.13687801361084
0.16657519340515
0.12913393974304
0.11045408248901
0.12261509895325
0.12574410438538
0.14068198204041
0.13315296173096
0.12527394294739
0.36073303222656
0.33996796607971
0.23025894165039
0.14792609214783
0.12425589561462
0.14399290084839
0.11569285392761
0.11389994621277
0.12867593765259
0.12496995925903
0.15147113800049
0.13412594795227
0.21489191055298
0.11079120635986
0.13511419296265
0.1131010055542
0.12431001663208
0.14794397354126
0.12709307670593
0.32773590087891
0.1448278427124
0.11797595024109
0.11177802085876
0.12597799301147
0.13612198829651
0.15235900878906
0.13234806060791
0.1187379360199
0.12728095054626
0.1141209602356
0.13992595672607
0.14234495162964
0.14554691314697
0.10962390899658
0.13506102561951
0.13959193229675
0.13767290115356
0.14214587211609
0.11547684669495
0.12660789489746
0.36975693702698
0.1084840297699
0.096776962280273
0.10260915756226
0.10345911979675
0.091912031173706
0.09856390953064
0.11005997657776
0.099300146102905
0.096290826797485
0.23212814331055
0.10103893280029
0.11614203453064
0.10230398178101
0.093821048736572
0.098142147064209
0.096585035324097
0.099768161773682
0.10689401626587
0.092103958129883
0.093945026397705
0.094350099563599
0.090342998504639
0.096989154815674
0.096781015396118
0.09510612487793
0.096314191818237
0.10104298591614
0.10968804359436
0.094965934753418
0.10757184028625
0.10841012001038
0.10350108146667
0.10377216339111
0.1002881526947
0.091269969940186
0.098269939422607
0.088797092437744
0.092663049697876
0.095792055130005
0.10492205619812
0.090526103973389
0.091445922851562
0.10668516159058
0.095414876937866
0.090445041656494
0.094950914382935
0.093402862548828
0.098885059356689
0.22710299491882
0.095525026321411
0.10359883308411
0.10295414924622
0.099628925323486
0.09476113319397
0.096028089523315
0.09437108039856
0.099185943603516
0.089668989181519
0.090455055236816
0.09659481048584
0.10130190849304
0.093013048171997
0.098397970199585
0.11882400512695
0.098430871963501
0.096213102340698
0.09978199005127
0.098122119903564
0.096478939056396
0.10153388977051
0.089445114135742
0.10072088241577
0.10048890113831
0.093299150466919
0.090891122817993
0.093425989151001
0.090335130691528
0.093011856079102
0.096792936325073
0.099219799041748
0.097783088684082
0.098248958587646
0.093025922775269
0.095018148422241
0.09938383102417
0.088438987731934
0.092022895812988
0.095810890197754
0.093441009521484
0.095130920410156
0.094895124435425
0.090801000595093
0.095730066299438
0.094092130661011
0.099054098129272
0.096759080886841
0.097732067108154
0.093115091323853
0.10790395736694
0.10136008262634
0.093937873840332
0.10190200805664
0.098384857177734
0.095354080200195
0.094842910766602
0.095014095306396
0.10419797897339
0.093085050582886
0.094050884246826
0.098286151885986
0.10469508171082
0.096218109130859
0.09937310218811
0.091327905654907
0.10656595230103
0.10001587867737
0.10535097122192
0.093338012695312
0.096392869949341
0.097023010253906
0.10303616523743
0.10563397407532
0.09827709197998
0.095124959945679
0.095324039459229
0.096733093261719
0.090759038925171
0.095921993255615
0.091222047805786
0.097395896911621
0.095252990722656
0.096266031265259
0.091579914093018
0.095597982406616
0.091089963912964
0.098714113235474
0.099338054656982
0.10030603408813
0.092658996582031
0.10175108909607
0.089266777038574
0.098101139068604
0.089935064315796
0.090985059738159
0.093389987945557
0.089921951293945
0.099663019180298
0.095284938812256
0.089195966720581
0.0920090675354
0.090101957321167
0.10857892036438
0.095080137252808
0.09486198425293
0.097425937652588
0.10427594184875
0.090030908584595
0.097753047943115
0.089937925338745
0.096628904342651
0.095498085021973
0.092779159545898
0.090008974075317
0.094397068023682
0.093657970428467
0.099918127059937
0.095653057098389
0.098884105682373
0.091000080108643
0.098394870758057
0.096451044082642
0.095144987106323
0.094969987869263
0.10228300094604
0.094358921051025
0.093169927597046
0.097839117050171
0.097937107086182
0.098668098449707
0.11099195480347
0.099874973297119
0.090936899185181
0.10200381278992
0.090098142623901
0.097935914993286
0.11820387840271
0.089740991592407
0.10144209861755
0.093939065933228
0.2216911315918
0.093241930007935
0.093680858612061
0.097580194473267
0.091152906417847
0.095474004745483
0.097031831741333
0.10911417007446
0.10051894187927
0.095921993255615
0.10519790649414
0.097465991973877
0.096958875656128
0.092154026031494
0.092242002487183
0.098435878753662
0.092390060424805
0.094464063644409
0.093637943267822
0.10162615776062
0.093878030776978
0.096673011779785
0.10091686248779
0.096935033798218
0.094038009643555
0.10056281089783
0.097398996353149
0.098779916763306
0.1014838218689
0.10150599479675
0.099714994430542
0.10138010978699
0.096827983856201
0.11115503311157
0.10209894180298
0.094285011291504
0.094473838806152
0.088222980499268
0.10754585266113
0.097491979598999
0.093175888061523
0.092732906341553
0.10859513282776
0.10489988327026
0.099069118499756
0.089872121810913
0.10390901565552
0.097275018692017
0.092595100402832
0.10010004043579
0.099931001663208
0.10085010528564
0.09809684753418
0.095235109329224
0.096276998519897
0.098778963088989
0.10034394264221
0.096443891525269
0.093029022216797
0.094564199447632
0.093703985214233
0.39706707000732
0.095577955245972
0.091941833496094
0.091428995132446
0.12147903442383
0.091025114059448
0.10340690612793
0.093467950820923
0.099156141281128
0.097633123397827
0.091784000396729
0.092658996582031
0.108323097229
0.092216968536377
0.096162080764771
0.097029209136963
0.098827838897705
0.094856023788452
0.091063022613525
0.10181093215942
0.093039989471436
0.099395990371704
0.091631889343262
0.10367679595947
0.092643976211548
0.095536947250366
0.090358972549438
0.097382783889771
0.098124980926514
0.1013298034668
0.096879959106445
0.092910051345825
0.092835903167725
0.090559959411621
0.095746994018555
0.095875024795532
0.093101024627686
0.10331106185913
0.092528104782104
0.10134410858154
0.10609412193298
0.095359802246094
0.10016703605652
0.098845958709717
0.09486198425293
0.098925113677979
0.10360217094421
0.096469163894653
0.099370002746582
0.090783834457397
0.097512006759644
0.097313165664673
0.099147796630859
0.099946022033691
0.090524911880493
0.11116504669189
0.096528053283691
0.095935106277466
0.09638786315918
0.10288286209106
0.10022282600403
0.10195684432983
0.10176992416382
0.097518920898438
0.099361896514893
0.086692810058594
0.091994047164917
0.091649055480957
0.095065116882324
0.10005307197571
0.091125965118408
0.10489583015442
0.10905790328979
0.097707033157349
0.10133481025696
0.097531080245972
0.095760107040405
0.090022087097168
0.097116947174072
0.088308095932007
0.10261702537537
0.09470796585083
0.094220161437988
0.096646785736084
0.10084795951843
0.096613883972168
0.099854946136475
0.091143846511841
0.098674058914185
0.094495058059692
0.089632987976074
0.10070204734802
0.090458869934082
0.094549179077148
0.096150159835815
0.097555875778198
0.093621969223022
0.09652304649353
0.090988159179688
0.094939947128296
0.10493683815002
0.090897083282471
0.093727111816406
0.091999053955078
0.1261260509491
0.09558892250061
0.10187005996704
0.092327833175659
0.10304379463196
0.10320997238159
0.094554901123047
0.10127806663513
0.10287690162659
0.10809707641602
0.096856832504272
0.16879606246948
0.10862994194031
0.093794822692871
0.092934131622314
0.099797964096069
0.098941087722778
0.097982883453369
0.091440916061401
0.095732927322388
0.10608911514282
0.088661909103394
0.092733860015869
0.093942880630493
0.0902419090271
0.096047163009644
0.099492073059082
0.096714019775391
0.093928098678589
0.10377097129822
0.099767923355103
0.098186016082764
0.098721027374268
0.092878103256226
0.10226106643677
0.091508150100708
0.1167619228363
0.10278415679932
0.097888946533203
0.099040985107422
0.10368013381958
0.097983837127686
4.0011749267578
0.096343994140625
0.092298984527588
0.099268913269043
0.10104298591614
0.10360193252563
0.097177028656006
0.089376926422119
0.093142986297607
0.094006061553955
0.091259002685547
0.085216999053955
0.10216307640076
0.091790914535522
0.10392904281616
0.094407081604004
0.094565868377686
0.092222929000854
0.10967302322388
0.096100091934204
0.10294699668884
0.10015797615051
0.099842071533203
0.093973159790039
0.091944932937622
0.09630012512207
0.097230911254883
0.096345186233521
0.090787887573242
0.098417043685913
0.090045928955078
0.092189073562622
0.092742919921875
0.088823080062866
0.091562986373901
0.092288970947266
0.091679096221924
0.089287042617798
0.095187187194824
0.10136890411377
0.097032070159912
0.099983930587769
0.093750953674316
0.098546028137207
0.093685865402222
0.098088979721069
0.092185020446777
0.094989061355591
0.090447902679443
0.10013508796692
0.090131044387817
0.093997001647949
0.095345020294189
0.11110687255859
0.094893932342529
0.098064184188843
0.096696138381958
0.090936899185181
0.097371101379395
0.096678018569946
0.10097408294678
0.092435121536255
0.093607902526855
0.10140681266785
0.094909906387329
0.096415042877197
0.1082329750061
0.095650911331177
0.11094307899475
0.10288000106812
0.09478497505188
0.10437393188477
0.093806982040405
0.093695163726807
0.093096971511841
0.096035003662109
0.092623949050903
0.097445011138916
0.10374402999878
0.089920043945312
0.098618030548096
0.090104818344116
0.096733808517456
0.093322992324829
0.095629930496216
0.096143007278442
0.098314046859741
0.10385394096375
0.095127820968628
0.10458707809448
0.093353033065796
0.092525005340576
0.092108011245728
0.10114479064941
0.09115195274353
0.10005688667297
0.10366797447205
0.090820074081421
0.099236011505127
0.10325407981873
0.096925973892212
0.10196018218994
0.094624996185303
0.1000919342041
0.10083103179932
0.09158992767334
0.092000007629395
0.10286998748779
0.10562992095947
0.095776081085205
0.092630863189697
0.094369173049927
0.091117858886719
0.093269109725952
0.093953132629395
0.10047507286072
0.10912680625916
0.095932006835938
0.08962607383728
0.10082101821899
0.092602014541626
0.093233108520508
0.10634803771973
0.096019983291626
0.092264890670776
0.11049914360046
0.096534013748169
0.097830057144165
0.092115163803101
0.090250968933105
0.095009088516235
0.093403100967407
0.092854022979736
0.10156488418579
0.095294952392578
0.08857798576355
0.091284990310669
0.097823858261108
0.1150369644165
0.095118045806885
0.09502100944519
0.090817928314209
0.091125965118408
0.089537858963013
0.10063815116882
0.11487793922424
0.094692945480347
0.098860025405884
0.08946704864502
0.099885940551758
0.09503698348999
0.090412139892578
0.09136700630188
0.10417008399963
0.094959020614624
0.10148811340332
0.093348026275635
0.092360019683838
0.09647798538208
0.10111498832703
0.11223196983337
0.094483137130737
0.10043716430664
0.10309195518494
0.095828056335449
0.09491491317749
0.093541145324707
0.090535879135132
0.088937044143677
0.10247302055359
0.091064929962158
0.088838815689087
0.093793869018555
0.090971946716309
0.10263299942017
0.0955810546875
0.090996980667114
0.098767995834351
0.097182989120483
0.096390008926392
0.091035842895508
0.090859889984131
0.088332891464233
0.096753835678101
0.091668844223022
0.095372915267944
0.095721006393433
0.099109888076782
0.10008001327515
0.09130597114563
0.097970962524414
0.093313932418823
0.093909025192261
0.089406967163086
0.094086170196533
0.098726034164429
0.09935998916626
0.10069990158081
0.098750829696655
0.094908952713013
0.099944114685059
0.09206485748291
0.099596977233887
0.09050178527832
0.09086012840271
0.09895396232605
0.094583034515381
0.091513872146606
0.10185194015503
0.10409212112427
0.097167015075684
0.092562913894653
0.096436977386475
0.10590219497681
0.093025922775269
0.098942041397095
0.092543840408325
0.097330093383789
0.11423397064209
0.096482038497925
0.0989670753479
0.095247030258179
0.099341869354248
0.089656829833984
0.099691152572632
0.092241048812866
0.090602159500122
0.094719886779785
0.090755939483643
0.102205991745
0.096844911575317
0.089462041854858
0.087714910507202
0.091649055480957
0.098072052001953
0.096843957901001
0.098149061203003
0.10470104217529
0.10162591934204
0.092580080032349
0.094222784042358
0.099472999572754
0.091717958450317
0.097295999526978
0.098403930664062
0.099018096923828
0.098387002944946
0.10018706321716
0.09132194519043
0.10246992111206
0.094104051589966
0.099943161010742
0.094760894775391
0.093923091888428
0.088542222976685
0.10089707374573
0.093883037567139
0.10797786712646
0.095433950424194
0.095841884613037
0.095146894454956
0.095221042633057
0.096951961517334
0.12047696113586
0.096277952194214
0.097362995147705
0.092555999755859
0.096827030181885
0.092435121536255
0.091268062591553
0.09360408782959
0.095539093017578
0.097613096237183
0.10072588920593
0.10523891448975
0.099816083908081
0.098016023635864
0.093955039978027
0.093425989151001
0.095861911773682
0.10690188407898
0.094994068145752
0.095752954483032
0.10034394264221
0.10399413108826
0.09264087677002
0.094218015670776
0.097234010696411
0.096543073654175
0.092771053314209
0.09926700592041
0.093722820281982
0.090289115905762
0.092275142669678
0.098802089691162
0.098927021026611
0.1137011051178
0.092901945114136
0.099339008331299
0.098987817764282
0.095834016799927
0.10093808174133
0.10324907302856
0.091324806213379
0.095868110656738
0.094221830368042
0.095319032669067
0.092966079711914
0.090564966201782
0.093682050704956
0.099066972732544
0.09285306930542
0.099462032318115
0.10155296325684
0.093488216400146
0.094214200973511
0.096489191055298
0.09098482131958
0.097927093505859
0.093611001968384
0.091879844665527
0.091291904449463
0.10156512260437
0.093585014343262
0.09068489074707
0.096939086914062
0.094380140304565
0.089700937271118
0.10109305381775
0.10488295555115
0.093223810195923
0.10843014717102
0.091372966766357
0.098160982131958
0.095607995986938
0.10899806022644
0.095158100128174
0.093425035476685
0.097973823547363
0.099119186401367
0.095482110977173
0.095191955566406
0.091478824615479
0.10142111778259
0.09735894203186
0.09783411026001
0.092181205749512
0.10481095314026
0.10830903053284
0.096868991851807
0.093565940856934
0.092453002929688
0.091621875762939
0.10116100311279
0.091342926025391
0.091093063354492
0.10538291931152
0.1026771068573
0.097428798675537
0.092595815658569
0.092936992645264
0.094318151473999
0.10296297073364
0.091951131820679
0.092107057571411
0.10430884361267
0.097933053970337
0.092169046401978
0.091603994369507
0.099917888641357
0.092104911804199
0.096646785736084
0.10591697692871
0.093202829360962
0.095126867294312
0.090489864349365
0.096833944320679
0.094234943389893
0.090140104293823
0.098567008972168
0.097820043563843
0.095730066299438
0.10316491127014
0.092048168182373
0.095125913619995
0.097370862960815
0.10701203346252
0.097322940826416
0.092445135116577
0.10100603103638
0.09674596786499
0.096317052841187
0.096723079681396
0.089940786361694
0.10279488563538
0.10107088088989
0.093197822570801
0.092704057693481
0.09037709236145
0.10177111625671
0.095448970794678
0.095310926437378
0.10373997688293
0.096400022506714
0.094917058944702
0.092404842376709
0.099189043045044
0.096719026565552
0.10123896598816
0.097560882568359
0.092803955078125
0.10337996482849
0.0971360206604
0.09106183052063
0.098980903625488
0.096647977828979
0.090672969818115
0.092792987823486
0.094866991043091
0.097129106521606
0.091096162796021
0.09984302520752
0.1005699634552
0.095175981521606
0.092733144760132
0.1000759601593
0.10051488876343
0.10376596450806
0.096229791641235
0.39108395576477
0.097845077514648
0.095836162567139
0.095808982849121
0.10266304016113
0.098772048950195
0.089738130569458
0.11275219917297
0.097501039505005
0.11051201820374
0.091169834136963
0.095762014389038
0.098038196563721
0.093457937240601
0.13960909843445
0.096462965011597
0.10253810882568
0.091912984848022
0.10114097595215
0.096182107925415
0.11651277542114
0.090897798538208
0.09375786781311
0.096448183059692
0.097618818283081
0.10157108306885
0.10152006149292
0.11250400543213
0.11537599563599
0.16012001037598
0.10178279876709
0.100417137146
0.10374307632446
0.097366094589233
0.093766927719116
0.10204315185547
0.097023963928223
0.092787027359009
0.10754585266113
0.10519313812256
0.097972869873047
0.099918127059937
0.097134828567505
0.10112714767456
0.095715999603271
0.089225053787231
0.10056400299072
0.09782600402832
0.092681169509888
0.098379135131836
0.098097801208496
0.095637083053589
0.1043119430542
0.09452486038208
0.090741157531738
0.091739892959595
0.099076986312866
0.091982126235962
0.095016002655029
0.098307132720947
0.091268062591553
0.094794988632202
0.095954895019531
0.099394083023071
0.09912896156311
0.09634804725647
0.099559783935547
0.095327854156494
0.095761060714722
0.0988450050354
0.096159934997559
0.10351514816284
0.096112012863159
0.09480094909668
0.10098695755005
0.096810102462769
0.10610008239746
0.095060110092163
0.088306903839111
0.096224784851074
0.09827709197998
0.097798824310303
0.095586776733398
0.10223388671875
0.092381000518799
0.097069025039673
0.10519194602966
0.10057902336121
0.10039901733398
0.096379995346069
0.09279990196228
0.096581935882568
0.10484409332275
0.093445062637329
0.094818830490112
0.10181999206543
0.094717025756836
0.1038920879364
0.094131946563721
0.096801996231079
0.090096950531006
0.0922691822052
0.10075116157532
0.10123491287231
0.095687866210938
0.10974597930908
0.10150003433228
0.11841106414795
0.1010799407959
0.11530685424805
0.10755491256714
0.094475030899048
0.096801042556763
0.091091871261597
0.10448503494263
0.092902898788452
0.090698957443237
0.10131907463074
0.095829963684082
0.091171979904175
0.09495997428894
0.10065603256226
0.0936119556427
0.091452121734619
0.10114312171936
0.097219944000244
0.1008358001709
0.090549945831299
0.10097789764404
0.10028696060181
0.10621309280396
0.095867156982422
0.091563940048218
0.10281801223755
0.10211586952209
0.09769082069397
0.093637943267822
0.090126037597656
0.099056959152222
0.10149192810059
0.099995851516724
0.10181903839111
0.094403982162476
0.096045970916748
0.10306596755981
0.092221021652222
0.095984935760498
0.098336935043335
0.098704099655151
0.097957134246826
0.10189414024353
0.10271000862122
0.093855142593384
0.092577934265137
0.089723825454712
0.096065998077393
0.10585713386536
0.094058990478516
0.12156295776367
0.095781087875366
0.097239971160889
0.094893932342529
0.098786115646362
0.10180902481079
0.091034889221191
0.091584920883179
0.087959051132202
0.094375848770142
0.12760901451111
0.094547033309937
0.095407962799072
0.10352182388306
0.094897985458374
0.09966778755188
0.095317840576172
0.091500997543335
0.094184875488281
0.091868877410889
0.099169015884399
0.09712290763855
0.09405517578125
0.093204975128174
0.089536190032959
0.098610162734985
0.09920597076416
0.13206100463867
0.090919017791748
0.10673213005066
0.10278296470642
0.093191862106323
0.089436054229736
0.10128211975098
0.10278701782227
0.10190010070801
0.09266996383667
0.10434103012085
0.095028162002563
0.098706007003784
0.093396902084351
0.095453023910522
0.1010959148407
0.095941066741943
0.10432505607605
0.089370012283325
0.10224103927612
0.10086679458618
0.10020184516907
0.093312978744507
0.096244096755981
0.09050989151001
0.097198009490967
0.097985029220581
0.097815036773682
0.095845937728882
0.098382949829102
0.093916893005371
0.10021686553955
0.10243201255798
0.092448949813843
0.092970132827759
0.10046982765198
0.11547899246216
0.090942859649658
0.092106819152832
0.10258007049561
0.091361045837402
0.10002994537354
0.089200973510742
0.097822904586792
0.097404003143311
0.095728874206543
0.097712993621826
0.090662956237793
0.098299980163574
0.096966981887817
0.10908007621765
0.092382192611694
0.10113191604614
0.09253191947937
0.094142913818359
0.094706058502197
0.092409133911133
0.093873977661133
0.096465826034546
0.094789028167725
0.096397161483765
0.088633060455322
0.095534086227417
0.094554901123047
0.094822883605957
0.096407175064087
0.09577488899231
0.10929894447327
0.099900960922241
0.099709033966064
0.097594976425171
0.096174001693726
0.099570989608765
0.10080599784851
0.096802949905396
0.099720001220703
0.10918712615967
0.099920034408569
0.092001914978027
0.094273805618286
0.093956232070923
0.093971014022827
0.097718000411987
0.088242053985596
0.09158182144165
0.095785140991211
0.091016054153442
0.093747854232788
0.098828077316284
0.096461057662964
0.096443176269531
0.089874029159546
0.093541145324707
0.10018491744995
0.096218824386597
0.10644483566284
0.10012412071228
0.088308095932007
0.11986398696899
0.10063910484314
0.10481715202332
0.094222068786621
0.098977088928223
0.09424614906311
0.08971095085144
0.09354305267334
0.087651014328003
0.09453296661377
0.092419862747192
0.096230030059814
0.089882135391235
0.099435091018677
0.093963861465454
0.094799995422363
0.10189390182495
0.099079847335815
0.10121703147888
0.093634843826294
0.090836048126221
0.39187598228455
0.09525203704834
0.10300207138062
0.093492984771729
0.10024094581604
0.096209049224854
0.095969915390015
0.095034122467041
0.089357852935791
0.10308289527893
0.096703052520752
0.10260200500488
0.098460912704468
0.094459056854248
0.096266984939575
0.09579610824585
0.096956968307495
0.089706897735596
0.099869966506958
0.094941854476929
0.10752201080322
0.1026599407196
0.10297203063965
0.096458911895752
0.091722011566162
0.09136700630188
0.096431970596313
0.097749948501587
0.10140299797058
0.10514116287231
0.099869966506958
0.092674970626831
0.089838027954102
0.10393404960632
0.095705032348633
0.096479177474976
0.1022789478302
0.092795848846436
0.092691898345947
0.093413829803467
0.10219311714172
0.10257291793823
0.11863088607788
0.094597816467285
0.10021305084229
0.10597586631775
0.094722986221313
0.097103118896484
0.096694946289062
0.091914176940918
0.097898006439209
0.12274885177612
0.098616123199463
0.1020770072937
0.10434007644653
0.10031294822693
0.09620213508606
0.098042964935303
0.090090990066528
0.098865032196045
0.090451955795288
0.096526861190796
0.097034931182861
0.09100604057312
0.094628095626831
0.096697092056274
0.098859071731567
0.096908092498779
0.095169067382812
0.093280076980591
0.096496105194092
0.10661387443542
0.10371899604797
0.10528993606567
0.097069978713989
0.093875885009766
0.098008871078491
0.093281030654907
0.089118957519531
0.10543704032898
0.098651885986328
0.097280979156494
0.10217809677124
0.095902919769287
0.10039806365967
0.10095596313477
0.093169212341309
0.095673084259033
0.091516017913818
0.095342874526978
0.091184139251709
0.094642877578735
0.10033297538757
0.091800212860107
0.090864896774292
0.099787950515747
0.092357873916626
0.089698791503906
0.09335994720459
0.092710018157959
0.10451579093933
0.29979014396667
0.091490983963013
0.092793941497803
0.090924978256226
0.09857702255249
0.095401048660278
0.097743034362793
0.12132692337036
0.10711216926575
0.095623016357422
0.091672897338867
0.10382390022278
0.09333610534668
0.088318109512329
0.10698294639587
0.091971158981323
0.099993944168091
0.097090005874634
0.10239291191101
0.095506906509399
0.092931985855103
0.10858488082886
0.096121788024902
0.094489097595215
0.10238313674927
0.092355966567993
0.10140800476074
0.099018096923828
0.09469199180603
0.093469858169556
0.097249031066895
0.10062694549561
0.093862771987915
0.10979104042053
0.10031414031982
0.095383882522583
0.099883794784546
0.10584402084351
0.099246025085449
0.10055685043335
0.097145795822144
0.09267783164978
0.10929799079895
0.094397783279419
0.097502946853638
0.093578100204468
0.10031008720398
0.095088005065918
0.091506958007812
0.097436904907227
0.095566034317017
0.1013240814209
0.090472936630249
0.10121393203735
0.093979835510254
0.098564863204956
0.090220928192139
0.09432315826416
0.094337940216064
0.090663909912109
0.10604691505432
0.10121703147888
0.097543001174927
0.11036705970764
0.094558000564575
0.095114946365356
0.10051989555359
0.097982883453369
0.10375905036926
0.097305059432983
0.097019910812378
0.10887098312378
0.088727951049805
0.10098218917847
0.10007810592651
0.095795154571533
0.098529815673828
0.097612857818604
0.095998048782349
0.091655969619751
0.09757399559021
0.098597049713135
0.095329999923706
0.095657110214233
0.091961145401001
0.099983930587769
0.097616910934448
0.093357086181641
0.093203067779541
0.090839862823486
0.09817099571228
0.10085701942444
0.094588994979858
0.098485946655273
0.10412907600403
0.094085931777954
0.092477083206177
0.099451065063477
0.092346906661987
0.092406034469604
0.090945959091187
0.10386300086975
0.098531007766724
0.10625696182251
0.098534107208252
0.099430084228516
0.094713926315308
0.097668170928955
0.098015069961548
0.097072839736938
0.091142892837524
0.096681833267212
0.093214988708496
0.10321688652039
0.10315704345703
0.092824935913086
0.10564398765564
0.093056917190552
0.10122489929199
0.092944860458374
0.09431791305542
0.097573041915894
0.093883991241455
0.09210205078125
0.08837890625
0.095675945281982
0.092587947845459
0.10453200340271
0.10061311721802
0.097708940505981
0.095601081848145
0.094325065612793
0.10032296180725
0.090808153152466
0.098591089248657
0.088848114013672
0.10233688354492
0.10311603546143
0.097621917724609
0.093937873840332
0.092641830444336
0.098551988601685
0.090223073959351
0.10709500312805
0.092750787734985
0.094896078109741
0.10771107673645
0.098773002624512
0.098154067993164
0.099920034408569
0.1049211025238
0.10114598274231
0.10676288604736
0.10628581047058
0.097360849380493
0.099235057830811
0.10147595405579
0.22309112548828
0.094632148742676
0.09475302696228
0.10404396057129
0.096933126449585
0.098250150680542
0.10283803939819
0.094374895095825
0.099907159805298
0.089446067810059
0.098203897476196
0.098038911819458
0.091836929321289
0.095759868621826
0.089298963546753
0.09550404548645
0.093945026397705
0.096802949905396
0.092517137527466
0.092548847198486
0.099257230758667
0.093900918960571
0.090111017227173
0.099110841751099
0.10978007316589
0.099916934967041
0.093329191207886
0.094806909561157
0.090061902999878
0.092854976654053
0.09327220916748
0.098832130432129
0.093943119049072
0.10182595252991
0.095942974090576
0.097309112548828
0.098782062530518
0.10955786705017
0.098655939102173
0.09493088722229
0.091262817382812
0.10445308685303
0.10363101959229
0.091485977172852
0.098809003829956
0.10021686553955
0.097479104995728
0.094913959503174
0.10356402397156
0.096179962158203
0.092169046401978
0.098295927047729
0.098723888397217
0.097308874130249
0.092286825180054
0.10268783569336
0.098370790481567
0.09416389465332
0.094369888305664
0.10002112388611
0.09678316116333
0.10373282432556
0.094377994537354
0.10061883926392
0.0973961353302
0.095777034759521
0.095975160598755
0.084678888320923
0.09463095664978
0.097620964050293
0.092849969863892
0.093257904052734
0.10557317733765
0.09761905670166
0.10329103469849
0.09114408493042
0.091714143753052
0.098299026489258
0.096981048583984
0.096267938613892
0.095618963241577
0.097297191619873
0.1017210483551
0.09495997428894
0.1026668548584
0.090707063674927
0.094637870788574
0.093291997909546
0.096378803253174
0.08977198600769
0.093154907226562
0.099319934844971
0.096599817276001
0.095943927764893
0.092468023300171
0.092423915863037
0.093590021133423
0.09010910987854
0.097124099731445
0.099476099014282
0.097907066345215
0.1073100566864
0.09767484664917
0.095523118972778
0.099267959594727
0.095563173294067
0.094542980194092
0.10026407241821
0.10052299499512
0.092005014419556
0.1042811870575
0.096943855285645
0.097913026809692
0.090075016021729
0.09880518913269
0.10046315193176
0.1019811630249
0.0919508934021
0.10451793670654
0.0937659740448
0.1056661605835
0.10055589675903
0.093555927276611
0.091356039047241
0.088858842849731
0.092604875564575
0.09771990776062
0.10185194015503
0.21304702758789
0.10002899169922
0.092090845108032
0.092906951904297
0.092777967453003
0.092357158660889
0.093865156173706
0.099699974060059
0.095194816589355
0.1036159992218
0.095536947250366
0.10177206993103
0.090612173080444
0.09434986114502
0.095711946487427
0.10043692588806
0.10591411590576
0.092460870742798
0.091887950897217
0.096928119659424
0.098132133483887
0.10020589828491
0.0933518409729
0.091015815734863
0.098460912704468
0.096613168716431
0.089564085006714
0.098641872406006
0.092138051986694
0.1020450592041
0.39268088340759
0.090423822402954
0.097782135009766
0.092355966567993
0.09775710105896
0.094775199890137
0.09192681312561
0.098191976547241
0.087990999221802
0.10880208015442
0.10347294807434
0.091553926467896
0.090383052825928
0.098840951919556
0.16354703903198
0.095582008361816
0.10208606719971
0.091550827026367
0.09215521812439
0.094423055648804
0.093118906021118
0.098227024078369
0.092532873153687
0.097086191177368
0.10416412353516
0.088815927505493
0.099088907241821
0.10419082641602
0.094841957092285
0.098280906677246
0.11523699760437
0.095251083374023
0.09843921661377
0.097033977508545
0.094724178314209
0.095746040344238
0.092751979827881
0.091217041015625
0.098746061325073
0.094588994979858
0.099491119384766
0.10239291191101
0.089576959609985
0.093430995941162
0.10137104988098
0.11260986328125
0.098856925964355
0.090688943862915
0.093307018280029
0.091781139373779
0.092665910720825
0.15678095817566
0.099241018295288
0.094988107681274
0.10174608230591
0.092479944229126
0.1070339679718
0.10047197341919
0.096565008163452
0.096806049346924
0.099998950958252
0.096936941146851
0.091675996780396
0.096228122711182
0.098278045654297
0.098667144775391
0.094379186630249
0.10511708259583
0.096882820129395
0.099431037902832
0.092100858688354
0.11034512519836
0.094941854476929
0.098664999008179
0.09094500541687
0.092133045196533
0.098296880722046
0.31890511512756
0.11138606071472
0.10262179374695
0.090449094772339
0.094488859176636
0.090720891952515
0.099209070205688
0.098527908325195
0.099318027496338
0.089291095733643
0.097516059875488
0.090818166732788
0.097892999649048
0.10304594039917
0.092639923095703
0.098213911056519
0.09303092956543
0.08818793296814
0.10209703445435
0.10001277923584
0.09823203086853
0.093836069107056
0.097553014755249
0.099882841110229
0.10093998908997
0.098594903945923
0.092779159545898
0.093744039535522
0.10131597518921
0.096166849136353
0.092252969741821
0.087957859039307
0.094738006591797
0.097460031509399
0.094354152679443
0.092521905899048
0.087499141693115
0.095712900161743
0.10004997253418
0.10386991500854
0.10082483291626
0.088746070861816
0.099172830581665
0.10159182548523
0.092261075973511
0.1024181842804
0.095087051391602
0.091242074966431
0.10032200813293
0.093966007232666
0.088910818099976
0.096685886383057
0.10475897789001
0.10233116149902
0.10469603538513
0.1077868938446
0.1045069694519
0.098418951034546
0.090068101882935
0.094013929367065
0.095187902450562
0.095764875411987
0.093655109405518
0.087713956832886
0.10046792030334
0.093922138214111
0.10168194770813
0.091597080230713
0.089188098907471
0.093882083892822
0.099808931350708
0.091213941574097
0.10089302062988
0.08849310874939
0.088969945907593
0.098692178726196
0.099867105484009
0.097604036331177
0.10171294212341
0.093579053878784
0.093206882476807
0.094971895217896
0.089213848114014
0.092721939086914
0.096328020095825
0.098257780075073
0.097201108932495
0.092798948287964
0.093682050704956
0.11005997657776
0.10340023040771
0.095351934432983
0.091574907302856
0.098854064941406
0.09672999382019
0.096337080001831
0.097069978713989
0.096344947814941
0.098073959350586
0.10225915908813
0.091675043106079
0.08809494972229
0.09339714050293
0.09994101524353
0.096650123596191
0.10840201377869
0.097648143768311
0.098376989364624
0.096436977386475
0.095685005187988
0.10688304901123
0.099583864212036
0.097643852233887
0.097480058670044
0.11151695251465
0.10186982154846
0.095519065856934
0.1374089717865
0.099200963973999
0.09440016746521
0.092607021331787
0.095038175582886
0.10247302055359
0.093141078948975
0.10372805595398
0.097175121307373
0.09166407585144
0.090580940246582
0.097656965255737
0.093530893325806
0.089564085006714
0.10442113876343
0.11112403869629
0.095321178436279
0.098926782608032
0.091145038604736
0.090641021728516
0.096966028213501
0.087575912475586
0.090790987014771
0.10321712493896
0.10215616226196
0.09648585319519
0.09874701499939
0.09801721572876
0.098240852355957
0.098123073577881
0.090368986129761
0.10671591758728
0.087844133377075
0.093844175338745
0.097295045852661
0.094430923461914
0.092073917388916
0.10233783721924
0.097117185592651
0.10936188697815
0.095053911209106
0.098820924758911
0.09415602684021
0.10585999488831
0.094928979873657
0.10225987434387
0.093847036361694
0.088677883148193
0.10285210609436
0.11192488670349
0.096764087677002
0.091030836105347
0.099710941314697
0.096710920333862
0.093962907791138
0.093225002288818
0.095691204071045
0.10076904296875
0.090230941772461
0.1051390171051
0.10131192207336
0.099169969558716
0.099956035614014
0.091545104980469
0.091681003570557
0.10506010055542
0.096731185913086
0.090589046478271
0.1009669303894
0.10345005989075
0.10055685043335
0.096129894256592
0.099185943603516
0.095521926879883
0.09031081199646
0.09537410736084
0.091242074966431
0.097949981689453
0.10470986366272
0.09187388420105
0.095284938812256
0.097362041473389
0.094702005386353
0.095585107803345
0.10022282600403
0.10802388191223
0.099625825881958
0.10384798049927
0.10785698890686
0.094091892242432
0.099766969680786
0.11053681373596
0.093213081359863
0.096858978271484
0.10020279884338
0.10279488563538
0.099407911300659
0.10755395889282
0.094453096389771
0.094770908355713
0.090543985366821
0.095284938812256
0.091342926025391
0.09677791595459
0.10174012184143
0.093284845352173
0.093427896499634
0.10051918029785
0.087889909744263
0.098436117172241
0.090594053268433
0.099021911621094
0.094014883041382
0.096426010131836
0.099410057067871
0.10057806968689
0.098775863647461
0.088955163955688
0.099581003189087
0.093571901321411
0.098061084747314
0.10337901115417
0.10805511474609
0.099843978881836
0.096728086471558
0.10120582580566
0.10196399688721
0.090106964111328
0.098299026489258
0.088819980621338
0.092372179031372
0.10744714736938
0.094801902770996
0.097677946090698
0.093259811401367
0.089892864227295
0.11684489250183
0.094434976577759
0.092517852783203
0.10535311698914
0.10441279411316
0.090864896774292
0.10133194923401
0.098114967346191
0.098763942718506
0.10671210289001
0.095150947570801
0.093476057052612
0.096052885055542
0.098226070404053
0.097754955291748
0.10350394248962
0.098843097686768
0.094092845916748
0.09980583190918
0.096417903900146
0.099951028823853
0.099225997924805
0.091802835464478
0.095693111419678
0.10396409034729
0.11154985427856
0.095306158065796
0.10905814170837
0.098765850067139
0.099545955657959
0.092017889022827
0.096076965332031
0.10214495658875
0.088958978652954
0.10265183448792
0.096519947052002
0.092164039611816
0.091923952102661
0.10589122772217
0.09837794303894
0.10276699066162
0.096240997314453
0.09865403175354
0.097300052642822
0.097805023193359
0.10621094703674
0.094222068786621
0.094207048416138
0.10442996025085
0.09145188331604
0.10765504837036
0.10661005973816
0.10140204429626
3.2253160476685
0.099774837493896
0.094052791595459
0.10345697402954
0.087924003601074
0.09446382522583
0.087529897689819
0.09086799621582
0.097763061523438
0.11509609222412
0.095554113388062
0.099402904510498
0.098421812057495
0.10947608947754
0.097350835800171
0.097171068191528
0.10465788841248
0.099660158157349
0.093941926956177
0.08674693107605
0.091523170471191
0.088612079620361
0.092684030532837
0.1009349822998
0.096023082733154
0.092444896697998
0.095103979110718
0.092955112457275
0.092252016067505
0.092321157455444
0.099424839019775
0.096527099609375
0.092438936233521
0.091262102127075
0.096179962158203
0.096217155456543
0.090950965881348
0.094990968704224
0.092972993850708
0.10285401344299
0.10590600967407
0.098242044448853
0.10677003860474
0.098796844482422
0.096585035324097
0.099632978439331
0.095057964324951
0.098874807357788
0.094293832778931
0.10057902336121
0.09871506690979
0.098936080932617
0.098682880401611
0.098944902420044
0.097008943557739
0.10427093505859
0.098707914352417
0.10127091407776
0.10038113594055
0.094705820083618
0.099970817565918
0.14499998092651
0.094531059265137
0.099987983703613
0.094231128692627
0.098194122314453
0.094316005706787
0.10393714904785
0.090606927871704
0.096828937530518
0.091238021850586
0.10109210014343
0.096662998199463
0.099705934524536
0.091577053070068
0.096410036087036
0.092084884643555
0.20763802528381
0.099287986755371
0.10360479354858
0.092716932296753
0.09641695022583
0.093864917755127
0.10178112983704
0.090454816818237
0.095402002334595
0.098110914230347
0.088948965072632
0.099538087844849
0.096282005310059
0.099617004394531
0.1001341342926
0.094468116760254
0.10133695602417
0.10341596603394
0.088778018951416
0.098018884658813
0.12507200241089
0.088230133056641
0.090097904205322
0.090862989425659
0.10819697380066
0.10549521446228
0.090870141983032
0.088567018508911
0.10745000839233
0.096794128417969
0.097096920013428
0.091536998748779
0.09851598739624
0.098187923431396
0.1077561378479
0.094496965408325
0.08894419670105
0.097775936126709
0.10049104690552
0.095306158065796
0.0939040184021
0.091984033584595
0.0986008644104
0.0904541015625
0.10353398323059
0.10465097427368
0.10163402557373
0.09171199798584
0.097795009613037
0.099731922149658
0.095602035522461
0.10033106803894
0.088709831237793
0.090275049209595
0.094924926757812
0.094685792922974
0.097255945205688
0.095089197158813
0.096882104873657
0.099053859710693
0.099601984024048
0.092832088470459
0.091311931610107
0.094377994537354
0.095855951309204
0.11511087417603
0.093561887741089
0.13840079307556
0.097779035568237
0.10030794143677
0.098586797714233
0.095587015151978
0.094437837600708
0.089807987213135
0.1030650138855
0.099896907806396
0.11026811599731
0.09417200088501
0.20043301582336
0.10140991210938
0.099959135055542
0.09941291809082
0.094693899154663
0.095782995223999
0.094077110290527
0.098984956741333
0.099229097366333
0.091783046722412
0.095624923706055
0.094511032104492
0.096143007278442
0.09834623336792
0.089715003967285
0.097665071487427
0.093958854675293
0.10045194625854
0.091761112213135
0.099499940872192
0.098933935165405
0.099317073822021
0.1033980846405
0.091408014297485
0.096198081970215
0.094786882400513
0.090718984603882
0.10541009902954
0.1000030040741
0.10218214988708
0.094247102737427
0.097271919250488
0.10411596298218
0.09313702583313
0.099887132644653
0.094853162765503
0.10146808624268
0.095000028610229
0.092360019683838
0.098052978515625
0.095572948455811
0.10434603691101
0.10660886764526
0.099689960479736
0.087480068206787
0.10276699066162
0.096014976501465
0.098371982574463
0.098324060440063
0.097239971160889
0.096429824829102
0.092376947402954
0.13567495346069
0.094420909881592
0.098538875579834
0.095344066619873
0.097092151641846
0.095677852630615
0.09541916847229
0.090984106063843
0.089648962020874
0.10329699516296
0.09244704246521
0.097774028778076
0.097848892211914
0.097103118896484
0.091804981231689
0.097629070281982
0.096046209335327
0.096513032913208
0.10381603240967
0.10047698020935
0.09966516494751
0.096887111663818
0.091607093811035
0.10257983207703
0.086663007736206
0.11327791213989
0.10110592842102
0.10472893714905
0.099390983581543
0.10699510574341
0.11044883728027
0.10746908187866
0.092365980148315
0.093238115310669
0.091358184814453
0.091097831726074
0.10170817375183
0.097859859466553
0.097774028778076
0.095940828323364
0.10102081298828
0.089790105819702
0.15644788742065
0.090190172195435
0.09613299369812
0.090533971786499
0.095797061920166
0.095871925354004
0.098440885543823
0.10527801513672
0.092446088790894
0.092563152313232
0.090821027755737
0.096146821975708
0.090012073516846
0.09580397605896
0.10484719276428
0.10455083847046
0.09230899810791
0.10037994384766
0.098065853118896
0.1124439239502
0.092404127120972
0.11453700065613
0.10319209098816
0.10201907157898
0.098798036575317
0.12223196029663
0.090342998504639
0.094606161117554
0.1045560836792
0.09418511390686
0.092557907104492
0.10924911499023
0.096379041671753
0.092118978500366
0.094337940216064
0.092328071594238
0.14873814582825
0.10409593582153
0.10028290748596
0.11222195625305
0.095823049545288
0.099304914474487
0.091484785079956
0.092598915100098
0.10083293914795
0.089921951293945
0.09532904624939
0.091466903686523
0.093178987503052
0.11403203010559
0.094681978225708
0.091145992279053
0.095184087753296
0.1021192073822
0.099557876586914
0.11350798606873
0.096457958221436
0.097788095474243
0.094336986541748
0.10121011734009
0.092576026916504
0.088853120803833
0.095057010650635
0.096451044082642
0.086985111236572
0.09634804725647
0.096363067626953
0.093059062957764
0.091305017471313
0.090532064437866
0.091275930404663
0.10215401649475
0.094220876693726
0.089754819869995
0.10492086410522
0.10106110572815
0.10627102851868
0.095428943634033
0.093351125717163
0.09158992767334
0.10008502006531
0.097422122955322
0.12069606781006
0.092288970947266
0.11117315292358
0.15534114837646
0.11090707778931
0.099395990371704
0.092665910720825
0.10107803344727
0.089248895645142
0.10145783424377
0.099895000457764
0.091084003448486
0.092159032821655
0.097411155700684
0.096335887908936
0.092902183532715
0.096372842788696
0.14322209358215
0.092311143875122
0.096462965011597
0.094347953796387
0.092203140258789
0.092332124710083
0.10367488861084
0.096225023269653
0.097210884094238
0.091897010803223
0.098659038543701
0.10345506668091
0.092127084732056
0.094744920730591
0.10059309005737
0.10277700424194
0.098424911499023
0.096126079559326
0.096005916595459
0.11453700065613
0.097037792205811
0.098927021026611
0.097740173339844
0.089525938034058
0.098630905151367
0.090113162994385
0.10027408599854
0.10122489929199
0.10237503051758
0.11648011207581
0.10493421554565
0.10045504570007
0.10271382331848
0.093971967697144
0.089465141296387
0.10464096069336
0.10349202156067
0.10064291954041
0.10107588768005
0.09881591796875
0.093608856201172
0.093006134033203
0.091193914413452
0.11177110671997
0.090725898742676
0.090364933013916
0.091686010360718
0.10428714752197
0.10272002220154
0.096312999725342
0.10143208503723
0.098965883255005
0.092201948165894
0.098253965377808
0.093126058578491
0.097131013870239
0.10166501998901
0.09479284286499
0.10003399848938
0.10078096389771
0.10004806518555
0.098142862319946
0.093871116638184
0.097743034362793
0.10404801368713
0.096157073974609
0.095441102981567
0.091748952865601
0.096657991409302
0.092963933944702
0.10118007659912
0.091855049133301
0.098601102828979
0.089295148849487
0.094468116760254
0.094985008239746
0.10029888153076
0.091091871261597
0.098231792449951
0.096235990524292
0.092278003692627
0.090337038040161
0.092592000961304
0.10019993782043
0.10088706016541
0.10459780693054
0.092895984649658
0.091643095016479
0.0919029712677
0.093934059143066
0.1096830368042
0.090568065643311
0.093302965164185
0.095621824264526
0.095679998397827
0.10092902183533
0.096753120422363
0.095350980758667
0.091364860534668
0.093010902404785
0.092612028121948
0.10275316238403
0.092224836349487
0.10375380516052
0.1003851890564
0.10148501396179
0.090771913528442
0.096899032592773
0.10488605499268
0.099761009216309
0.097836017608643
0.095317840576172
0.094177007675171
0.097414970397949
0.08998703956604
0.10605597496033
0.090727090835571
0.091117858886719
0.09288501739502
0.10076713562012
0.089581966400146
0.093961954116821
0.10774517059326
0.091517925262451
0.096015930175781
0.10052800178528
0.10280299186707
0.098689079284668
0.091141939163208
0.085635185241699
0.089682102203369
0.097999095916748
0.091832876205444
0.097476005554199
0.09254002571106
0.098610877990723
0.09304404258728
0.096305131912231
0.098803997039795
0.10783314704895
0.0991370677948
0.098704814910889
0.092324018478394
0.08869194984436
0.09535813331604
0.091530084609985
0.10247015953064
0.098089933395386
0.10026097297668
0.1058509349823
0.083633899688721
0.091932058334351
0.099087953567505
0.091917991638184
0.090543985366821
0.094389915466309
0.09273886680603
0.096070051193237
0.097651958465576
0.092353105545044
0.098831176757812
0.092735052108765
0.098206043243408
0.095906972885132
0.089601993560791
0.096821069717407
0.098336935043335
0.091084957122803
0.095010995864868
0.098342180252075
0.09411096572876
0.099992036819458
0.2063901424408
0.10779905319214
0.39204287528992
0.10946297645569
0.10353302955627
0.10143995285034
0.10183000564575
0.10421586036682
0.10440897941589
0.092586040496826
0.097162961959839
0.090420961380005
0.10472321510315
0.10342502593994
0.09782886505127
0.10704398155212
0.096297979354858
0.094665050506592
0.10237193107605
0.10463309288025
0.10588192939758
0.093712091445923
3.5276679992676
0.090365886688232
0.10990691184998
0.10061812400818
0.09385085105896
0.10052013397217
0.10404801368713
0.10552620887756
0.10448598861694
0.094931125640869
0.095772981643677
0.092873096466064
0.10087394714355
0.09947395324707
0.10579586029053
0.10042095184326
0.089821815490723
0.10057306289673
0.095824956893921
0.09615683555603
0.090667963027954
0.092264890670776
0.098346948623657
0.099754810333252
0.095233201980591
0.092142105102539
0.099932193756104
0.10011911392212
0.10214686393738
0.10483908653259
0.097021102905273
0.10047817230225
0.097398996353149
0.095463991165161
0.095092058181763
0.097615003585815
0.099797964096069
0.089064121246338
0.09917688369751
0.10306715965271
0.09418797492981
0.10131311416626
0.1004581451416
0.09230899810791
0.093837976455688
0.10216593742371
0.094070911407471
0.10165905952454
0.090985059738159
0.10859704017639
0.092579126358032
0.095766067504883
0.095341920852661
0.097892045974731
0.11216402053833
0.10365605354309
0.097413063049316
0.097103118896484
0.097929954528809
0.0934898853302
0.10224604606628
0.092503070831299
0.10510396957397
0.10051798820496
0.097189903259277
0.094856977462769
0.094437837600708
0.10281896591187
0.095630168914795
0.094356060028076
0.09483003616333
0.10683298110962
0.096725940704346
0.089066982269287
0.092688798904419
0.093987941741943
0.10214900970459
0.092957019805908
0.099107980728149
0.10137987136841
0.10496401786804
0.097555160522461
0.098608016967773
0.09092903137207
0.089016914367676
0.086489915847778
0.091206789016724
0.092966079711914
0.092176914215088
0.096319913864136
0.094558000564575
0.13176107406616
0.091562986373901
0.097054004669189
0.095384836196899
0.10878896713257
0.096556901931763
0.10010194778442
0.098636150360107
0.093048810958862
0.10390090942383
0.1016058921814
0.096305847167969
0.091675043106079
0.1004331111908
0.088808059692383
0.093236207962036
0.095623970031738
0.098327875137329
0.10219693183899
0.091643095016479
0.093708992004395
0.092106103897095
0.10315299034119
0.097157955169678
0.095097064971924
0.096318006515503
0.089209079742432
0.096740007400513
0.093724012374878
0.093833923339844
0.08989405632019
0.094501972198486
0.14839506149292
0.098726987838745
0.097567081451416
0.10335302352905
0.093905925750732
0.096027851104736
0.10199403762817
0.094757795333862
0.094445943832397
0.090092182159424
0.10278701782227
0.10109901428223
0.095957040786743
0.10643291473389
0.10563898086548
0.10406398773193
0.099462032318115
0.094690084457397
0.097113132476807
0.093774080276489
0.097212076187134
0.090909004211426
0.10022497177124
0.093740940093994
0.099042892456055
0.092656135559082
0.094453096389771
0.1000349521637
0.092573881149292
0.091962099075317
0.092610836029053
0.10759902000427
0.098138093948364
0.0916428565979
0.10572695732117
0.098104000091553
0.0939040184021
0.095502138137817
0.097799062728882
0.10109901428223
0.093940019607544
0.10176801681519
0.095870971679688
0.1020679473877
0.093502998352051
0.10563778877258
0.090017080307007
0.10164785385132
0.10396599769592
0.10251998901367
0.098130941390991
0.09276294708252
0.093735933303833
0.10236191749573
0.096004009246826
0.10230088233948
0.095078945159912
0.10556316375732
0.099743127822876
0.095375061035156
0.10142183303833
0.090672016143799
0.093998908996582
0.10293388366699
0.094016075134277
0.096744060516357
0.10023403167725
0.10627579689026
0.091970920562744
0.10222697257996
0.094755887985229
0.088567018508911
0.10609793663025
0.10190296173096
0.0972580909729
0.090327978134155
0.099292039871216
0.089913845062256
0.09684419631958
0.099457025527954
0.098933935165405
0.093413114547729
0.095433950424194
0.095847129821777
0.097761869430542
0.089231014251709
0.097888946533203
0.10110902786255
0.10011100769043
0.094474077224731
0.093280792236328
0.094258069992065
0.094251155853271
0.10420894622803
0.092677116394043
0.095697164535522
0.094912052154541
0.094740867614746
0.089737892150879
0.094542026519775
0.093031167984009
0.092674016952515
0.11360812187195
0.1040678024292
0.10368704795837
0.091310977935791
0.096688985824585
0.10046410560608
0.097548007965088
0.092344999313354
0.096817016601562
0.10369896888733
0.10377883911133
0.09441614151001
0.096410036087036
0.097074031829834
0.095151901245117
0.093924999237061
0.097717046737671
0.10084700584412
0.09499192237854
0.09760308265686
0.09074592590332
0.09680700302124
0.094037055969238
0.096532106399536
0.094870090484619
0.095937013626099
0.096086978912354
0.096889972686768
0.10118699073792
0.1016571521759
0.11031293869019
0.089264869689941
0.095290899276733
0.10901188850403
0.092262983322144
0.097460985183716
0.093369007110596
0.097127199172974
0.09377908706665
0.093455076217651
0.093463897705078
0.093874931335449
0.090581893920898
0.093974113464355
0.09320592880249
0.093002080917358
0.094285011291504
0.097846984863281
0.10139799118042
0.093208074569702
0.093252182006836
0.097295045852661
0.094907999038696
0.099539041519165
0.095301151275635
0.095366954803467
0.095433950424194
0.094259023666382
0.099133968353271
0.10022497177124
0.096966981887817
0.10059785842896
0.10067915916443
0.097454786300659
0.09588098526001
0.098459005355835
0.096047878265381
0.095790863037109
0.097723007202148
0.098383188247681
0.094151020050049
0.090859174728394
0.096698045730591
0.092067956924438
0.096868991851807
0.1000280380249
0.090038061141968
0.10135102272034
0.11146187782288
0.098989009857178
0.10137414932251
0.092465162277222
0.10838890075684
0.096571922302246
0.1013810634613
0.091830015182495
0.098387002944946
0.094645023345947
0.08694314956665
0.091647148132324
0.096404075622559
0.10079908370972
0.1005380153656
0.0920250415802
0.097297191619873
0.096211910247803
0.10129690170288
0.096508026123047
0.09076714515686
0.098081111907959
0.089485168457031
0.093251943588257
0.099508047103882
0.093731164932251
0.098579168319702
0.10908198356628
0.095519781112671
0.090162992477417
0.097126007080078
0.092875957489014
0.092535018920898
0.091633796691895
0.09614896774292
0.099761962890625
0.093590021133423
0.090396165847778
0.10470700263977
0.10033822059631
0.098072052001953
0.095847129821777
0.104896068573
0.093365907669067
0.098979949951172
0.088806867599487
0.095960140228271
0.10321092605591
0.092458963394165
0.092607021331787
0.095510959625244
0.096284151077271
0.093491077423096
0.095185995101929
0.10181403160095
0.10162091255188
0.1013879776001
0.10102081298828
0.14615702629089
0.092880010604858
0.093868970870972
0.091867923736572
0.094040870666504
0.092622995376587
0.092117071151733
0.10318613052368
0.094116926193237
0.10420203208923
0.094701051712036
0.10717296600342
0.098854064941406
0.096792936325073
0.10082006454468
0.095956087112427
0.091264009475708
0.098726987838745
0.09312891960144
0.095687866210938
0.097121000289917
0.096726894378662
0.098914861679077
0.098250865936279
0.09259295463562
0.093646049499512
0.1033079624176
0.091070175170898
0.099328994750977
0.097514152526855
0.096663951873779
0.107745885849
0.092912912368774
0.097512006759644
0.093623876571655
0.097400903701782
0.092314004898071
0.09695291519165
0.098427057266235
0.093368053436279
0.096698045730591
0.10052800178528
0.092790126800537
0.088927984237671
0.098455905914307
0.089550018310547
0.089690923690796
0.098440885543823
0.10433506965637
0.11100292205811
0.095432043075562
0.095476865768433
0.089954853057861
0.08974814414978
0.095379114151001
0.10713005065918
0.096463918685913
0.094188928604126
0.093432903289795
0.1012749671936
0.096740007400513
0.099999904632568
0.092327833175659
0.090054988861084
0.093606948852539
0.10077595710754
0.10304999351501
0.095258951187134
0.10358810424805
0.10139417648315
0.096806049346924
0.096292018890381
0.099239110946655
0.09370493888855
0.095885038375854
0.10040807723999
0.11163020133972
0.095453977584839
0.10302710533142
0.10977101325989
0.091794967651367
0.093451023101807
0.10124897956848
0.098982810974121
0.10488200187683
0.092240810394287
0.092868089675903
0.098659992218018
0.092957973480225
0.098695039749146
0.093417167663574
0.093804836273193
0.092071056365967
0.10881400108337
0.096956968307495
0.091367959976196
0.094257116317749
0.092279195785522
0.10549592971802
0.10151696205139
0.099581956863403
0.10227203369141
0.097200155258179
0.0936598777771
0.099486112594604
0.10086607933044
0.094193935394287
0.091853857040405
0.092782020568848
0.090648889541626
0.093829154968262
0.098278999328613
0.10086703300476
0.10135078430176
0.095293998718262
0.097657203674316
0.099905967712402
0.098335981369019
0.094527006149292
0.096220016479492
3.2291610240936
0.10033202171326
0.10423493385315
0.093059062957764
0.094308137893677
0.111487865448
0.10332489013672
0.094347953796387
0.095535039901733
0.10008692741394
0.10439586639404
0.095986127853394
0.094072103500366
0.093661069869995
0.093636035919189
0.10186696052551
0.096222162246704
0.093993902206421
0.092462062835693
0.097815990447998
0.10927605628967
0.096501111984253
0.099210023880005
0.094169139862061
0.094138145446777
0.091234922409058
0.093457937240601
0.10303807258606
0.090778827667236
0.091064929962158
0.10112404823303
0.11196613311768
0.091754913330078
0.093179941177368
0.093031883239746
0.091902017593384
0.088489055633545
0.093411922454834
0.096322774887085
0.097211122512817
0.092944860458374
0.099843978881836
0.08889102935791
0.10090303421021
0.091207981109619
0.094268083572388
0.091269969940186
0.090569019317627
0.096841812133789
0.095086812973022
0.097137212753296
0.09687614440918
0.095613956451416
0.19925689697266
0.10262203216553
0.10107207298279
0.094880819320679
0.095396995544434
0.094461917877197
0.092226982116699
0.091188192367554
0.097452163696289
0.092442035675049
0.095638036727905
0.091968059539795
0.10965991020203
0.090771913528442
0.095918893814087
0.10153603553772
0.10246706008911
0.094470024108887
0.10013294219971
0.095086097717285
0.094529867172241
0.10391592979431
0.095102071762085
0.092381000518799
0.090903043746948
0.094630002975464
0.099277019500732
0.099420070648193
0.0936119556427
0.09869909286499
0.10278487205505
0.10062885284424
0.10360813140869
0.087628126144409
0.099591970443726
0.1056170463562
0.09842586517334
0.093343019485474
0.10512900352478
0.096664905548096
0.097244024276733
0.099993944168091
0.097409963607788
0.098168134689331
0.092278957366943
0.10083794593811
0.094629049301147
0.092328071594238
0.090441226959229
0.10123205184937
0.10097694396973
0.094273090362549
0.10355019569397
0.087910890579224
0.10504412651062
0.097526788711548
0.10289192199707
0.097577810287476
0.094419002532959
0.097095012664795
0.10284399986267
0.091171026229858
0.10196900367737
0.093411207199097
0.094223976135254
0.092883825302124
0.096782922744751
0.10025310516357
0.092581987380981
0.094908952713013
0.092802047729492
0.09542179107666
0.096859931945801
0.097612142562866
0.092913150787354
0.10025691986084
0.092875003814697
0.093490839004517
0.09447193145752
0.096314907073975
0.092933177947998
0.10345792770386
0.094873905181885
0.096190929412842
0.089607954025269
0.09220290184021
0.092389822006226
0.1044909954071
0.10194206237793
0.094387054443359
0.090629100799561
0.10796809196472
0.090291976928711
0.097831010818481
0.089522838592529
0.097033977508545
0.098626136779785
0.10195183753967
0.092693090438843
0.097416162490845
0.095783948898315
0.10160422325134
0.10091805458069
0.094697952270508
0.092069149017334
0.092675924301147
0.095979928970337
0.10109996795654
0.089996099472046
0.090161085128784
0.098887920379639
0.10090899467468
0.10649704933167
0.093848943710327
0.091912031173706
0.10868191719055
0.10206890106201
0.098603963851929
0.098565101623535
0.10400295257568
0.097054958343506
0.097936868667603
0.39756298065186
0.098175048828125
0.098192930221558
0.094373226165771
0.096376895904541
0.092571020126343
0.091540098190308
0.10683298110962
0.09813404083252
0.10115098953247
0.097138166427612
0.090974092483521
0.090533018112183
0.092761993408203
0.090065956115723
0.090267896652222
0.092095136642456
0.097913980484009
0.095618009567261
0.098360061645508
0.10695600509644
0.097181081771851
0.10081696510315
0.092122793197632
0.092329025268555
0.095608949661255
0.10058689117432
0.14455890655518
0.099462032318115
0.099061012268066
0.098793983459473
0.095515012741089
0.096341848373413
0.10486507415771
0.09423303604126
0.087996006011963
0.10495281219482
0.10649418830872
0.090804100036621
0.092180013656616
0.099109888076782
0.091747999191284
0.10537099838257
0.10046696662903
0.096052885055542
0.099943876266479
0.10262608528137
0.098282814025879
0.093047857284546
0.1641800403595
0.092852830886841
0.098640203475952
0.10027098655701
0.091310977935791
0.089740037918091
0.095966100692749
0.10168099403381
0.096575021743774
0.093895196914673
0.093607187271118
0.099983930587769
0.09529185295105
0.092766046524048
0.091468095779419
0.1017849445343
0.10089612007141
0.097694873809814
0.091453790664673
0.095378875732422
0.097630023956299
0.089583873748779
0.09036111831665
0.088176965713501
0.094158887863159
0.093668937683105
0.101322889328
0.12324714660645
0.097724914550781
0.094919919967651
0.092337846755981
0.091863870620728
0.08952808380127
0.10120010375977
0.096486806869507
0.096667051315308
0.095104932785034
0.097787857055664
0.094400882720947
0.095046043395996
0.091498851776123
0.092818975448608
0.099330902099609
0.089383125305176
0.091073989868164
0.095217943191528
0.093854904174805
0.097253084182739
0.10354900360107
0.095593214035034
0.091838121414185
0.11260199546814
0.1021089553833
0.092875003814697
0.097821950912476
0.10222291946411
0.098158121109009
0.090476989746094
0.093303203582764
0.099561929702759
0.10186791419983
0.092142105102539
0.09931492805481
0.095911979675293
0.09401798248291
0.099046945571899
0.098902940750122
0.098617792129517
0.11133718490601
0.096750974655151
0.090858221054077
0.092520952224731
0.10358190536499
0.090054988861084
0.097414970397949
0.10012602806091
0.10460495948792
0.091030120849609
0.09583306312561
0.09613299369812
0.1070921421051
0.089621067047119
0.10576915740967
0.097180128097534
0.0975341796875
0.098499059677124
0.099084138870239
0.094934225082397
0.089854955673218
0.091589212417603
0.096971988677979
0.099793910980225
0.095694065093994
0.090398073196411
0.092189073562622
0.094539165496826
0.099785089492798
0.098703145980835
0.091367959976196
0.094238996505737
0.094085931777954
0.096793174743652
0.11373090744019
0.094667911529541
0.094426870346069
0.093084096908569
0.089032888412476
0.084730863571167
0.095060110092163
0.088928937911987
0.097944974899292
0.098344087600708
0.093631029129028
0.10649394989014
0.092814922332764
0.10092186927795
0.090607881546021
0.095169067382812
0.097718954086304
0.089658975601196
0.10435318946838
0.093035936355591
0.093365907669067
0.090466976165771
0.10302090644836
0.094369888305664
0.095479965209961
0.088155031204224
0.10434913635254
0.095203161239624
0.09032678604126
0.10091018676758
0.094158172607422
0.093871831893921
0.097498178482056
0.096638202667236
0.097661972045898
0.10009980201721
0.094166994094849
0.093142986297607
0.089889049530029
0.09090781211853
0.1012020111084
0.099764108657837
0.092041015625
0.089120149612427
0.087206125259399
0.097347974777222
0.095849990844727
0.093680858612061
0.093343019485474
0.090246915817261
0.094699859619141
0.10192513465881
0.088458061218262
0.094252109527588
0.091815948486328
0.10021495819092
0.11197400093079
0.095021963119507
0.10213780403137
0.093295097351074
0.092055082321167
0.10446405410767
0.090553998947144
0.091255187988281
0.092095136642456
0.10033702850342
0.095863103866577
0.091154813766479
0.10335206985474
0.092617034912109
0.090027093887329
0.092234134674072
0.091797828674316
0.10717582702637
0.099457025527954
0.091034173965454
0.092048168182373
0.10153007507324
0.098690032958984
0.092442989349365
0.093256950378418
0.097532987594604
0.10635614395142
0.09721302986145
0.10317015647888
0.10620808601379
0.097174882888794
0.093463897705078
0.093304872512817
0.092542171478271
0.094234943389893
0.094005107879639
0.11173391342163
0.092495918273926
0.090860843658447
0.094357967376709
0.14383411407471
0.097990989685059
0.089842081069946
0.10587501525879
0.093273878097534
0.097563028335571
0.098567962646484
0.093219041824341
0.096493005752563
0.099058151245117
0.10031008720398
0.096580982208252
0.098371028900146
0.096252918243408
0.093546867370605
0.094860792160034
0.096656799316406
0.095879077911377
0.095691919326782
0.096215009689331
0.10324001312256
0.092767000198364
0.096527099609375
0.092117071151733
0.091174125671387
0.091374158859253
0.098992824554443
0.094878196716309
0.09325098991394
0.09319806098938
0.092813014984131
0.09642219543457
0.091734886169434
0.09326696395874
0.092979907989502
0.092514991760254
0.095808029174805
0.094420909881592
0.097576856613159
0.1060791015625
0.091394901275635
0.093976974487305
0.11399388313293
0.10104489326477
0.096563100814819
0.097605228424072
0.09282398223877
0.10018992424011
0.090785980224609
0.092511177062988
0.096276998519897
0.096847057342529
0.097734928131104
0.093616008758545
0.087538003921509
0.10066699981689
0.10205817222595
0.090349912643433
0.096191167831421
0.093705177307129
0.093533039093018
0.099252939224243
0.099740028381348
0.10625910758972
0.12074685096741
0.13884401321411
0.096497058868408
0.089538097381592
0.11077094078064
0.10072684288025
0.095721960067749
0.090066909790039
0.095988035202026
0.095867156982422
0.094062089920044
0.094805002212524
0.09055495262146
0.096887826919556
0.099225044250488
0.094821929931641
0.095712900161743
0.10488200187683
0.092852115631104
0.0937659740448
0.090824842453003
0.088958978652954
0.099803924560547
0.10767292976379
0.094244956970215
0.12687206268311
0.099039793014526
0.094304084777832
0.095299959182739
0.10434484481812
0.08887505531311
0.097128868103027
0.095109939575195
0.091470956802368
0.095794916152954
0.11360096931458
0.098846197128296
0.10268497467041
0.095185995101929
0.094281911849976
0.10320091247559
0.096728086471558
0.10234594345093
0.098339796066284
0.093293905258179
0.10038781166077
0.096292018890381
0.096765041351318
0.095685958862305
0.097249984741211
0.090095043182373
0.10140895843506
0.097692966461182
0.092170000076294
0.093165159225464
0.10001993179321
0.090817928314209
0.10208797454834
0.097223043441772
0.10025405883789
0.090155124664307
0.099910974502563
0.089240789413452
0.094351053237915
0.09105396270752
0.092184066772461
0.098171949386597
0.092318058013916
0.098361968994141
0.10115385055542
0.094164848327637
0.092046022415161
0.10702395439148
0.094808101654053
0.10484409332275
0.091929912567139
0.09784197807312
0.10209894180298
0.104896068573
0.10661292076111
0.10172700881958
0.098768949508667
0.099968194961548
0.099268913269043
0.098602056503296
0.095863103866577
0.10017704963684
0.097276926040649
0.10064792633057
0.11482810974121
0.09246301651001
0.097209930419922
0.096029043197632
0.096174955368042
0.098571062088013
0.09321403503418
0.10348892211914
0.097702026367188
0.097651958465576
0.09895396232605
0.09937310218811
0.10128211975098
0.092361927032471
0.098622798919678
0.0990309715271
0.096112966537476
0.096067905426025
0.096158981323242
0.1041088104248
0.10112619400024
0.093349933624268
0.087904930114746
0.097409963607788
0.09613299369812
0.090262174606323
0.1008460521698
0.096465110778809
0.097145080566406
0.093191146850586
0.096408128738403
0.097736120223999
0.10155487060547
0.09803295135498
0.094632863998413
0.095591068267822
0.10491299629211
0.098524808883667
0.093425989151001
0.090856075286865
0.10151600837708
0.097693920135498
0.097794055938721
0.09431791305542
0.096751928329468
0.090960025787354
0.097139120101929
0.090379953384399
0.096253871917725
0.095993995666504
0.094446897506714
0.098450899124146
0.090730905532837
0.091953992843628
0.09749698638916
0.10223603248596
0.08958101272583
0.098198890686035
0.10203504562378
0.10331583023071
0.098421096801758
0.10053014755249
0.10879516601562
0.10178995132446
0.10236787796021
0.099987030029297
0.095999002456665
0.094264984130859
0.090947151184082
0.094748020172119
0.14878702163696
0.096341848373413
0.10324311256409
0.12738180160522
0.098368167877197
0.088886022567749
0.093146085739136
0.099720001220703
0.092721939086914
0.098568916320801
0.10171389579773
0.096296072006226
0.092061042785645
0.094058036804199
0.16370701789856
0.092509031295776
0.10785388946533
0.093091011047363
0.097882986068726
0.10262513160706
0.098028898239136
0.10444903373718
0.093823909759521
0.089276075363159
0.098445892333984
0.096167087554932
0.091280937194824
0.095870971679688
0.091742038726807
0.091624975204468
0.093878984451294
0.097433805465698
0.096420049667358
0.095431089401245
0.10083508491516
0.096138000488281
0.099018812179565
0.09166407585144
0.091346979141235
0.10305309295654
0.089590072631836
0.099804162979126
0.096602916717529
0.092986106872559
0.10388922691345
0.095721006393433
0.099595069885254
0.092692852020264
0.095618963241577
0.093941926956177
0.10100698471069
0.092664957046509
0.09450101852417
0.096265077590942
0.094559907913208
0.094869136810303
0.091711044311523
0.10169386863708
0.094938993453979
0.10005497932434
0.097264051437378
0.097265958786011
0.10201811790466
0.10462999343872
0.093086957931519
0.09760594367981
0.10079407691956
0.092562198638916
0.090697050094604
0.10118198394775
0.097272872924805
0.10276412963867
0.10114598274231
0.095613956451416
0.091645956039429
0.09524393081665
0.096051931381226
0.093614101409912
0.092581987380981
0.089596033096313
0.096799850463867
0.094545125961304
0.10344481468201
0.099319934844971
0.098013162612915
0.10065817832947
0.10564613342285
0.09108304977417
0.095454931259155
0.10250401496887
0.089218139648438
0.10078907012939
0.096926927566528
0.093626022338867
0.091127157211304
0.10026502609253
0.093924045562744
0.093554019927979
0.10163497924805
0.10198783874512
0.09160304069519
0.090319156646729
0.096868991851807
0.093562841415405
0.093939065933228
0.094208955764771
0.097095966339111
0.096796035766602
0.093900918960571
0.10060596466064
0.091922044754028
0.09384298324585
0.097253084182739
0.093008995056152
0.095474004745483
0.093086004257202
0.10345792770386
0.091746091842651
0.093564033508301
0.093656063079834
0.095619916915894
0.096653938293457
0.10085606575012
0.099697828292847
0.088815927505493
0.091656923294067
0.092903137207031
0.10479998588562
0.098750114440918
0.092139959335327
0.097498893737793
0.099107980728149
0.092097043991089
0.088317155838013
0.10313582420349
0.10855293273926
0.090183019638062
0.091127157211304
0.096220970153809
0.10460305213928
0.096817970275879
0.094451189041138
0.098714113235474
0.093006134033203
0.10292315483093
0.10196495056152
0.096045970916748
0.093088150024414
0.10962200164795
0.094570159912109
0.094237089157104
0.091414928436279
0.091953992843628
0.094310998916626
0.10422801971436
0.091454029083252
0.09938907623291
0.10829019546509
0.09560489654541
0.093231916427612
0.10215997695923
0.091507911682129
0.094702005386353
0.091197967529297
0.094097852706909
0.094110012054443
0.099295139312744
0.097399950027466
0.091421842575073
0.10539388656616
0.10268092155457
0.11375117301941
0.091856002807617
0.10240411758423
0.090564966201782
0.097337007522583
0.095873832702637
0.097115993499756
0.10585498809814
0.10107517242432
0.097301006317139
0.1007969379425
0.10652494430542
0.10287499427795
0.091689825057983
0.095716953277588
0.10280513763428
0.099494934082031
0.095715045928955
0.096994161605835
0.092044115066528
0.097854852676392
0.096389055252075
0.092147827148438
0.10298895835876
0.09631609916687
0.0991530418396
0.10185098648071
0.092280149459839
0.099560022354126
0.097416877746582
0.096108198165894
0.097216129302979
0.098272085189819
0.095906019210815
0.10225486755371
0.09220814704895
0.091048002243042
0.090095996856689
0.095040082931519
0.10248303413391
0.10547995567322
0.098376035690308
0.098100900650024
0.095210075378418
0.093038082122803
0.093997001647949
0.096698999404907
0.089794158935547
0.092658996582031
0.09986400604248
0.094606876373291
0.097455978393555
0.13589406013489
0.091451168060303
0.098223924636841
0.08712100982666
0.098536968231201
0.10031795501709
0.10252714157104
0.093648195266724
0.098284959793091
0.09223198890686
0.087820053100586
0.089517116546631
0.094396829605103
0.096472978591919
0.09434700012207
0.10547494888306
0.11373805999756
0.099197149276733
0.10756707191467
0.10451483726501
0.091701984405518
0.097343921661377
0.097526073455811
0.092849969863892
0.09356689453125
0.099370002746582
0.098865032196045
0.10125994682312
0.089977025985718
0.096152067184448
0.092781066894531
0.10100507736206
0.098794937133789
0.10354089736938
0.098362922668457
0.10012316703796
0.093759059906006
0.10057497024536
0.099549055099487
0.094958782196045
0.096703052520752
0.095250844955444
0.094342231750488
0.097678899765015
0.089684009552002
0.093008995056152
0.098374843597412
0.096723079681396
0.10686802864075
0.096756935119629
0.088669061660767
0.093961954116821
0.10273694992065
0.094805002212524
0.10472798347473
0.094753980636597
0.092144012451172
0.096328973770142
0.093658924102783
0.11620616912842
0.096773862838745
0.090801954269409
0.10361099243164
0.098970174789429
0.10778188705444
0.10646486282349
0.099719047546387
0.098669052124023
0.091460943222046
0.097267150878906
0.091737031936646
0.092545032501221
0.093430995941162
0.09155797958374
0.097182989120483
0.096280097961426
0.09712290763855
0.096833944320679
0.092600107192993
0.092917919158936
0.098778009414673
0.10407900810242
0.095892906188965
0.13820600509644
0.098529815673828
0.096842050552368
0.09829306602478
0.10090112686157
0.0987868309021
0.090446949005127
0.09843897819519
0.10470414161682
0.10139894485474
0.10396695137024
0.098737001419067
0.096829891204834
0.10077691078186
0.09197211265564
0.095088005065918
0.092417001724243
0.099366903305054
0.097768068313599
0.11110305786133
0.098220825195312
0.11247706413269
0.10435390472412
0.096131086349487
0.1028790473938
0.09355092048645
0.093194007873535
0.10562515258789
0.089718103408813
0.095372915267944
0.097184896469116
0.095166921615601
0.088681936264038
0.10266280174255
0.10523390769958
0.12250804901123
0.10015511512756
0.099143981933594
0.10200595855713
0.094483852386475
0.093415975570679
0.092522859573364
0.10297703742981
0.10187315940857
0.095986127853394
0.092998027801514
0.09937596321106
0.092589855194092
0.089807987213135
0.091711044311523
0.10424494743347
0.11458683013916
0.08894681930542
0.1188440322876
0.092571973800659
0.092137098312378
0.097769975662231
0.10566091537476
0.093337059020996
0.099761962890625
0.10889005661011
0.097447156906128
0.094037055969238
0.10595393180847
0.10113406181335
0.10017395019531
0.10001492500305
0.10184407234192
0.097928047180176
0.098633050918579
0.097836017608643
0.10318303108215
0.097970962524414
0.095361948013306
0.09586501121521
0.10528683662415
0.092852115631104
0.090924024581909
0.097567081451416
0.094329118728638
0.093472003936768
0.10168409347534
0.098342895507812
0.092911005020142
0.10004782676697
0.090757846832275
0.10342788696289
0.10165405273438
0.11867308616638
0.10047698020935
0.091922044754028
0.095690011978149
0.09627103805542
0.098749876022339
0.099909067153931
0.094383001327515
0.11048579216003
0.099346876144409
0.093805074691772
0.09666109085083
0.094966888427734
0.091620922088623
0.09138011932373
0.09611701965332
0.093009948730469
0.093419075012207
0.092375040054321
0.093680143356323
0.10266089439392
0.089725971221924
0.096018075942993
0.091805934906006
0.098752021789551
0.091207027435303
0.098656177520752
0.092322111129761
0.095401048660278
0.092895030975342
0.097266912460327
0.094827890396118
0.092922925949097
0.093448162078857
0.093952894210815
0.098371028900146
0.39512896537781
0.094225883483887
0.089899063110352
0.093395948410034
0.10120296478271
0.1014130115509
0.097537040710449
0.10692381858826
0.10270118713379
0.091684103012085
0.096959114074707
0.088988780975342
0.097326993942261
0.093343019485474
0.096192121505737
0.092077016830444
0.1011700630188
0.096703052520752
0.097062110900879
0.093093872070312
0.090179920196533
0.091976881027222
0.093596935272217
0.10187792778015
0.096302032470703
0.10333800315857
0.10302591323853
0.091291904449463
0.099376916885376
0.090787887573242
0.090692043304443
0.092518091201782
0.09496808052063
0.15244007110596
0.10606503486633
0.096195936203003
0.099113941192627
0.096861124038696
0.096886873245239
0.097244024276733
0.096765995025635
0.10923600196838
0.093670845031738
0.10753798484802
0.10084009170532
0.099068880081177
0.091464996337891
0.1068389415741
0.10517001152039
0.11326789855957
0.10798287391663
0.10067796707153
0.10063600540161
0.09244704246521
0.099453926086426
0.1016149520874
0.098626136779785
0.10082411766052
0.092116117477417
0.10231494903564
0.097898960113525
0.0971360206604
0.092361927032471
0.096017837524414
0.094193935394287
0.093299150466919
0.10524892807007
0.10022807121277
0.095575094223022
0.089278936386108
0.091372966766357
0.094882011413574
0.10066699981689
0.10481905937195
0.10927104949951
0.098586082458496
0.094212055206299
0.097846031188965
0.094072103500366
0.096098899841309
0.097707033157349
0.10504794120789
0.094465970993042
0.099246978759766
0.094992160797119
0.097588062286377
0.092381954193115
0.10050702095032
0.094710111618042
0.10754299163818
0.094200849533081
0.094772100448608
0.1011860370636
0.10148000717163
0.096398830413818
0.09424901008606
0.10458207130432
0.094315052032471
0.09973406791687
0.094898223876953
0.096356868743896
0.091294050216675
0.10149002075195
0.091861963272095
0.089190006256104
0.092138051986694
0.10825300216675
0.10555696487427
0.091231107711792
0.089769840240479
0.095402002334595
0.094259977340698
0.09782600402832
0.095807075500488
0.091822862625122
0.091670989990234
0.096395969390869
0.098833084106445
0.10305309295654
0.10171389579773
0.097493171691895
0.08999490737915
0.10023283958435
0.10226893424988
0.093111038208008
0.091457843780518
0.092910051345825
0.097326040267944
0.10048985481262
0.09065318107605
0.09688401222229
0.094818115234375
0.084622144699097
0.10954999923706
0.089198112487793
0.10622811317444
0.10358691215515
0.0933837890625
0.09649395942688
0.091575145721436
0.089271068572998
0.10581588745117
0.095057010650635
0.093122959136963
0.09955906867981
0.096235036849976
0.094976902008057
0.088973045349121
0.10406589508057
0.093337059020996
0.097846031188965
0.096877813339233
0.10117506980896
0.10504508018494
0.094184875488281
0.096143960952759
0.098119974136353
0.090543031692505
0.093062877655029
0.09507417678833
0.10166001319885
0.094588041305542
0.094119071960449
0.09973406791687
0.091387033462524
0.094008207321167
0.10865998268127
0.096149921417236
0.097134113311768
0.099523067474365
0.097126960754395
0.092197179794312
0.099045991897583
0.099412202835083
0.095741987228394
0.092884063720703
0.099066019058228
0.097900867462158
0.092588186264038
0.10117506980896
0.096765995025635
0.096575975418091
0.10575199127197
0.10450387001038
0.10277199745178
0.09368896484375
0.10604286193848
0.089795827865601
0.093696117401123
0.10238885879517
0.089667081832886
0.08893609046936
0.10306596755981
0.09278392791748
0.096475124359131
0.094198942184448
0.096000909805298
0.098603010177612
0.092303991317749
0.093210935592651
0.098068952560425
0.10405588150024
0.099257946014404
0.094099998474121
0.10207200050354
0.09781813621521
0.093502998352051
0.095393180847168
0.11538887023926
0.090083122253418
0.094427824020386
0.092507123947144
0.09280800819397
0.090462923049927
0.096714019775391
0.09297513961792
0.099051952362061
0.10006499290466
0.10615611076355
0.15445399284363
0.092672109603882
0.10497212409973
0.099580049514771
0.094539880752563
0.096756935119629
0.099634885787964
0.10440802574158
0.098714828491211
0.09657883644104
0.094897985458374
0.10927891731262
0.095977067947388
0.094518899917603
0.096558094024658
0.097887992858887
0.09101390838623
0.091952085494995
0.091048002243042
0.094630002975464
0.096956968307495
0.087278842926025
0.088949918746948
0.10027980804443
0.094969987869263
0.092846870422363
0.089733123779297
0.093944072723389
0.092897891998291
0.087038040161133
0.098995923995972
0.093207836151123
0.1080801486969
0.091631889343262
0.10016512870789
0.091001033782959
0.093255043029785
0.095245838165283
0.09614896774292
0.096190929412842
0.10583305358887
0.093556880950928
0.10076212882996
0.091831207275391
0.091917037963867
0.088903903961182
0.092226028442383
0.089853048324585
0.094886064529419
0.097445011138916
0.099673986434937
0.090112924575806
0.096276044845581
0.08759593963623
0.094342947006226
0.088860988616943
0.091506004333496
0.089609146118164
0.090369939804077
0.10085296630859
0.096611976623535
0.09785795211792
0.10068106651306
0.094931840896606
0.10156798362732
0.098863124847412
0.092800140380859
0.09926700592041
0.091150999069214
0.093949794769287
0.10626101493835
0.098392009735107
0.097677946090698
0.10121703147888
0.10662198066711
0.095195055007935
0.099303960800171
0.097299814224243
0.092517852783203
0.092611074447632
0.095316171646118
0.096359014511108
0.093437910079956
0.097994089126587
0.096988201141357
0.09338903427124
0.08922004699707
0.091280937194824
0.093296051025391
0.092106103897095
0.087460994720459
0.10056805610657
0.10703492164612
0.090181112289429
0.09157395362854
0.092755079269409
0.092820167541504
0.087328910827637
0.0902259349823
0.12071013450623
0.099575042724609
0.094232082366943
0.095643043518066
0.094413995742798
0.089444875717163
0.097381830215454
0.10485291481018
0.097997903823853
0.10126209259033
0.097079038619995
0.094385147094727
0.10197114944458
0.094202041625977
0.11169910430908
0.094168901443481
0.10013699531555
0.097491979598999
0.091650009155273
0.094495058059692
0.10125803947449
0.093658208847046
0.093208789825439
0.096039056777954
0.094010829925537
0.094740867614746
0.10415387153625
0.10349011421204
0.10382080078125
0.09723687171936
0.089226007461548
0.089501857757568
0.10363602638245
0.099692106246948
0.098375082015991
0.098973035812378
0.097235918045044
0.10117411613464
0.10059499740601
0.09226393699646
0.099282026290894
0.097388029098511
0.09278392791748
0.091718912124634
0.093772888183594
0.10147285461426
0.097207069396973
0.098423957824707
0.1171600818634
0.09150505065918
0.097558975219727
0.093929052352905
0.095136880874634
0.093852996826172
0.093389987945557
0.10380601882935
0.093631029129028
0.11634802818298
0.091233968734741
0.098083972930908
0.097935914993286
0.090956926345825
0.09978199005127
0.10109090805054
0.090059995651245
0.1083869934082
0.096530199050903
0.093335151672363
0.094722032546997
0.099169969558716
0.10007500648499
0.10178184509277
0.087689876556396
0.095100164413452
0.093591928482056
0.096744060516357
0.093072891235352
0.096947908401489
0.094916105270386
0.10292196273804
0.10592603683472
0.098812103271484
0.095296859741211
0.099283933639526
0.093906164169312
0.11778402328491
3.8505191802979
0.095196008682251
0.095700025558472
0.10236501693726
0.090445995330811
0.11160898208618
0.091896057128906
0.092262029647827
0.10235786437988
0.097955942153931
0.090996026992798
0.097375154495239
0.10063409805298
0.095530033111572
0.099990129470825
0.10536193847656
0.1029679775238
0.10600018501282
0.095778942108154
0.094589948654175
0.091385841369629
0.15834188461304
0.095951080322266
0.092617034912109
0.090768814086914
0.0986168384552
0.097426891326904
0.099556922912598
0.099361896514893
0.092517852783203
0.089162111282349
0.092072010040283
0.090472936630249
0.09956693649292
0.097594022750854
0.10019993782043
0.095635175704956
0.096068859100342
0.097279071807861
0.090497970581055
0.094295978546143
0.10145688056946
0.099590063095093
0.091799020767212
0.10045695304871
0.093235969543457
0.092716932296753
0.10267186164856
0.095255851745605
0.097711086273193
0.094028949737549
0.090387105941772
0.090453147888184
0.1002881526947
0.10939407348633
0.099586963653564
0.094458103179932
0.097949981689453
0.092039823532104
0.093342065811157
0.10679697990417
0.095811128616333
0.090394020080566
0.096956968307495
0.097404003143311
0.096381902694702
0.10111498832703
0.091180086135864
0.10021305084229
0.094374895095825
0.094719886779785
0.093323230743408
0.095284938812256
0.08814811706543
0.095009803771973
0.091166973114014
0.098998069763184
0.096792936325073
0.091616153717041
0.094351053237915
0.099104881286621
0.092127084732056
0.094463109970093
0.10639309883118
0.0904860496521
0.092159986495972
0.095114946365356
0.10571599006653
0.092501878738403
0.093358993530273
0.096790075302124
0.10287404060364
0.10684108734131
0.11058807373047
0.10022282600403
0.096163034439087
0.11252498626709
0.096624851226807
0.10041689872742
0.089152097702026
0.095338821411133
0.10179805755615
0.096152067184448
0.094626903533936
0.089543104171753
0.097368955612183
0.11119508743286
0.089086055755615
0.090968132019043
0.099465131759644
0.093006134033203
0.093721866607666
0.093274831771851
0.092902898788452
0.099054098129272
0.095875024795532
0.094588994979858
0.11475014686584
0.10331201553345
0.098701000213623
0.098299980163574
0.33136200904846
0.10681796073914
0.087715864181519
0.09290599822998
0.095400094985962
0.093964099884033
0.093127012252808
0.094563961029053
0.10399293899536
0.090705156326294
0.097171068191528
0.098307847976685
0.091787099838257
0.090605974197388
0.10228705406189
0.093132972717285
0.094450950622559
0.09396505355835
0.10110092163086
0.10315799713135
0.11926198005676
0.090953826904297
0.088810920715332
0.099503993988037
0.099354028701782
0.10027503967285
0.10479211807251
0.091572999954224
0.095290184020996
0.09912896156311
0.10361385345459
0.091797113418579
0.10101413726807
0.090980052947998
0.098458051681519
0.092952966690063
0.095344066619873
0.097554922103882
0.093545198440552
0.092113971710205
0.091509819030762
0.089930772781372
0.091348171234131
0.099018812179565
0.095101118087769
0.094108104705811
0.096101999282837
0.099180936813354
0.091896057128906
0.11078286170959
0.091855049133301
0.11163687705994
0.089034080505371
0.14865207672119
0.097298145294189
0.10018086433411
0.093980073928833
0.094310998916626
0.093544006347656
0.10027384757996
0.098594903945923
0.095693111419678
0.093303918838501
0.09567403793335
0.091504812240601
0.090919971466064
0.091820001602173
0.10283303260803
0.095384836196899
0.098105907440186
0.091618061065674
0.098237991333008
0.097755908966064
0.094043016433716
0.08832311630249
0.095729827880859
0.097028970718384
0.10285305976868
0.099761009216309
0.096296787261963
0.11067700386047
0.089900970458984
0.09411883354187
0.10505509376526
0.096426010131836
0.098640918731689
0.093909978866577
0.09577488899231
0.08781099319458
0.095685005187988
0.10069704055786
0.094417095184326
0.094756126403809
0.099692106246948
0.087693929672241
0.097520112991333
0.098272085189819
0.11938190460205
0.099117040634155
0.089586973190308
0.096976041793823
0.098104000091553
0.089539051055908
0.092713117599487
0.09166693687439
0.091531991958618
0.10410094261169
0.095192909240723
0.089865922927856
0.10530495643616
0.091076850891113
0.099877119064331
0.090162992477417
0.088000059127808
0.095713138580322
0.096709012985229
0.099493026733398
0.10012197494507
0.093301057815552
0.1003258228302
0.096105098724365
0.095921993255615
0.096935987472534
0.094069957733154
0.096926927566528
0.10277009010315
0.10406708717346
0.10030317306519
0.092751979827881
0.090258121490479
0.097778081893921
0.099739074707031
0.095847129821777
0.092390775680542
0.097851991653442
0.096842050552368
0.1037290096283
0.10075306892395
0.094015121459961
0.092232227325439
0.1396701335907
0.094597101211548
0.094529867172241
0.11015295982361
0.09651780128479
0.09072208404541
0.092826843261719
0.098680019378662
0.1020770072937
0.12146210670471
0.095863103866577
0.10021877288818
0.096189022064209
0.088557958602905
0.096490144729614
0.096215963363647
0.10126709938049
0.096606969833374
0.088198900222778
0.10696911811829
0.098665952682495
0.10720896720886
0.095210075378418
0.096148014068604
0.0933997631073
0.097768068313599
0.095592021942139
0.094878911972046
0.09832501411438
0.097931146621704
0.095168113708496
0.099155902862549
0.092489957809448
0.094480991363525
0.09682297706604
0.094455003738403
0.09542989730835
0.097886800765991
0.094451904296875
0.093353986740112
0.091897964477539
0.11433601379395
0.098740100860596
0.10062599182129
0.096498012542725
0.098479986190796
0.095587015151978
0.095767974853516
0.10112905502319
0.099275827407837
0.099236965179443
0.087069988250732
0.098565101623535
0.096232891082764
0.094717979431152
0.097735166549683
0.10300803184509
0.091737985610962
0.092319965362549
0.10025882720947
0.095555067062378
0.099761009216309
0.089556932449341
0.095562934875488
0.10783696174622
0.089750051498413
0.092081785202026
0.094745874404907
0.097849130630493
0.092334032058716
0.1078999042511
0.098223924636841
0.08905291557312
0.099515914916992
0.090048789978027
0.090533971786499
0.093968152999878
0.094393014907837
0.095551013946533
0.2220938205719
0.10188293457031
0.090644121170044
0.099663019180298
0.09775710105896
0.093318939208984
0.093650817871094
0.10159397125244
0.091507196426392
0.096259832382202
0.096545934677124
0.10282111167908
0.10069394111633
0.094503879547119
0.087647914886475
0.093849897384644
0.092728853225708
0.10052895545959
0.090006113052368
0.091962099075317
0.092694997787476
0.098094940185547
0.10011696815491
0.095155954360962
0.095187187194824
0.10625696182251
0.09515905380249
0.096482992172241
0.095278024673462
0.10495901107788
0.098878860473633
0.093208074569702
0.10524296760559
0.095505952835083
0.091434001922607
0.092246055603027
0.091517925262451
0.094416856765747
0.097918033599854
0.092755079269409
0.091568946838379
0.10179400444031
0.093647956848145
0.095234155654907
0.096250057220459
0.10034990310669
0.096894025802612
0.099267959594727
0.09030294418335
0.10067796707153
0.094564914703369
0.093360185623169
0.094713926315308
0.10497093200684
0.092270135879517
0.10092401504517
0.098684787750244
0.10047578811646
0.098492860794067
0.098605871200562
0.094828128814697
0.10319089889526
0.095373868942261
0.087092876434326
0.2096209526062
0.091239929199219
0.090553045272827
0.089072942733765
0.10188484191895
0.094544887542725
0.094532012939453
0.10131406784058
0.090898990631104
0.11455512046814
0.094419956207275
0.090759992599487
0.1020610332489
0.093278169631958
0.092587947845459
0.093492031097412
0.099118947982788
0.095430850982666
0.091912031173706
0.10026907920837
0.095589160919189
0.093909978866577
0.090047121047974
0.10050988197327
0.099676847457886
0.11322093009949
0.091926097869873
0.099494934082031
0.096868991851807
0.10285305976868
0.098320007324219
0.096906900405884
0.094748973846436
0.10898900032043
0.099035024642944
0.10315108299255
0.093256950378418
0.095947980880737
0.094483137130737
0.092494964599609
0.097501993179321
0.093546152114868
0.097695112228394
0.21088099479675
0.10126209259033
0.096398115158081
0.095169067382812
0.1006760597229
0.10132694244385
0.09833812713623
0.10305714607239
0.092025995254517
0.09166407585144
0.097034931182861
0.096105098724365
0.097905874252319
0.094499111175537
0.092978000640869
0.094449043273926
0.097223997116089
0.099969863891602
0.10106801986694
0.091837167739868
0.11075091362
0.10063910484314
0.089010000228882
0.10950899124146
0.090643167495728
0.11111497879028
0.093034029006958
0.10122513771057
0.090984106063843
0.092344999313354
0.097579956054688
0.098985910415649
0.10527420043945
0.096768140792847
0.096497058868408
0.095599889755249
0.093364000320435
0.093271017074585
0.097259998321533
0.095141172409058
0.092074871063232
0.091806173324585
0.11218905448914
0.096532106399536
0.095633983612061
0.093866109848022
0.098977088928223
0.09348201751709
0.088335990905762
0.093847036361694
0.094069004058838
0.098088979721069
0.095314025878906
0.095524072647095
0.090383052825928
0.10308599472046
0.096926927566528
0.097963809967041
0.09925103187561
0.088354110717773
0.090078115463257
0.096203088760376
0.10298800468445
0.090636014938354
0.10171103477478
0.097092151641846
0.093590974807739
0.092478036880493
0.097760915756226
0.1047248840332
0.090893983840942
0.09403395652771
0.10604405403137
0.09818696975708
0.098783016204834
0.10584712028503
0.090417861938477
0.092533826828003
0.093336820602417
0.097270011901855
0.088973999023438
0.11047005653381
0.096035957336426
0.098727941513062
0.090142965316772
0.096201181411743
0.10334992408752
0.095923185348511
0.090943098068237
0.095983028411865
0.09174108505249
0.10177302360535
0.091778993606567
0.096220970153809
0.094821214675903
0.096162796020508
0.10809898376465
0.092642068862915
0.098264932632446
0.095997095108032
0.097867012023926
0.092602014541626
0.08983302116394
0.091764211654663
0.094785213470459
0.095640897750854
0.095315933227539
0.094383001327515
0.098323106765747
0.097218990325928
0.097658157348633
0.098733901977539
0.091285943984985
0.093442916870117
0.096982955932617
0.096496105194092
0.090041875839233
0.092921018600464
0.096139907836914
0.096770048141479
0.093263864517212
0.1036069393158
0.10397887229919
0.10837912559509
0.091156959533691
0.099797964096069
0.092422008514404
0.098294973373413
0.096216917037964
0.097316980361938
0.08875298500061
0.0941321849823
0.098036766052246
0.091028213500977
0.091431856155396
0.096121788024902
0.10154008865356
0.094135046005249
0.098309993743896
0.10076999664307
0.10064697265625
0.10173487663269
0.093806982040405
0.10406994819641
0.11595797538757
0.10403394699097
0.10606002807617
0.10138201713562
0.10168790817261
0.099946022033691
0.090851068496704
0.097460031509399
0.093940019607544
0.10112404823303
0.088317155838013
0.10822606086731
0.10116291046143
0.10459280014038
0.094821929931641
0.093722820281982
0.10286402702332
0.094197988510132
0.10158610343933
0.095534086227417
0.10418295860291
0.08967399597168
0.10540103912354
0.093837022781372
0.093815803527832
0.10690593719482
0.098912000656128
0.10017514228821
0.093558788299561
0.10091018676758
0.097173929214478
0.10430312156677
0.1000440120697
0.092561006546021
0.10156106948853
0.10304403305054
0.10400605201721
0.092705965042114
0.099688053131104
0.088104009628296
0.098817110061646
0.09581995010376
0.092656135559082
0.093037128448486
0.10601902008057
0.096204042434692
0.095115900039673
0.098480939865112
0.12511205673218
0.095909833908081
0.095688104629517
0.10555195808411
0.10373616218567
0.10038018226624
0.092436075210571
0.091428995132446
0.09747576713562
0.108482837677
0.097127914428711
0.10855889320374
0.096792936325073
0.092650890350342
0.097140073776245
0.09817099571228
0.093101978302002
0.097357988357544
0.093888998031616
0.10409903526306
0.093090057373047
0.10605788230896
0.091270923614502
0.10254406929016
0.0990309715271
0.090526819229126
0.093018054962158
0.10603189468384
0.091251134872437
0.096171140670776
0.09748101234436
0.093785047531128
0.09142804145813
0.097918033599854
0.098531007766724
0.10039496421814
0.092394113540649
0.10602211952209
0.099546909332275
0.092396020889282
0.10190510749817
0.095356941223145
0.092236995697021
0.091704845428467
0.09975790977478
0.099534034729004
0.088415145874023
0.093048095703125
0.097808122634888
0.097593069076538
0.092286109924316
0.090742826461792
0.090187072753906
0.098360061645508
0.09714412689209
0.098644971847534
0.098207950592041
0.10460710525513
0.095452070236206
0.092123985290527
0.09328818321228
0.094200134277344
0.092259883880615
0.091468095779419
0.090265989303589
0.097909927368164
0.09460186958313
0.096168994903564
0.11065793037415
0.10124707221985
0.14202308654785
0.10456705093384
0.10309505462646
0.09630012512207
0.095067977905273
0.09663200378418
0.088912963867188
0.094779968261719
0.098201990127563
0.10278701782227
0.098625898361206
0.095985889434814
0.095484972000122
0.097321033477783
0.094006061553955
0.09579610824585
0.10624098777771
0.099506855010986
0.099848031997681
0.096448183059692
0.10039186477661
0.10968708992004
0.10875391960144
0.094868183135986
0.10483694076538
0.097815036773682
0.094345092773438
0.1001181602478
0.089759111404419
0.106449842453
0.099396944046021
0.096475124359131
0.088490009307861
0.095324993133545
0.097634077072144
0.089889049530029
0.093788862228394
0.096717119216919
0.0921790599823
0.092519998550415
0.090345144271851
0.10096096992493
0.092862844467163
0.096114873886108
0.096097946166992
0.09644603729248
0.097966909408569
0.093226909637451
0.092921018600464
0.094548940658569
0.092625141143799
0.096027851104736
0.092333078384399
0.10373520851135
0.22431182861328
0.096013069152832
0.10426807403564
0.10051321983337
0.10145807266235
0.099660873413086
0.10093903541565
0.10124897956848
0.11105704307556
0.1003692150116
0.0923011302948
0.09629487991333
0.096453189849854
0.096428871154785
0.09122896194458
0.094426155090332
0.10304188728333
0.099283933639526
0.099009990692139
0.094131946563721
0.097578048706055
0.099210023880005
0.10087990760803
0.10137510299683
0.10110712051392
0.09620213508606
0.088464975357056
0.098405838012695
0.09757399559021
0.089230060577393
0.093058109283447
0.10016798973083
0.096935987472534
0.094996929168701
0.090380907058716
0.099961996078491
0.089204788208008
0.092340230941772
0.10429501533508
0.095395088195801
0.095874071121216
0.090195894241333
0.090837955474854
0.090797901153564
0.089817047119141
0.09129786491394
0.14988088607788
0.10263705253601
0.093681812286377
0.10585308074951
0.09144401550293
0.16364407539368
0.093472003936768
0.095650911331177
0.11172986030579
0.095925092697144
0.099022150039673
0.096261978149414
0.092538118362427
0.10123300552368
0.092635869979858
0.095191955566406
0.10365390777588
0.10361695289612
0.093590974807739
0.0954430103302
0.094346046447754
0.10012602806091
0.10390305519104
0.092318058013916
0.096152067184448
0.10283899307251
0.093924045562744
0.09431004524231
0.1069450378418
0.094205856323242
0.092880964279175
0.39603900909424
0.093881130218506
0.10258293151855
0.097332000732422
0.09621787071228
0.092781066894531
0.095733165740967
0.10104990005493
0.093498945236206
0.10124206542969
0.095777034759521
0.096608877182007
0.097066164016724
0.094715118408203
0.097720861434937
0.21935510635376
0.10974812507629
0.093245029449463
0.091660976409912
0.096786022186279
0.096803903579712
0.10090517997742
0.099077939987183
0.096996068954468
0.0935959815979
0.09232497215271
0.093102931976318
0.1025128364563
0.10121297836304
0.094357967376709
0.098875999450684
0.09676194190979
0.10227918624878
0.099581956863403
0.10136604309082
0.096698999404907
0.092638969421387
0.096887111663818
0.11088085174561
0.10652995109558
0.095623970031738
0.10570907592773
0.09532904624939
0.099713802337646
0.097311973571777
0.096800088882446
0.10102605819702
0.10251593589783
0.10141110420227
0.099057912826538
0.094389200210571
0.10648798942566
0.097726106643677
0.10706996917725
0.09502100944519
0.15181183815002
0.10751986503601
0.093688011169434
0.095500946044922
0.097554922103882
0.089497089385986
0.095967054367065
0.09329891204834
0.090420007705688
0.099313974380493
0.099470138549805
0.097853183746338
0.10617709159851
0.096565961837769
0.088346004486084
0.093455076217651
0.099984169006348
0.10089087486267
0.097284078598022
0.10273098945618
0.089723110198975
0.097231149673462
0.10106897354126
0.093464136123657
0.10105395317078
0.09683084487915
0.094558000564575
0.10024785995483
0.092218160629272
0.094151020050049
0.097342014312744
0.094616889953613
0.09430193901062
0.092540979385376
0.094550132751465
0.091081142425537
0.098129034042358
0.094666004180908
0.092541933059692
0.10715579986572
0.10163903236389
0.093915224075317
0.097718000411987
0.0974280834198
0.097599983215332
0.093816995620728
0.095066070556641
0.094033002853394
0.094155073165894
0.11057710647583
0.094985961914062
0.10529398918152
0.0923011302948
0.095748901367188
0.094142913818359
0.10097599029541
0.099691152572632
0.10222792625427
0.090544939041138
0.10205602645874
0.095813035964966
0.095634937286377
0.089072942733765
0.098846197128296
0.090135097503662
0.091297149658203
0.090050935745239
0.089961051940918
0.09685492515564
0.097469806671143
0.10406398773193
0.10029888153076
0.095932006835938
0.087734937667847
0.099330902099609
0.099791049957275
0.098131895065308
0.092089891433716
0.09149694442749
0.09235405921936
0.093609094619751
0.094213008880615
0.099494934082031
0.090955018997192
0.095525979995728
0.091352939605713
0.090913057327271
0.099284172058105
0.093531847000122
0.10038590431213
0.096933841705322
0.096788883209229
0.09251594543457
0.099209070205688
0.096318960189819
0.098301887512207
0.089268207550049
0.098103046417236
0.090124845504761
0.098072052001953
0.098029851913452
0.09640908241272
0.095511913299561
0.099309921264648
0.09863805770874
0.1078929901123
0.10578894615173
0.096415042877197
0.098009824752808
0.090430974960327
0.092713832855225
0.091338872909546
0.10464310646057
0.095715045928955
0.099883794784546
0.092196941375732
0.094507932662964
0.10396599769592
0.096162080764771
0.098260879516602
0.096864938735962
0.10397100448608
0.10390281677246
0.089266061782837
0.093816995620728
0.12282705307007
0.092813968658447
0.095087051391602
0.090762138366699
0.09653902053833
0.093645095825195
0.092970848083496
0.09567403793335
0.089945077896118
0.094811916351318
0.093843221664429
0.095466136932373
0.10774493217468
0.097192049026489
0.099823951721191
0.09381103515625
0.099496126174927
0.097027063369751
0.10758495330811
0.092650890350342
0.100261926651
0.10385394096375
0.087460041046143
0.10868287086487
0.099062919616699
0.099040031433105
0.097609996795654
0.10144805908203
0.096898794174194
0.10052800178528
0.1060688495636
0.10146903991699
0.091877937316895
0.089685916900635
0.09785795211792
0.097125053405762
0.096254110336304
0.096926927566528
0.096619129180908
0.09827709197998
0.096778154373169
0.1020679473877
0.093973159790039
0.091728210449219
0.098260164260864
0.10591506958008
0.099549055099487
0.10262799263
0.096727132797241
0.093456983566284
0.10810899734497
0.098660945892334
0.0903480052948
0.088113784790039
0.10158491134644
0.095074892044067
0.09823203086853
0.098392009735107
0.090261936187744
0.098397016525269
0.099937915802002
0.096758127212524
0.09789514541626
0.1074390411377
0.10672903060913
0.095892906188965
0.095816135406494
0.10216212272644
0.098042011260986
0.09821891784668
0.099130153656006
0.10122799873352
0.093899965286255
0.09300708770752
0.099961996078491
0.10016798973083
0.10048890113831
0.094880104064941
0.096943855285645
0.10428094863892
0.10095620155334
0.095638036727905
0.09869909286499
0.090991973876953
0.09108304977417
0.093734979629517
0.097939968109131
0.094161987304688
0.09307599067688
0.10426092147827
0.096549987792969
0.093677043914795
0.098206043243408
0.10024404525757
0.094143867492676
0.095345020294189
0.095120906829834
0.092477083206177
0.091832876205444
0.094910860061646
0.092287063598633
0.093203783035278
0.10700106620789
0.093557119369507
0.10315608978271
0.091571092605591
0.094990968704224
0.10071706771851
0.093647003173828
0.090366840362549
0.094706058502197
0.39514899253845
0.10318493843079
0.09618091583252
0.090384006500244
0.09599494934082
0.091409921646118
0.10133600234985
0.10945606231689
0.096159934997559
0.098318099975586
0.097682952880859
0.094630002975464
0.092529058456421
0.10218286514282
0.09605884552002
0.095293045043945
0.092777967453003
0.10034489631653
0.090903043746948
0.10157608985901
0.099786043167114
0.10367703437805
0.1028299331665
0.098193168640137
0.093078136444092
0.1031641960144
0.0989830493927
0.10271596908569
0.094534873962402
0.098567962646484
0.090952157974243
0.10044002532959
0.10012888908386
0.092730045318604
0.10826683044434
0.093708992004395
0.095166921615601
0.093269109725952
0.094690084457397
0.095473051071167
0.095736026763916
0.095438957214355
0.097402811050415
0.10189604759216
0.097081899642944
0.10079503059387
0.12514400482178
0.10203790664673
0.095988988876343
0.10445594787598
0.099103927612305
0.091455936431885
0.096525192260742
0.096093893051147
0.09633994102478
0.10446906089783
0.094413995742798
0.094263076782227
0.10156607627869
0.11012005805969
0.089538097381592
0.11052894592285
0.091614961624146
0.11189317703247
0.099478960037231
0.091778993606567
0.10006594657898
0.098350048065186
0.09172511100769
0.0973219871521
0.10355305671692
0.09630012512207
0.089060068130493
0.088905811309814
0.099602937698364
0.093676090240479
0.10463309288025
0.092609167098999
0.09275484085083
0.099231004714966
0.093195199966431
0.10308599472046
0.098695993423462
0.10096907615662
0.094070196151733
0.094598054885864
0.094645023345947
0.093122005462646
0.099599838256836
0.093519926071167
0.092052221298218
0.10035705566406
0.097985982894897
0.097499132156372
0.089616060256958
0.099909067153931
0.098314046859741
0.10259294509888
0.091753005981445
0.089764833450317
0.098865032196045
0.10088801383972
0.098687171936035
0.09263014793396
0.095968961715698
0.092320919036865
0.08940601348877
0.098164081573486
0.10088109970093
0.098370790481567
0.1043701171875
0.093708992004395
0.093130111694336
0.091376066207886
0.093364000320435
0.093177080154419
0.098762989044189
0.094177007675171
0.10383820533752
0.10462212562561
0.096903085708618
0.096251010894775
0.094788074493408
0.097656011581421
0.10566806793213
0.10346794128418
0.098691940307617
0.095906972885132
0.093163013458252
0.092374801635742
0.091909885406494
0.098777055740356
0.096236944198608
0.093858957290649
0.097845077514648
0.12018609046936
0.11024212837219
0.099358081817627
0.097514867782593
0.094502925872803
0.098967790603638
0.10234713554382
0.08992600440979
0.10054397583008
0.090831995010376
0.094899892807007
0.089897871017456
0.092353105545044
0.087915897369385
0.10064601898193
0.10319399833679
0.093778848648071
0.094762086868286
0.088696956634521
0.095919132232666
0.095042943954468
0.09605598449707
0.093165874481201
0.091513872146606
0.091094017028809
0.091463088989258
0.10114693641663
0.096808910369873
0.09879994392395
0.095889091491699
0.097754001617432
0.092347145080566
0.094167947769165
0.1018328666687
0.10013794898987
0.089969873428345
0.093297958374023
0.094835042953491
0.10194492340088
0.096702098846436
0.09762978553772
0.095713138580322
0.09321403503418
0.08912992477417
0.093955993652344
0.094856977462769
0.10748791694641
0.10560512542725
0.097884893417358
0.10515904426575
0.092288970947266
0.089448928833008
0.091415882110596
0.10012602806091
0.094822883605957
0.10946416854858
0.14083814620972
0.095567941665649
0.098027944564819
0.097743988037109
0.089293956756592
0.091165065765381
0.095955848693848
0.10505294799805
0.092195987701416
0.090964078903198
0.1010730266571
0.08968710899353
0.094358921051025
0.10614895820618
0.09893012046814
0.095052003860474
0.10040307044983
0.094894170761108
0.10142993927002
0.093600034713745
0.093238115310669
0.10011911392212
0.099349021911621
0.11357688903809
0.10083913803101
0.098891019821167
0.094637155532837
0.10044598579407
0.095730781555176
0.10297513008118
0.09068489074707
0.094043016433716
0.096148014068604
0.094521045684814
0.099823951721191
0.097342014312744
0.10052800178528
0.093837022781372
0.092267990112305
0.09679388999939
0.10114097595215
0.095098972320557
0.10025215148926
0.094786167144775
0.099130153656006
0.21814203262329
0.090492963790894
0.095232009887695
0.093697071075439
0.097394227981567
0.097079992294312
0.092806100845337
0.10027599334717
0.1013708114624
0.11542701721191
0.098762989044189
0.09614896774292
0.089694023132324
0.095533847808838
0.10209989547729
0.095525979995728
0.09882116317749
0.095255136489868
0.14514589309692
0.10049486160278
0.10699486732483
0.094313859939575
0.095293045043945
0.1025869846344
0.10469388961792
0.096822023391724
0.10587906837463
0.10601210594177
0.09363317489624
0.094828128814697
0.096549034118652
0.095149993896484
0.10399508476257
0.10165500640869
0.099843978881836
0.10434103012085
0.092549085617065
0.097752094268799
0.097068071365356
0.09609580039978
0.10037803649902
0.094666957855225
0.096035003662109
0.091385841369629
0.096585988998413
0.10120010375977
0.10049200057983
0.093523025512695
0.12112402915955
0.095390796661377
0.099583864212036
0.10043406486511
0.096908092498779
0.092655897140503
0.095646142959595
0.096453905105591
0.099661111831665
0.089080095291138
0.092900991439819
0.091001987457275
0.094090938568115
0.08940601348877
0.091988086700439
0.091817855834961
0.092752933502197
0.094911813735962
0.09112811088562
0.091874837875366
0.093238830566406
0.093157052993774
0.097345113754272
0.10799694061279
0.099303007125854
0.10750699043274
0.11484408378601
0.090046882629395
0.097310066223145
0.09060001373291
0.093843936920166
0.092478036880493
0.094436883926392
0.090918064117432
0.093379974365234
0.089306116104126
0.095916986465454
0.093168020248413
0.10671997070312
0.090680837631226
0.09805703163147
0.097898006439209
0.1040620803833
0.096973896026611
0.095637798309326
0.0954430103302
0.10067105293274
0.089076042175293
0.099519968032837
0.099503993988037
0.089141130447388
0.090728044509888
0.096905946731567
0.0921950340271
0.10259294509888
0.097259998321533
0.10191106796265
0.099424123764038
0.09095311164856
0.090378999710083
0.095701932907104
0.099153995513916
0.091341018676758
0.10250401496887
0.11451387405396
0.092126131057739
0.097787857055664
0.090370893478394
0.098922967910767
0.097711086273193
0.095032930374146
0.09950590133667
0.092687129974365
0.10019302368164
0.096879005432129
0.10666513442993
0.099469184875488
0.099258899688721
0.094815015792847
0.099315166473389
0.098717927932739
0.10016989707947
0.096152067184448
0.091062068939209
0.092259883880615
0.089877843856812
0.10135698318481
0.10301995277405
0.10587787628174
0.092153072357178
0.11270499229431
0.092775106430054
0.10099101066589
0.091575145721436
0.10301685333252
0.090376853942871
0.11439394950867
0.092865943908691
0.10365605354309
0.10459494590759
0.091491222381592
0.090739965438843
0.096827983856201
0.098087072372437
0.095553874969482
0.097003936767578
0.094603061676025
0.094122886657715
0.10367393493652
0.099159955978394
0.10760903358459
0.10059309005737
0.098691940307617
0.091223955154419
0.095931053161621
0.090559959411621
0.10858988761902
0.090620994567871
0.092560052871704
0.091615915298462
0.099900007247925
0.10311603546143
0.11670398712158
0.10394501686096
0.09597110748291
0.09545111656189
0.091763973236084
0.096915006637573
0.30100178718567
0.10261607170105
0.093907117843628
0.095323801040649
0.10524392127991
0.093048095703125
0.096565008163452
0.10033297538757
0.092375993728638
0.10009217262268
0.0921790599823
0.10162496566772
0.096931934356689
0.1055920124054
0.09831714630127
0.096976041793823
0.10086798667908
0.10057401657104
0.096735954284668
0.090672969818115
0.096395015716553
0.12208199501038
0.10087180137634
0.093966007232666
0.090561151504517
0.099629878997803
0.096408843994141
0.093958854675293
0.09271502494812
0.090646028518677
0.098520040512085
0.097943067550659
0.087357997894287
0.10186290740967
0.096154928207397
0.10301685333252
0.098833799362183
0.0917809009552
0.097570180892944
0.092333078384399
0.090245008468628
0.10073208808899
0.09589695930481
0.094933986663818
0.10594296455383
0.10143899917603
0.10148406028748
0.095591068267822
0.099575996398926
0.15485095977783
0.094368934631348
0.10864520072937
0.10609793663025
0.10018801689148
0.089699983596802
0.098143815994263
0.089412927627563
0.10195112228394
0.097764015197754
0.093837976455688
0.095650911331177
0.10277795791626
0.10216593742371
0.090256929397583
0.095158100128174
0.096788167953491
0.098607063293457
0.095618963241577
0.10407996177673
0.098850965499878
0.091279983520508
0.092977046966553
0.10456418991089
0.11300611495972
0.093874931335449
0.10834002494812
0.092773199081421
0.10344195365906
0.11109685897827
0.092339992523193
0.099372148513794
0.096096992492676
0.094556093215942
0.10529494285583
0.10309314727783
0.094711065292358
0.094535827636719
0.092558860778809
0.10208487510681
0.1006600856781
0.092068910598755
0.11713004112244
0.10268187522888
0.096127986907959
0.093861103057861
0.09650993347168
0.10122299194336
0.11935305595398
0.098466157913208
0.089099168777466
0.090873956680298
0.094158172607422
0.091536045074463
0.10442590713501
0.098526000976562
0.092557191848755
0.095983982086182
0.1034369468689
0.10317516326904
0.089019060134888
0.091732025146484
0.098646879196167
0.090932846069336
0.093193054199219
0.092365980148315
0.10521697998047
0.0972740650177
0.090258121490479
0.094321966171265
0.099035024642944
0.086860179901123
0.10794401168823
0.092490911483765
0.09454607963562
0.089348077774048
0.098235130310059
0.091706037521362
0.089615106582642
0.10692191123962
0.091306924819946
0.088931083679199
0.10530304908752
0.096534967422485
0.091794013977051
0.098973035812378
0.1017370223999
0.097172975540161
0.093295097351074
0.093299865722656
0.096640110015869
0.093378067016602
0.098028182983398
0.095075845718384
0.095724105834961
0.31630802154541
0.094788074493408
0.096928119659424
0.090973138809204
0.11083507537842
0.10785317420959
0.11756491661072
0.093211889266968
0.10081100463867
0.10467886924744
0.094158172607422
0.099138975143433
0.10120606422424
0.093900918960571
0.098001003265381
0.095391988754272
0.094174861907959
0.096112012863159
0.10269904136658
0.098504066467285
0.091897010803223
0.096232175827026
0.09247899055481
0.095872163772583
0.091204166412354
0.10139989852905
0.095062017440796
0.093234777450562
0.09384298324585
0.10014700889587
0.091864109039307
0.091375827789307
0.087894916534424
0.10372304916382
0.094357967376709
0.10349082946777
0.098965883255005
0.099333047866821
0.097720146179199
0.10258793830872
0.095590829849243
0.09607195854187
0.090619087219238
0.09058403968811
0.094323873519897
0.089552164077759
0.092107057571411
0.11299800872803
0.091956853866577
0.089691877365112
0.093688011169434
0.090378046035767
0.088688135147095
0.089423894882202
0.096419095993042
0.10031390190125
0.094094038009644
0.10342597961426
0.0938720703125
0.096505165100098
0.095816135406494
0.09210205078125
0.091643095016479
0.0958571434021
0.092087984085083
0.093791007995605
0.089189052581787
0.10074305534363
0.088818788528442
0.09457802772522
0.093323945999146
0.10671710968018
0.10351896286011
0.094377994537354
0.10261106491089
0.10182309150696
0.099937915802002
0.095980882644653
0.09226393699646
0.095525979995728
0.095757961273193
0.093425035476685
0.094199180603027
0.093723058700562
0.11733794212341
0.088356971740723
0.099606037139893
0.092047929763794
0.090673923492432
0.094602823257446
0.095579147338867
0.093891859054565
0.095176935195923
4.0019640922546
0.092805862426758
0.092298984527588
0.094726085662842
0.10487604141235
0.097440004348755
0.098804950714111
0.09907078742981
0.095206022262573
0.093261003494263
0.091368913650513
0.1056170463562
0.10333299636841
0.098612070083618
0.091609954833984
0.095371007919312
0.10281920433044
0.097362041473389
0.090609073638916
0.093589067459106
0.10741114616394
0.098720073699951
0.17738008499146
0.10433197021484
0.10017609596252
0.10175609588623
0.091817855834961
0.095467090606689
0.095629930496216
0.096876859664917
0.096683025360107
0.10645079612732
0.096790075302124
0.092717170715332
0.099545955657959
0.091586112976074
0.096240043640137
0.093496084213257
0.10117697715759
0.093516111373901
0.090006828308105
0.096199989318848
0.094861030578613
0.097621917724609
0.10063505172729
0.10038208961487
0.1036651134491
0.099787950515747
0.092176914215088
0.098891019821167
0.1030490398407
0.093663930892944
0.096868991851807
0.089261054992676
0.096812009811401
0.093127012252808
0.097195863723755
0.093849182128906
0.096059799194336
0.10750699043274
0.093504905700684
0.10346102714539
0.094564914703369
0.095438003540039
0.095391988754272
0.10742497444153
0.095751047134399
0.094248056411743
0.092934846878052
0.10303807258606
0.093200922012329
0.088223934173584
0.09830379486084
0.096143960952759
0.090144872665405
0.09775185585022
0.095922946929932
0.09872579574585
0.090284824371338
0.10890507698059
0.10723209381104
0.095530986785889
0.10130310058594
0.10418105125427
0.10815596580505
0.096212863922119
0.095478057861328
0.091022968292236
0.096395969390869
0.09226393699646
0.092803001403809
0.090236902236938
0.097931146621704
0.09968900680542
0.094457149505615
0.11323404312134
0.092992067337036
0.093561887741089
0.098127126693726
0.094388008117676
0.10350608825684
0.09306788444519
0.095644950866699
0.091872930526733
0.097709894180298
0.098229169845581
0.095279932022095
0.091583013534546
0.092092037200928
0.091351985931396
0.10380792617798
0.093796968460083
0.094413042068481
0.091516017913818
0.099292039871216
0.093926906585693
0.088566064834595
0.095568180084229
0.094981908798218
0.1074960231781
0.09344482421875
0.1001889705658
0.092404842376709
0.1003258228302
0.09457802772522
0.095280885696411
0.095277070999146
0.10123491287231
0.098413944244385
0.10934400558472
0.09798002243042
0.10879802703857
0.093474864959717
0.10235095024109
0.10814905166626
0.094607830047607
0.091498851776123
0.094044923782349
0.10548210144043
0.097790002822876
0.097769975662231
0.094490051269531
0.09400200843811
0.098892211914062
0.089328050613403
0.096607208251953
0.092466831207275
0.091796159744263
0.099941968917847
0.10505890846252
0.090998888015747
0.094426870346069
0.095701932907104
0.093406915664673
0.094117164611816
0.097801923751831
0.093204975128174
0.098069190979004
0.096454858779907
0.1016321182251
0.098719835281372
0.089915990829468
0.098837852478027
0.096122980117798
0.097551107406616
0.096376895904541
0.088389873504639
0.098621129989624
0.1027820110321
0.089246034622192
0.099824905395508
0.097543001174927
0.092255115509033
0.10333490371704
0.10301494598389
0.0970139503479
0.096827983856201
0.094806909561157
0.10026812553406
0.11288499832153
0.10167193412781
0.10080409049988
0.098325967788696
0.10251498222351
0.093219995498657
0.096441030502319
0.08832311630249
0.097362041473389
0.089699983596802
0.10072207450867
0.097228050231934
0.098909139633179
0.095249891281128
0.09250020980835
0.090090036392212
0.091949939727783
0.090245008468628
0.097568988800049
0.090697050094604
0.098120927810669
0.092797040939331
0.094758987426758
0.095217943191528
0.09394097328186
0.095335006713867
0.094577074050903
0.091796875
0.099229097366333
0.10038185119629
0.099682092666626
0.09859299659729
0.093193054199219
0.096250057220459
0.10084891319275
0.094805955886841
0.099071025848389
0.09775710105896
0.096203804016113
0.095618009567261
0.098124027252197
0.097566843032837
0.094037771224976
0.088041067123413
0.099498987197876
0.20698189735413
0.099131107330322
0.093816041946411
0.22144412994385
0.09548020362854
0.093500852584839
0.096429109573364
0.093140125274658
0.092194080352783
0.094146013259888
0.099191188812256
0.10358190536499
0.092278003692627
0.098286867141724
0.091900110244751
0.092313051223755
0.099584817886353
0.097104072570801
0.097828149795532
0.097342014312744
0.095721960067749
0.094626903533936
0.095635890960693
0.094568967819214
0.10264492034912
0.090606927871704
0.1130838394165
0.092622041702271
0.094247102737427
0.092306852340698
0.094094038009644
0.091016054153442
0.097086191177368
0.091791868209839
0.088366031646729
0.095136165618896
0.091449022293091
0.09169602394104
0.10553097724915
0.10465312004089
0.13046503067017
0.10222411155701
0.089077949523926
0.093904972076416
0.097332954406738
0.091910839080811
0.093580007553101
0.10140705108643
0.093945026397705
0.10210800170898
0.090384960174561
0.093894958496094
0.10437893867493
0.091953992843628
0.10440492630005
0.097003936767578
0.094763994216919
0.09142804145813
0.094710826873779
0.090230941772461
0.091036081314087
0.093698978424072
0.097931146621704
0.097269058227539
0.093098163604736
0.093164920806885
0.089166879653931
0.098052978515625
0.094610929489136
0.097027063369751
0.098110914230347
0.096773147583008
0.087526082992554
0.09283709526062
0.090104818344116
0.098082065582275
0.094603061676025
0.10069108009338
0.10596919059753
0.094031095504761
0.09441089630127
0.10173487663269
0.10538601875305
0.10426998138428
0.094089031219482
0.098464965820312
0.084134817123413
0.091804027557373
0.09900689125061
0.099733114242554
0.096589088439941
0.089571952819824
0.095041990280151
0.097647905349731
0.10432004928589
0.094479084014893
0.10180306434631
0.096254825592041
0.094645023345947
0.09334397315979
0.097157955169678
0.10318183898926
0.092849969863892
0.093056201934814
0.094688177108765
0.090516090393066
0.095100164413452
0.094566106796265
0.09968900680542
0.10343909263611
0.097843885421753
0.099037885665894
0.095782041549683
0.093699932098389
0.10200309753418
0.09514594078064
0.095300197601318
0.089188814163208
0.094778060913086
0.097496032714844
0.12002611160278
0.095268964767456
0.089714050292969
0.093765020370483
0.096207141876221
0.095487117767334
0.1027820110321
0.096554040908813
0.091222047805786
0.092280864715576
0.092271089553833
0.093423128128052
0.10702204704285
0.20222592353821
0.092084884643555
0.08898401260376
0.091633081436157
0.096152067184448
0.088879108428955
0.095852851867676
0.10114097595215
0.097316026687622
0.094042062759399
0.097062826156616
0.094314098358154
0.10050511360168
0.092059135437012
0.099786996841431
0.088850975036621
0.092577934265137
0.097398042678833
0.097661018371582
0.10461902618408
0.09702205657959
0.094890117645264
0.098871946334839
0.10205602645874
0.093025922775269
0.093767166137695
0.092944860458374
0.10308718681335
0.097289085388184
0.091150045394897
0.09558892250061
0.090739011764526
0.094963073730469
0.099425792694092
0.099307060241699
0.10233998298645
0.095419883728027
0.090358018875122
0.10240602493286
0.097630977630615
0.09853196144104
0.093082189559937
0.10029816627502
0.095954179763794
0.10348701477051
0.11096715927124
0.094332933425903
0.10466885566711
0.091971874237061
0.092335939407349
0.0935218334198
0.10158205032349
0.098058938980103
0.10577797889709
0.10072302818298
0.098522901535034
0.090526819229126
0.093461990356445
0.098037004470825
0.096683025360107
0.11141896247864
0.08958888053894
0.1008780002594
0.10038614273071
0.095395088195801
0.093437910079956
0.10094213485718
0.10170006752014
0.09407114982605
0.10616016387939
0.090884923934937
0.10258388519287
0.096081018447876
0.095917940139771
0.4039261341095
0.099975824356079
0.087847948074341
0.09342885017395
0.090173006057739
0.10333013534546
0.092066049575806
0.091262817382812
0.098210096359253
0.095166206359863
0.092918872833252
0.092151880264282
0.098282098770142
0.10628199577332
0.092700958251953
0.092015027999878
0.097787141799927
0.095091104507446
0.10268998146057
0.093379974365234
0.094218969345093
0.10247898101807
0.10929012298584
0.10378909111023
0.095337152481079
0.210942029953
0.096846103668213
0.089267015457153
0.092862844467163
0.10078406333923
0.092939138412476
0.095630884170532
0.093657970428467
0.096631050109863
0.096455097198486
0.094095945358276
0.09030294418335
0.090808868408203
0.095093011856079
0.095635175704956
0.098578929901123
0.11222696304321
0.10365319252014
0.095771074295044
0.093307971954346
0.093605995178223
0.099078893661499
0.096000909805298
0.094099044799805
0.092517852783203
0.10575580596924
0.098960161209106
0.10558891296387
0.093631982803345
0.091087102890015
0.095069885253906
0.10465002059937
0.10190796852112
0.094552993774414
0.091553211212158
0.088579893112183
0.09785008430481
0.10213088989258
0.093785047531128
0.091724872589111
0.10696792602539
0.10427808761597
0.12000608444214
0.09918999671936
0.10157704353333
0.099637985229492
0.095621824264526
0.097868919372559
0.09250807762146
0.10012817382812
0.095956802368164
0.096101999282837
0.09852409362793
0.092713117599487
0.092435836791992
0.097285985946655
0.089625835418701
0.098067998886108
0.10286903381348
0.091600179672241
0.1005551815033
0.093216896057129
0.10181283950806
0.098621129989624
0.092222929000854
0.092855930328369
0.10568904876709
0.10821008682251
0.090817928314209
0.089745998382568
0.10005712509155
0.095577955245972
0.10317301750183
0.098505973815918
0.087968111038208
0.099820137023926
0.096177101135254
0.091009855270386
0.095856904983521
0.092715978622437
0.099195957183838
0.09681510925293
0.096395015716553
0.09918999671936
0.093162059783936
0.10173487663269
0.094136953353882
0.093271017074585
0.10838198661804
0.098871946334839
0.0955810546875
0.098731994628906
0.093597173690796
0.10138583183289
0.094105958938599
0.093400001525879
0.091686010360718
0.096313953399658
0.096714019775391
0.090826988220215
0.092170000076294
0.090801954269409
0.11231303215027
0.098644018173218
0.10139393806458
0.11777591705322
0.092125177383423
0.096084833145142
0.096161842346191
0.092719078063965
0.090662956237793
0.091618061065674
0.10441994667053
0.10036110877991
0.09538197517395
0.098356962203979
0.09291410446167
0.090968132019043
0.1007821559906
0.096207141876221
0.10886788368225
0.094761848449707
0.099948883056641
0.092128038406372
0.10468697547913
0.10737204551697
0.092534065246582
0.096778154373169
0.099184036254883
0.096487998962402
0.093452215194702
0.096780061721802
0.093584060668945
0.10205602645874
0.10814499855042
0.095448017120361
0.092928171157837
0.10110282897949
0.093384981155396
0.088998794555664
0.095182180404663
0.092791080474854
0.11070585250854
0.095916032791138
0.092993021011353
0.099581003189087
0.095160007476807
0.0971839427948
0.099305152893066
0.092316150665283
0.087290048599243
0.094742059707642
0.10238599777222
0.10101699829102
0.091943979263306
0.090312004089355
0.093322992324829
0.091549158096313
0.092492818832397
0.10434198379517
0.095643043518066
0.10470199584961
0.095363855361938
0.094639778137207
0.095757007598877
0.09257698059082
0.097200155258179
0.095847845077515
0.10281991958618
0.090431928634644
0.1029200553894
0.092269897460938
0.10333800315857
0.094797849655151
0.10308718681335
0.099492788314819
0.099354982376099
0.10874104499817
0.1013011932373
0.096646070480347
0.093305826187134
0.10031294822693
0.095082998275757
0.099513053894043
0.10001492500305
0.12991094589233
0.10034489631653
0.090429067611694
0.087132215499878
0.093532085418701
0.098494052886963
0.09492301940918
0.10125803947449
0.10067486763
0.099753856658936
0.095863103866577
0.098550081253052
0.10542893409729
0.097785949707031
0.093836069107056
0.099990129470825
0.092561960220337
0.096401929855347
0.10170292854309
0.09287691116333
0.090260028839111
0.10008502006531
0.099109888076782
0.094946146011353
0.090860843658447
0.093569993972778
0.1042799949646
0.10646605491638
0.10006904602051
0.094306945800781
0.094100952148438
0.096256017684937
0.095999002456665
0.098140954971313
0.093321800231934
0.090271949768066
0.10554003715515
0.093307971954346
0.093919992446899
0.092128038406372
0.10343408584595
0.091732978820801
0.10279607772827
0.093581199645996
0.091454982757568
0.10283589363098
0.09945011138916
0.088859081268311
0.09442400932312
0.099874973297119
0.10138988494873
0.097019910812378
0.10435795783997
0.099359035491943
0.098429918289185
0.091236114501953
0.10042691230774
0.089200973510742
0.091876029968262
0.099641084671021
0.094890832901001
0.096291065216064
0.093753814697266
0.091850996017456
0.089556932449341
0.098974943161011
0.39097094535828
0.094933032989502
0.10558319091797
0.090737819671631
0.093575954437256
0.096068143844604
0.1010479927063
0.09926700592041
0.095991134643555
0.094454050064087
0.090006113052368
0.093679189682007
0.090199947357178
0.095549821853638
0.095875024795532
0.099539041519165
0.097177982330322
0.093079090118408
0.090801954269409
0.093554019927979
0.098330974578857
0.10103011131287
0.097677946090698
0.09001898765564
0.099320888519287
0.10957193374634
0.094199895858765
0.10073399543762
0.099333047866821
0.099485874176025
0.1036319732666
0.090457201004028
0.09913182258606
0.093168973922729
0.12090802192688
0.091059923171997
0.097959995269775
0.088347196578979
0.10135793685913
0.097377061843872
0.095683097839355
0.091804027557373
0.095943927764893
0.096391916275024
0.099601984024048
0.10035395622253
0.097033977508545
0.10208106040955
0.098243951797485
0.10199618339539
0.097630023956299
0.099990844726562
0.091471910476685
0.09968090057373
0.10012292861938
0.091104984283447
0.093801021575928
0.11980509757996
0.095885992050171
0.095244884490967
0.092297077178955
0.099529027938843
0.09467601776123
0.10080099105835
0.09504508972168
0.09720516204834
0.090886831283569
0.10424089431763
0.095688104629517
0.093755960464478
0.091602087020874
0.093218803405762
0.099724054336548
0.090197086334229
0.097772121429443
0.105064868927
0.094445943832397
0.099817991256714
0.090674161911011
0.09588098526001
0.093203067779541
0.094862937927246
0.098326921463013
0.099252939224243
0.094841957092285
0.093430042266846
0.10418796539307
0.092303037643433
0.10449504852295
0.091464042663574
0.095012903213501
0.10071992874146
0.0988929271698
0.097501993179321
0.099478006362915
0.099043130874634
0.10001683235168
0.09309983253479
0.10676693916321
0.093199014663696
0.09349513053894
0.084964990615845
0.099359035491943
0.086996078491211
0.090054988861084
0.097240924835205
0.092184782028198
0.090543031692505
0.0954430103302
0.096698045730591
0.095903873443604
0.091758966445923
0.093786001205444
0.093739986419678
0.09932804107666
0.088057994842529
0.095225811004639
0.1089780330658
0.089348793029785
0.091378927230835
0.091449022293091
0.090411901473999
0.09940505027771
0.095279932022095
0.094417810440063
0.10266184806824
0.099602937698364
0.09115195274353
0.093084812164307
0.093213081359863
0.091464042663574
0.091744899749756
0.098111152648926
0.098680973052979
0.094621896743774
0.10997414588928
0.09119176864624
0.099354028701782
0.099797010421753
0.1021101474762
0.10830187797546
0.094513893127441
0.096346855163574
0.099707841873169
0.090315818786621
0.093225002288818
0.098091840744019
0.10635304450989
0.097522974014282
0.093554973602295
0.092522144317627
0.093597173690796
0.09286904335022
0.09975790977478
0.10123896598816
0.091656923294067
0.095542907714844
0.097137928009033
0.1026451587677
0.091225862503052
0.094795942306519
0.10208415985107
0.090664863586426
0.10401296615601
0.1055908203125
0.09710693359375
0.095708847045898
0.091980934143066
0.089861869812012
0.09333610534668
0.10043501853943
0.095718145370483
0.099578857421875
0.096855878829956
0.097229957580566
0.098469018936157
0.097640037536621
0.096884965896606
0.10943078994751
0.098410129547119
0.095037937164307
0.095200061798096
0.097126960754395
0.091479063034058
0.088032007217407
0.095517158508301
0.11519193649292
0.094717025756836
0.092931985855103
0.098859071731567
0.092036962509155
0.093251943588257
0.094866991043091
0.097856998443604
0.089552879333496
0.088949918746948
0.098006010055542
0.11577677726746
0.097992897033691
0.094239950180054
0.094653129577637
0.098627090454102
0.10058689117432
0.098701953887939
0.090970039367676
0.096078872680664
0.10742211341858
0.09088397026062
0.10013389587402
0.099308013916016
0.095718145370483
0.090115785598755
0.09230899810791
0.095468997955322
0.11583280563354
0.096511125564575
0.093939065933228
0.095602989196777
0.09672999382019
0.09775710105896
0.099408149719238
0.10203289985657
0.10400485992432
0.091246843338013
0.10063099861145
0.097484111785889
0.091239213943481
0.094886064529419
0.10094094276428
0.092990875244141
0.09161901473999
0.10117411613464
0.10678219795227
0.09269380569458
0.10341000556946
0.093487024307251
0.096700191497803
0.09789514541626
0.095489025115967
0.094164133071899
0.097861051559448
0.098526000976562
0.091194868087769
0.12904906272888
0.093656063079834
0.10464096069336
0.1025059223175
0.10704898834229
0.097406148910522
0.10585618019104
0.088625907897949
0.098741054534912
0.10428595542908
0.091576814651489
0.10136890411377
0.11259198188782
0.094939947128296
0.099503040313721
0.095493793487549
0.1018431186676
0.095793962478638
0.090926885604858
0.08902382850647
0.094653129577637
0.10033416748047
0.10065007209778
0.095723867416382
0.09711217880249
0.089689970016479
0.093890905380249
0.093038082122803
0.099400043487549
0.095299959182739
0.09900689125061
0.1051619052887
0.09294605255127
0.095122098922729
0.092391014099121
0.097148895263672
0.097421884536743
0.10547995567322
0.10202503204346
0.097556114196777
0.095914125442505
0.099097967147827
0.096674919128418
0.091217994689941
0.094760894775391
0.096837043762207
0.10248398780823
0.09483790397644
0.10791802406311
0.089982986450195
0.10191512107849
0.10170888900757
0.094015121459961
0.11943101882935
0.097546100616455
0.094252109527588
0.09743595123291
0.093714952468872
0.098816871643066
0.1032178401947
0.10336208343506
0.1011061668396
0.10209202766418
0.11424899101257
0.0955970287323
0.10067987442017
3.5326299667358
0.091081857681274
0.10061407089233
0.093464851379395
0.10405898094177
0.095067024230957
0.09417200088501
0.10248208045959
0.09765100479126
0.10115385055542
0.10517883300781
0.096868991851807
0.099611043930054
0.095332145690918
0.092504024505615
0.09237813949585
0.095188140869141
0.096759080886841
0.090732097625732
0.092283964157104
0.095945835113525
0.10380101203918
0.10110116004944
0.10528087615967
0.10002112388611
0.1122350692749
0.10061621665955
0.095525026321411
0.097418069839478
0.10009098052979
0.095361948013306
0.088304996490479
0.091341018676758
0.092192888259888
0.094042062759399
0.10070395469666
0.092500925064087
0.089831829071045
0.095961093902588
0.09226393699646
0.094878911972046
0.09580397605896
0.098063945770264
0.094460964202881
0.091651916503906
0.09400486946106
0.093070983886719
0.095907926559448
0.095511913299561
0.10395121574402
0.086695909500122
0.092225074768066
0.15593504905701
0.10332202911377
0.099399089813232
0.10078811645508
0.091711044311523
0.10201907157898
0.093722820281982
0.095689058303833
0.091027975082397
0.090611934661865
0.099285125732422
0.10314202308655
0.09279990196228
0.093461990356445
0.095131874084473
0.089677810668945
0.096315860748291
0.097129106521606
0.10487079620361
0.097660064697266
0.10054206848145
0.10572099685669
0.09089994430542
0.10225796699524
0.12556600570679
0.092006921768188
0.10027503967285
0.09592604637146
0.091835021972656
0.10629796981812
0.10551786422729
0.095880031585693
0.1024432182312
0.12773299217224
0.093218088150024
0.099257946014404
0.10464811325073
0.093563795089722
0.10920596122742
0.094828844070435
0.10224580764771
0.093017101287842
0.092302083969116
0.13410782814026
0.094624042510986
0.089308977127075
0.095261096954346
0.099755048751831
0.099195003509521
0.10222411155701
0.09430193901062
0.095593929290771
0.10399389266968
0.093542814254761
0.096909999847412
0.096901893615723
0.092772006988525
0.094358921051025
0.09657096862793
0.095483064651489
0.099077939987183
0.10555100440979
0.10426592826843
0.093577146530151
0.10318398475647
0.098414897918701
0.09531307220459
0.098149061203003
0.10090112686157
0.091840028762817
0.090561866760254
0.10202598571777
0.10166811943054
0.091469049453735
0.08928394317627
0.10173511505127
0.11683797836304
0.094056129455566
0.092489957809448
0.10513281822205
0.098629951477051
0.220547914505
0.090773105621338
0.097701072692871
0.097629070281982
0.096599102020264
0.094366073608398
0.099919080734253
0.099894046783447
0.099333047866821
0.091730117797852
0.10274195671082
0.098981142044067
0.09415602684021
0.096155166625977
0.096320867538452
0.094956874847412
0.1030740737915
0.092744827270508
0.095774173736572
0.097070217132568
0.090564012527466
0.090845823287964
0.088896989822388
0.098417043685913
0.09282398223877
0.091649055480957
0.091351985931396
0.10534691810608
0.092925071716309
0.095153093338013
0.095869064331055
0.091670036315918
0.095141172409058
0.1032338142395
0.092530965805054
0.10769581794739
0.094918966293335
0.091687917709351
0.09218692779541
0.099274158477783
0.10070610046387
0.094915151596069
0.10408711433411
0.094742059707642
0.091675996780396
0.094413995742798
0.099209070205688
0.097625017166138
0.095079898834229
0.094189882278442
0.09962797164917
0.094542980194092
0.090918064117432
0.096648931503296
0.091501951217651
0.10449194908142
0.097141981124878
0.093603849411011
0.10161209106445
0.098175048828125
0.10084891319275
0.095616102218628
0.1032600402832
0.096675157546997
0.092913866043091
0.094563007354736
0.0954430103302
0.10253000259399
0.10199594497681
0.10219478607178
0.10198020935059
0.093839883804321
0.090481996536255
0.10048604011536
0.098742961883545
0.10603284835815
0.095615148544312
0.097852945327759
0.090786933898926
0.093997955322266
0.094956159591675
0.10470509529114
0.099760055541992
0.090664148330688
0.10306906700134
0.10815286636353
0.088641881942749
0.098828077316284
0.094100952148438
0.096377849578857
0.091796159744263
0.097586154937744
0.094275951385498
0.091588020324707
0.095651865005493
0.092278003692627
0.092787981033325
0.093752861022949
0.098193883895874
0.096435070037842
0.091323852539062
0.10115790367126
0.09155797958374
0.09591817855835
0.092438936233521
0.10075116157532
0.09874701499939
0.10090613365173
0.089254140853882
0.089760065078735
0.10061001777649
0.10151481628418
0.091646909713745
0.093508005142212
0.093159914016724
0.10456109046936
0.094491958618164
0.094003915786743
0.098303079605103
0.1034688949585
0.091264009475708
0.097453832626343
0.090917825698853
0.099658012390137
0.097348928451538
0.094500064849854
0.10206294059753
0.10156202316284
0.094120025634766
0.094701051712036
0.10517907142639
0.097249031066895
0.092868089675903
0.097060918807983
0.095240831375122
0.10232305526733
0.096406936645508
0.092391967773438
0.094334840774536
0.10840487480164
0.099857091903687
0.095300912857056
0.096581935882568
0.10227990150452
0.094542980194092
0.098721981048584
0.093223094940186
0.090490102767944
0.11012983322144
0.096760988235474
0.096759796142578
0.10160303115845
0.096210956573486
0.092555046081543
0.093605041503906
0.093228101730347
0.099381923675537
0.22537612915039
0.093630075454712
0.10061097145081
0.092606067657471
0.097968101501465
0.10118699073792
0.10391211509705
0.10008311271667
0.094586133956909
0.10077500343323
0.099473237991333
0.10072588920593
0.096330881118774
0.097543954849243
0.097170829772949
0.092875957489014
0.098071098327637
0.09823203086853
0.093315124511719
0.092272996902466
0.095033884048462
0.10402393341064
0.093564987182617
0.10956406593323
0.10497117042542
0.10303616523743
0.092686891555786
0.096984148025513
0.093873977661133
0.096487998962402
0.093350172042847
0.10602593421936
0.093493938446045
0.094056844711304
0.097771167755127
0.089546918869019
0.30711698532104
0.11252808570862
0.092681169509888
0.097810983657837
0.095900058746338
0.10166692733765
0.090878963470459
0.097128868103027
0.088788032531738
0.098881959915161
0.090328931808472
0.095879077911377
0.09298300743103
0.096683025360107
0.095901012420654
0.10422801971436
0.091874122619629
0.097563982009888
0.096327066421509
0.091521024703979
0.10258913040161
0.097777128219604
0.10240888595581
0.091635942459106
0.098347902297974
0.094565153121948
0.092082977294922
0.1084771156311
0.0956130027771
0.094339847564697
0.090536832809448
0.093255043029785
0.10180401802063
0.097440004348755
0.095973014831543
0.095308065414429
0.091041803359985
0.094820022583008
0.092797994613647
0.10614800453186
0.096636056900024
0.099651098251343
0.094615936279297
0.099188804626465
0.091819047927856
0.097733974456787
0.090249061584473
0.091297149658203
0.092963933944702
0.10219287872314
0.11838603019714
0.094552040100098
0.093626976013184
0.10550713539124
0.095516920089722
0.099000930786133
0.1023211479187
0.097498178482056
0.091567039489746
0.1091411113739
0.10291910171509
0.098633050918579
0.093168973922729
0.090941905975342
0.093942165374756
0.095793008804321
0.10189509391785
0.1080961227417
0.10093188285828
0.099575996398926
0.094064950942993
0.089768886566162
0.10171008110046
0.094892024993896
0.099381923675537
0.091637134552002
0.09578800201416
0.096318006515503
0.093698024749756
0.095712900161743
0.14018201828003
0.095129013061523
0.09494686126709
0.099794149398804
0.093797206878662
0.08928108215332
0.10037684440613
0.093642950057983
0.08817195892334
0.096560955047607
0.090147972106934
0.10137987136841
0.10878014564514
0.099923133850098
0.095144033432007
0.092986822128296
0.098392963409424
0.094683885574341
0.093310117721558
0.090179920196533
0.095798015594482
0.089495897293091
0.093695163726807
0.093383073806763
0.093695878982544
0.10149312019348
0.091538906097412
0.11670994758606
0.099848985671997
0.10002899169922
0.10640597343445
0.094098091125488
0.10869812965393
0.09322714805603
0.091392040252686
0.097168922424316
0.09375
0.096555233001709
0.10614109039307
0.098772048950195
0.091778039932251
0.11015200614929
0.10253190994263
0.095030069351196
0.10411214828491
0.092046976089478
0.097530126571655
0.094254016876221
0.10412502288818
0.094230890274048
0.098819017410278
0.092139005661011
0.096457004547119
0.10531783103943
0.08881402015686
0.096894979476929
0.09151291847229
0.094862937927246
0.10116100311279
0.095717191696167
0.09497594833374
0.10631489753723
0.10422587394714
0.10116481781006
0.096593856811523
0.095279932022095
0.10475301742554
0.093678951263428
0.096849918365479
0.093825101852417
0.097969055175781
0.10393190383911
0.086900949478149
0.094747066497803
0.09233283996582
0.091886043548584
0.10047817230225
0.11526894569397
0.093971967697144
0.09296703338623
0.094059944152832
0.092733144760132
0.094472885131836
0.096724033355713
0.099823951721191
0.096739053726196
0.08820104598999
0.096460103988647
0.094825029373169
0.089852094650269
0.10311102867126
0.10041403770447
0.10490798950195
0.20623397827148
0.10272192955017
0.10022497177124
0.098146200180054
0.090433120727539
0.095206022262573
0.092228889465332
0.098500967025757
0.10020112991333
0.095208883285522
0.096499919891357
0.094494104385376
0.091919898986816
0.093504905700684
0.092899084091187
0.098193168640137
0.091728925704956
0.094762802124023
0.097198009490967
0.091984033584595
0.099887847900391
0.093739986419678
0.092141151428223
0.10325407981873
0.092671871185303
0.09355092048645
0.095161199569702
0.099002838134766
0.11202812194824
0.097598791122437
0.091650009155273
0.092357158660889
0.11118793487549
0.09443211555481
0.095738887786865
0.093263149261475
0.10218811035156
0.094349145889282
0.09519100189209
0.095582008361816
0.097054004669189
0.10041689872742
0.095109939575195
0.098149061203003
0.095636129379272
0.090143918991089
0.098927021026611
0.093117952346802
0.094942092895508
0.10110306739807
0.090762853622437
0.10305285453796
0.096251010894775
0.10067510604858
0.094865083694458
0.090281009674072
0.093914031982422
0.095902919769287
0.098862171173096
0.10515785217285
0.098988056182861
0.097437143325806
0.10777187347412
0.098522901535034
0.09423303604126
0.10146403312683
0.094352960586548
0.093672037124634
0.099009037017822
0.091577053070068
0.088567018508911
0.10252499580383
0.097870826721191
0.087836980819702
0.097353935241699
0.10150098800659
0.10046100616455
0.092265129089355
0.099416971206665
0.095330953598022
0.092389822006226
0.10164713859558
0.10420393943787
0.10168194770813
0.093982934951782
0.10095906257629
0.098689079284668
0.095164775848389
0.10712695121765
0.094259977340698
0.092972040176392
0.097779035568237
0.091356992721558
0.097082853317261
0.09702205657959
0.098858118057251
0.09750509262085
0.10722494125366
0.099514961242676
0.095367193222046
0.097212076187134
0.097625017166138
0.14582395553589
0.095960855484009
0.11458802223206
0.096871137619019
0.093575000762939
0.10712814331055
0.090081930160522
0.10611701011658
0.11365795135498
0.10546612739563
0.10065603256226
0.096864938735962
0.10753393173218
0.10066914558411
0.10170722007751
0.09332013130188
0.10006880760193
0.14797115325928
0.15430879592896
0.091923952102661
0.10114502906799
0.092108964920044
0.10401010513306
0.091230869293213
0.095770835876465
0.096399068832397
0.092911005020142
2.9132671356201
0.090605020523071
0.096107959747314
0.10838794708252
0.090629100799561
0.096382856369019
0.097189903259277
0.091146945953369
0.094421863555908
0.094084978103638
0.098095893859863
0.098582029342651
0.10445380210876
0.094807863235474
0.097008943557739
0.095265865325928
0.10595202445984
0.094565153121948
0.09342098236084
0.098278999328613
0.088397979736328
0.092111110687256
0.10988402366638
0.11108589172363
0.098809003829956
0.1224992275238
0.096923112869263
0.10264992713928
0.099579095840454
0.096832036972046
0.097820997238159
0.098880052566528
0.094345092773438
0.099680185317993
0.10041308403015
0.10180282592773
0.091503143310547
0.10099506378174
0.0937819480896
0.095369100570679
0.10597681999207
0.10525703430176
0.093536138534546
0.092373132705688
0.092632055282593
0.090994119644165
0.095967054367065
0.10849213600159
0.089015007019043
0.095479011535645
0.1000349521637
0.087546110153198
0.1003680229187
0.10385298728943
0.10529088973999
0.10584282875061
0.092124938964844
0.10948705673218
0.099485874176025
0.093950033187866
0.09465503692627
0.094038963317871
0.099546909332275
0.10059309005737
0.096385955810547
0.10311818122864
0.095114946365356
0.10454177856445
0.095974206924438
0.091100931167603
0.10049605369568
0.097954034805298
0.10422897338867
0.090734004974365
0.09569787979126
0.089792013168335
0.098042011260986
0.10318613052368
0.092903137207031
0.097054958343506
0.090863943099976
0.091691017150879
0.099601030349731
0.094976902008057
0.10092997550964
0.10094499588013
0.09696888923645
0.10078001022339
0.096987009048462
0.11251711845398
0.092714071273804
0.093246221542358
0.098272085189819
0.098265886306763
0.093613862991333
0.094051122665405
0.098145961761475
0.095925807952881
0.10348510742188
0.099261999130249
0.093924045562744
0.099304914474487
0.097767114639282
0.089172840118408
0.093360900878906
0.10669589042664
0.10263705253601
0.09807300567627
0.1124849319458
0.093509197235107
0.09801197052002
0.09928297996521
0.10040092468262
0.09598183631897
0.09243106842041
0.098056077957153
0.10498094558716
0.090334177017212
0.091152906417847
0.089889764785767
0.089177846908569
0.093652009963989
0.090330839157104
0.098550081253052
0.095083951950073
0.090760946273804
0.10419082641602
0.099683046340942
0.09314489364624
0.096864938735962
0.10113883018494
0.095083951950073
0.10151386260986
0.097765922546387
0.099617958068848
0.10326099395752
0.09838604927063
0.094490051269531
0.097704887390137
0.094805955886841
0.090051174163818
0.11574697494507
0.11233401298523
0.094067096710205
0.09641695022583
0.095293998718262
0.090320110321045
0.089082002639771
0.10226702690125
0.094266891479492
0.096679925918579
0.094649076461792
0.094483137130737
0.10575199127197
0.096736907958984
0.097631931304932
0.098823070526123
0.088161945343018
0.098685026168823
0.10365605354309
0.094183921813965
0.10377717018127
0.093652963638306
0.09407901763916
0.090013027191162
0.092257976531982
0.09496283531189
0.094634056091309
0.10405707359314
0.09537410736084
0.103355884552
0.093316078186035
0.092849016189575
0.10340881347656
0.097121000289917
0.096617937088013
0.095793008804321
0.09589409828186
0.10054516792297
0.096698999404907
0.095441102981567
0.098705053329468
0.10066509246826
0.10057711601257
0.096865892410278
0.093796014785767
0.094506025314331
0.093271970748901
0.10313391685486
0.11102414131165
0.092180013656616
0.11756801605225
0.098146915435791
0.092321157455444
0.090947866439819
0.16226983070374
0.089807033538818
0.10162806510925
0.094719886779785
0.098809003829956
0.089018821716309
0.096888065338135
0.091525077819824
0.090755939483643
0.10667395591736
0.10808992385864
0.21346092224121
0.091131925582886
0.096142053604126
0.10379695892334
0.091937065124512
0.10224199295044
0.098283052444458
0.095357179641724
0.099493026733398
0.10206699371338
0.09499716758728
0.10147404670715
0.091006994247437
0.099054098129272
0.097382068634033
0.09279990196228
0.097214937210083
0.09675407409668
0.095506906509399
0.086731195449829
0.093302011489868
0.10595202445984
0.11305403709412
0.094693183898926
0.095285892486572
0.094641923904419
0.097256183624268
0.099645853042603
0.091587066650391
0.10106110572815
0.10340881347656
0.09695291519165
0.099058151245117
0.089615821838379
0.1020610332489
0.096071004867554
0.093512058258057
0.097578048706055
0.096890211105347
0.094415903091431
0.093548059463501
0.10152387619019
0.098875999450684
0.092467069625854
0.094397068023682
0.093065023422241
0.092924118041992
0.092401027679443
0.094245910644531
0.091307163238525
0.094626903533936
0.10723209381104
0.098612785339355
0.14499592781067
0.091023206710815
0.098227977752686
0.095086812973022
0.091548919677734
0.09079384803772
0.09839916229248
0.10702395439148
0.09679102897644
0.094719886779785
0.10258603096008
0.10141015052795
0.097216129302979
0.096327066421509
0.095705032348633
0.10468816757202
0.092063188552856
0.10166692733765
0.097272157669067
0.092906951904297
0.098067998886108
0.091022968292236
0.10143804550171
0.099403858184814
0.09679102897644
0.10227203369141
0.098123073577881
0.096161127090454
0.096664905548096
0.096129179000854
0.090211153030396
0.087357044219971
0.090206861495972
0.093476057052612
0.099916934967041
0.098511934280396
0.096563100814819
0.099592924118042
0.098611116409302
0.094609022140503
0.092441082000732
0.09722900390625
0.10428500175476
0.099164009094238
0.10199809074402
0.10506796836853
0.10263991355896
0.093291044235229
0.096410989761353
0.090082883834839
0.093884944915771
0.090412139892578
0.094978094100952
0.14277195930481
0.094199895858765
0.10922408103943
0.089390993118286
0.092549085617065
0.095407009124756
0.093793869018555
0.097203969955444
0.1131649017334
0.098104000091553
0.092146158218384
0.095067977905273
0.098487854003906
0.089622974395752
0.089844942092896
0.093946218490601
0.09234094619751
0.091415882110596
0.10429286956787
0.09800386428833
0.094945192337036
0.10449600219727
0.096401929855347
0.091210842132568
0.087815046310425
0.092800140380859
0.10666394233704
0.096330165863037
0.11859488487244
0.091277837753296
0.090269088745117
0.09315299987793
0.0989089012146
0.10582494735718
0.10009694099426
0.098237991333008
0.096674919128418
0.090662956237793
0.093487024307251
0.091848134994507
0.099656105041504
0.089012861251831
0.096131086349487
0.10033893585205
0.096824169158936
0.091562032699585
0.0920729637146
0.094317197799683
0.089943170547485
0.095972061157227
0.091286897659302
0.10000610351562
0.094570875167847
0.098238945007324
0.093237161636353
0.091028928756714
0.099286794662476
0.10601878166199
0.097315073013306
0.098701953887939
0.094330787658691
0.097837209701538
0.087950944900513
0.094169855117798
0.097432851791382
0.10130596160889
0.10754919052124
0.089623928070068
0.089948892593384
0.092660903930664
0.094352006912231
0.096498012542725
0.11136293411255
0.094848871231079
0.09480094909668
0.095044136047363
0.10448288917542
0.093564987182617
0.09588098526001
0.090582132339478
0.093260049819946
0.091846942901611
0.10269904136658
0.090152025222778
0.093137979507446
0.091992855072021
0.094141960144043
0.096073150634766
0.096951007843018
0.090278148651123
0.099474906921387
0.095283985137939
0.089921951293945
0.10806918144226
0.092968940734863
0.090277910232544
0.095932006835938
0.095856904983521
0.099701881408691
0.11363196372986
0.087449073791504
0.099117040634155
0.09897518157959
0.091845989227295
0.099318027496338
0.094996929168701
0.096050024032593
0.097744941711426
0.10120797157288
0.094152927398682
0.097023963928223
0.096946001052856
0.095993041992188
0.09975790977478
0.096851825714111
0.10400700569153
0.097501993179321
0.098308086395264
0.11014890670776
0.10038304328918
0.10052704811096
0.09382700920105
0.11098790168762
0.098273038864136
0.096704959869385
0.098832130432129
0.095046043395996
0.092745780944824
0.095575094223022
0.10116291046143
0.094506978988647
0.097012996673584
0.094573974609375
0.091086149215698
0.10260987281799
0.1017849445343
0.11336183547974
0.10561990737915
0.090003967285156
0.09095311164856
0.095985889434814
0.10374999046326
0.088821887969971
0.10539388656616
0.10023403167725
0.092593908309937
0.10043811798096
0.096477031707764
0.091437101364136
0.10099697113037
0.09026312828064
0.098673105239868
0.094555139541626
0.10032510757446
0.10338592529297
0.11058688163757
0.098536014556885
0.093367099761963
0.094246864318848
0.091356039047241
0.09751296043396
0.099961042404175
0.11520004272461
0.10027098655701
0.091996192932129
0.088264942169189
0.091384887695312
0.095500946044922
0.10100317001343
0.091922998428345
0.10587286949158
0.098573923110962
0.091782093048096
0.096413850784302
0.095760107040405
0.094319105148315
0.093837976455688
0.102205991745
0.10647583007812
0.11978507041931
0.094359874725342
0.096788883209229
0.10104894638062
0.095293045043945
0.099907159805298
0.10233092308044
0.10941290855408
0.094807147979736
0.097378015518188
0.099902868270874
0.088577032089233
0.10691118240356
0.10372805595398
0.092607975006104
0.1000771522522
0.089401960372925
0.090424060821533
0.1032178401947
0.093394994735718
0.099694013595581
0.10074305534363
0.10374402999878
0.093729972839355
0.10388207435608
0.10382914543152
0.097908973693848
0.092487096786499
0.099176168441772
0.099157094955444
0.091799020767212
0.097678184509277
0.099019050598145
0.1007821559906
0.098689794540405
0.10582113265991
0.095202922821045
0.11700701713562
0.094218969345093
0.10012292861938
0.097548007965088
0.091616153717041
0.097820043563843
0.099524974822998
0.10083794593811
0.09477686882019
0.096196174621582
0.090527057647705
0.092314958572388
0.095423221588135
0.09906005859375
0.09998607635498
0.10755205154419
0.097965002059937
0.092473030090332
0.09384298324585
0.094035863876343
0.096035957336426
0.10504913330078
0.09769606590271
0.096030950546265
0.092012882232666
0.10211992263794
0.10121893882751
0.10045981407166
0.096628904342651
0.098388910293579
0.097990989685059
0.10239601135254
0.090960025787354
0.095530033111572
0.095080137252808
0.091126918792725
0.093008995056152
0.094877958297729
0.10314679145813
0.10290908813477
0.093975067138672
0.093717098236084
0.093019962310791
0.094511032104492
0.10851001739502
0.091924905776978
0.091488122940063
0.090287923812866
0.093517065048218
0.10326313972473
0.1026668548584
0.09348201751709
0.098816871643066
0.10126399993896
0.092382907867432
0.097159862518311
0.1106858253479
0.098573923110962
0.11459493637085
0.091326951980591
0.099759817123413
0.092183113098145
0.10421895980835
0.11397504806519
0.092684984207153
0.14861583709717
0.094020128250122
0.098005056381226
0.11091303825378
0.095360040664673
0.10388016700745
0.094483137130737
0.10930991172791
0.20685911178589
0.095940113067627
0.09129810333252
0.091213941574097
0.097971200942993
0.093529939651489
0.093096017837524
0.093846082687378
0.1010160446167
0.097259044647217
0.096727132797241
0.10314583778381
0.12781000137329
0.099503993988037
0.097973108291626
0.09619402885437
0.09847092628479
0.092066049575806
0.10012316703796
0.095301866531372
0.10170316696167
0.099326133728027
0.095764875411987
0.090443849563599
0.10632181167603
0.098948955535889
0.098654985427856
0.096759080886841
0.10477089881897
0.10105609893799
0.093065023422241
0.093951940536499
0.10302209854126
0.095566034317017
0.096553087234497
0.09279990196228
0.099540948867798
0.10400605201721
0.10183715820312
0.097410917282104
0.10591006278992
0.08932089805603
0.095285892486572
0.092075109481812
0.10920000076294
0.10048389434814
0.093462944030762
0.093631982803345
0.097185850143433
0.099346160888672
0.094210147857666
0.10751509666443
0.096295118331909
0.097808122634888
0.093941926956177
0.092282056808472
0.095462083816528
0.095153093338013
0.093403100967407
0.098203897476196
0.099600076675415
0.092402935028076
0.098609924316406
0.095486164093018
0.095079183578491
0.10064387321472
0.090350866317749
0.099041223526001
0.092553853988647
0.088090896606445
0.10411500930786
0.089117050170898
0.099717140197754
0.10441708564758
0.093106031417847
0.098472118377686
0.11646509170532
0.091878175735474
0.10705399513245
0.096851825714111
0.099872827529907
0.09481406211853
0.099737882614136
0.096436023712158
0.092087984085083
0.09810996055603
0.10282683372498
0.10710096359253
0.098433971405029
0.097626924514771
0.098471164703369
0.090279102325439
0.092966079711914
0.10995316505432
0.098489999771118
0.08961009979248
0.093338012695312
0.10464787483215
0.096964836120605
0.092792987823486
0.098679065704346
0.098065137863159
0.094804048538208
0.10221099853516
0.08923602104187
0.092931985855103
0.09660792350769
0.09823203086853
0.09460186958313
0.10915517807007
0.089724063873291
0.10107088088989
0.089336156845093
0.098726987838745
0.10008907318115
0.097193956375122
0.10314512252808
0.10316681861877
0.098635911941528
0.094383001327515
0.095387935638428
0.10414695739746
0.090172052383423
0.10125494003296
0.095571994781494
0.090224027633667
0.096016883850098
0.11061382293701
0.09827995300293
0.095662117004395
0.091171979904175
0.10320901870728
0.09880805015564
0.091068983078003
0.096601009368896
0.090580940246582
0.096107006072998
0.10179400444031
0.10465788841248
0.094024181365967
0.094006061553955
0.10893607139587
0.092025995254517
0.097817897796631
0.090991020202637
0.10198020935059
0.09736180305481
0.093885183334351
0.092854976654053
0.10950517654419
0.10245990753174
0.10143613815308
0.099286079406738
0.093764066696167
0.095923900604248
0.095036029815674
0.097532987594604
0.094727993011475
0.093570947647095
0.096312999725342
0.094740152359009
0.09342098236084
0.10259199142456
0.099426984786987
0.098005056381226
0.092576026916504
0.096061944961548
0.092499017715454
0.093510866165161
0.095686912536621
0.099277973175049
0.090106010437012
0.099437952041626
0.10043787956238
0.099925994873047
0.097301959991455
0.098676919937134
0.097573041915894
0.09296703338623
0.095823049545288
0.10055708885193
0.10016894340515
0.09827995300293
0.090700149536133
0.1008460521698
0.094256162643433
0.094238042831421
0.10519003868103
0.10234785079956
0.099262952804565
0.087001085281372
0.092880964279175
0.096302032470703
0.09394907951355
0.10304307937622
0.094175100326538
0.10581588745117
0.09152889251709
0.094738006591797
0.096983194351196
0.091593980789185
0.10032486915588
0.094669103622437
0.09120512008667
0.095885038375854
0.091887950897217
0.093235969543457
0.098026037216187
0.098550796508789
0.092761993408203
0.10014414787292
0.093842029571533
0.11384701728821
0.097057104110718
0.098027944564819
0.095003843307495
0.096216917037964
0.091941833496094
0.11099910736084
0.094882011413574
0.095118999481201
0.094213008880615
0.099947929382324
0.09514307975769
0.097366094589233
0.090013027191162
0.10483002662659
0.099012136459351
0.099012851715088
0.09967303276062
0.096795797348022
0.095721006393433
0.092469930648804
0.10236287117004
0.093247175216675
0.093282222747803
0.1006019115448
0.094017028808594
0.092849969863892
0.10075807571411
0.096191883087158
0.10144710540771
0.095252990722656
0.096740007400513
0.099775075912476
0.091889142990112
0.099123954772949
0.098891019821167
0.09709095954895
0.094545125961304
0.09790301322937
0.091432809829712
0.10141181945801
0.097709894180298
0.091253995895386
0.092932939529419
0.089184999465942
0.10619306564331
0.097784042358398
0.093239068984985
0.091142892837524
0.09769606590271
0.09830904006958
0.097784996032715
0.10904002189636
0.091355085372925
0.094714879989624
0.092615127563477
0.095277070999146
0.095074892044067
0.094440937042236
0.11003994941711
0.092087984085083
0.090496063232422
0.096225023269653
0.09484601020813
0.089912176132202
0.094900131225586
0.10182404518127
0.10369396209717
0.098016977310181
0.090087890625
0.10266304016113
0.11503410339355
0.094088077545166
0.099813938140869
0.089380979537964
0.093914031982422
0.11146807670593
0.090981960296631
0.098916053771973
0.096266984939575
0.10126399993896
0.096481084823608
0.088768005371094
0.096500873565674
0.099625110626221
0.093410968780518
0.10248112678528
0.094915866851807
0.093055009841919
0.095130205154419
0.097503900527954
0.10032892227173
0.099286079406738
0.097407102584839
0.10015797615051
0.11308002471924
0.10308384895325
0.091856002807617
0.093351125717163
0.097262859344482
0.09491491317749
0.090565919876099
0.098299980163574
0.092425107955933
0.096350193023682
0.10021710395813
0.098928928375244
0.095890045166016
0.09622597694397
0.10574102401733
0.099357843399048
0.097943067550659
0.09095287322998
0.094679832458496
0.096029996871948
0.095578908920288
0.095791816711426
0.10046315193176
0.094305992126465
0.095937967300415
0.094671010971069
0.10588693618774
0.094309091567993
0.094533205032349
0.098679065704346
0.10751509666443
0.094433784484863
0.096817016601562
0.0921950340271
0.099203824996948
0.096889972686768
0.099355936050415
0.10051012039185
0.095222949981689
0.095813989639282
0.10109806060791
0.10130405426025
0.095288991928101
0.097491979598999
0.098305940628052
0.097472906112671
0.09650993347168
0.10080599784851
0.094537019729614
0.09924578666687
0.094666957855225
0.10239481925964
0.09272313117981
0.099478960037231
0.093860864639282
0.099684953689575
0.098796844482422
0.10018587112427
0.090949058532715
0.12369084358215
0.096318006515503
0.092405080795288
0.090817928314209
0.095988988876343
0.0987229347229
0.10121512413025
0.10860085487366
0.11177206039429
0.095684051513672
0.1003041267395
0.10526418685913
0.094027042388916
0.099349975585938
0.091352939605713
0.094522953033447
0.099000930786133
0.089766979217529
0.092683076858521
0.091120004653931
0.10258889198303
0.10899710655212
0.10424399375916
0.10449314117432
0.096295118331909
0.095426082611084
0.096588134765625
0.09776496887207
0.10451483726501
0.091613054275513
0.089855909347534
0.10130000114441
0.10569190979004
0.10890603065491
0.09618091583252
0.096231937408447
0.098735809326172
0.099247932434082
0.10336399078369
0.093892097473145
0.089118957519531
0.10031008720398
0.095633983612061
0.096034049987793
0.095768928527832
0.099942922592163
0.10262584686279
0.094887018203735
0.097861051559448
0.097162961959839
0.10207080841064
0.10278391838074
0.11018490791321
0.10250020027161
0.098721981048584
0.10017085075378
0.092310905456543
0.088555097579956
0.095296859741211
0.10167288780212
0.097912073135376
0.1023120880127
0.10090398788452
0.096499919891357
0.094218015670776
0.096014976501465
0.094316005706787
0.099346876144409
0.095854997634888
0.10574698448181
0.091173887252808
0.093317031860352
0.094833850860596
0.098472118377686
0.1070339679718
0.094401121139526
0.097491979598999
0.096342086791992
0.10355091094971
0.094146013259888
0.096500158309937
0.09071683883667
0.095976114273071
0.097056865692139
0.095709085464478
0.09395694732666
0.095332145690918
0.094969034194946
0.09653902053833
0.097270011901855
0.099139928817749
0.089624166488647
0.21006011962891
0.09365701675415
0.098283052444458
0.095624923706055
0.10458517074585
0.10367202758789
0.10259294509888
0.091169118881226
0.099009990692139
0.094874858856201
0.089461088180542
0.09351110458374
0.09486985206604
0.10288596153259
0.092839002609253
0.09697413444519
0.10320806503296
0.10211205482483
0.10191488265991
0.09375
0.099312782287598
0.090019941329956
0.092673063278198
0.097921133041382
0.090088129043579
0.098289012908936
0.090355157852173
0.10022711753845
0.098834991455078
0.092505931854248
0.093000173568726
0.095932960510254
0.10153603553772
0.093504905700684
0.10766315460205
0.08958911895752
0.096096992492676
0.097429990768433
0.11228084564209
0.10614800453186
0.09332799911499
0.092810153961182
0.091022968292236
0.093997001647949
0.093714952468872
0.09577202796936
0.10301113128662
0.094727039337158
0.31219792366028
0.10136413574219
0.093598127365112
0.3246169090271
0.094934940338135
0.088665008544922
0.099088907241821
0.092626810073853
0.10262489318848
0.10168600082397
0.097758054733276
0.10122799873352
0.099277019500732
0.097388029098511
0.10064911842346
0.097333908081055
0.091746807098389
0.097585916519165
0.10657000541687
0.093087911605835
0.099437952041626
0.095314979553223
0.091126203536987
0.096361875534058
0.10143804550171
0.096842050552368
0.091883897781372
0.099894046783447
0.095730066299438
0.092545032501221
0.098825931549072
0.094978809356689
0.0967857837677
0.10101199150085
0.10095906257629
0.09115195274353
0.10169291496277
0.093934059143066
0.10539793968201
0.093212127685547
0.090650081634521
0.089995145797729
0.09128999710083
0.09258508682251
0.10036993026733
0.10223603248596
0.092774152755737
0.095079183578491
0.095015048980713
0.10204577445984
0.10343313217163
0.092394828796387
0.099215030670166
0.090916872024536
0.10019588470459
0.10510611534119
0.10322403907776
0.095340013504028
0.094229936599731
0.10049605369568
0.10220408439636
0.095371007919312
0.096101999282837
0.098445892333984
0.095827102661133
0.09834885597229
0.10183811187744
0.09144401550293
0.10298013687134
0.094489097595215
0.094108819961548
0.096081018447876
0.097200155258179
0.10075402259827
0.091507911682129
0.093837976455688
0.095123052597046
0.098781824111938
3.528548002243
0.091969013214111
0.096981048583984
0.1065719127655
0.08995795249939
0.090897083282471
0.10315108299255
0.096982955932617
0.10010313987732
0.089635133743286
0.09613299369812
0.08962082862854
0.094027042388916
0.089552879333496
0.095574855804443
0.095191955566406
0.08920693397522
0.094573974609375
0.090086936950684
0.089248895645142
0.095278978347778
0.10196900367737
0.10129904747009
0.09445595741272
0.1033411026001
0.093849182128906
0.14414596557617
0.094383001327515
0.096991062164307
0.10258293151855
0.10234618186951
0.10102701187134
0.088352918624878
0.093178987503052
0.097966909408569
0.10052514076233
0.09883189201355
0.093923091888428
0.09572696685791
0.094773054122925
0.097877979278564
0.097548961639404
0.097203969955444
0.092666149139404
0.096895933151245
0.089989900588989
0.088888883590698
0.10464000701904
0.09296178817749
0.099148035049438
0.098910808563232
0.08945894241333
0.09430718421936
0.10990190505981
0.10758304595947
0.097511053085327
0.092385053634644
0.090924978256226
0.091044187545776
0.096878051757812
0.10918092727661
0.089817047119141
0.10046315193176
0.096477031707764
0.094969987869263
0.09430718421936
0.090977907180786
0.09712290763855
0.097798109054565
0.10187602043152
0.09395694732666
0.09800386428833
0.097007036209106
0.099836111068726
0.095095872879028
0.10257816314697
0.094253778457642
0.10011100769043
0.088743209838867
0.10317611694336
0.093679904937744
0.094664096832275
0.091273069381714
0.093529939651489
0.094108104705811
0.095484972000122
0.10181999206543
0.089051008224487
0.11876487731934
0.10414791107178
0.095744848251343
0.09950590133667
0.092756032943726
0.099138021469116
0.10085988044739
0.09804892539978
0.090136051177979
0.10033893585205
0.095982074737549
0.1008288860321
0.093505859375
0.093542814254761
0.09099292755127
0.090266942977905
0.09868311882019
0.093976974487305
0.097506046295166
0.094422817230225
0.10069108009338
0.097533941268921
0.093246936798096
0.10534906387329
0.09626317024231
0.094786882400513
0.095589876174927
0.091475963592529
0.11558198928833
0.097800016403198
0.10191202163696
0.10430216789246
0.092767000198364
0.10106205940247
0.11554098129272
0.094377994537354
0.096934080123901
0.095512866973877
0.09827184677124
0.092323064804077
0.090670824050903
0.097320079803467
0.094270944595337
0.092597961425781
0.092720985412598
0.097600936889648
0.097708940505981
0.097053050994873
0.094181060791016
0.10246896743774
0.10233497619629
0.094827175140381
0.097563982009888
0.10216188430786
0.097485065460205
0.10197186470032
0.094916820526123
0.10749411582947
0.10379600524902
0.099323034286499
0.092856884002686
0.097764015197754
0.097243070602417
0.091439962387085
0.094404935836792
0.092797994613647
0.087867975234985
0.091353893280029
0.089946031570435
0.098184108734131
0.096946001052856
0.10234117507935
0.10390901565552
0.092790842056274
0.090466976165771
0.089329957962036
0.092494010925293
0.09575891494751
0.092926979064941
0.094374895095825
0.12126493453979
0.096893072128296
0.097347974777222
0.091292142868042
0.093499898910522
0.092159032821655
0.10034489631653
0.087400913238525
0.091174125671387
0.093812942504883
0.090868949890137
0.12558507919312
0.090769052505493
0.10267305374146
0.096882104873657
0.092880010604858
0.10003900527954
0.093291044235229
0.10291600227356
0.091382026672363
0.10042309761047
0.099488973617554
0.098074913024902
0.10428309440613
0.090829133987427
0.090184926986694
0.090877056121826
0.10054898262024
0.098264217376709
0.099064826965332
0.096011877059937
0.090773105621338
0.10042715072632
0.094125986099243
0.096035003662109
0.088064908981323
0.095525026321411
0.094750165939331
0.092519998550415
0.094355821609497
0.091392993927002
0.11504507064819
0.1004319190979
0.092563152313232
0.093042850494385
0.10190391540527
0.10254383087158
0.094361066818237
0.09355092048645
0.10225296020508
0.093425035476685
0.096892833709717
0.10171890258789
0.094852209091187
0.091941833496094
0.10281491279602
0.092627048492432
0.091710090637207
0.096156120300293
0.096479892730713
0.10106086730957
0.1221878528595
0.092934846878052
0.087416172027588
0.090330839157104
0.10212397575378
0.09155011177063
0.092309951782227
0.094817161560059
0.094074010848999
0.090466022491455
0.098865032196045
0.097108840942383
0.099109888076782
0.090820074081421
0.097666025161743
0.088281154632568
0.096312999725342
0.089956998825073
0.091423034667969
0.10960006713867
0.097023010253906
0.10317015647888
0.10132908821106
0.08926796913147
0.096580982208252
0.10039305686951
0.099181175231934
0.10464096069336
0.10221004486084
0.10331988334656
0.10255002975464
0.098513126373291
0.10425496101379
0.105299949646
0.093860864639282
0.097513198852539
0.090497970581055
0.090616941452026
0.10252690315247
0.095701932907104
0.093874931335449
0.095755100250244
0.091929197311401
0.10647988319397
0.095386981964111
0.092120885848999
0.099199056625366
0.0938560962677
0.096832990646362
0.10040593147278
0.11126303672791
0.094034910202026
0.091398954391479
0.091190814971924
0.14744782447815
0.092648983001709
0.098658084869385
0.097723007202148
0.09107494354248
0.093372106552124
0.094048976898193
0.11903619766235
0.098765134811401
0.14980912208557
0.095322847366333
0.095461845397949
0.096906185150146
0.10124015808105
0.10306096076965
0.094483137130737
0.096430063247681
0.093376159667969
0.093183994293213
0.10327911376953
0.10147905349731
0.10029196739197
0.10314202308655
0.094709157943726
0.097723007202148
0.098872900009155
0.098644971847534
0.1020188331604
0.096899032592773
0.10081100463867
0.10001182556152
0.099126100540161
0.095097064971924
0.10174894332886
0.10086703300476
0.091625928878784
0.10502600669861
0.10066485404968
0.092603921890259
0.093191146850586
0.10102391242981
0.09418511390686
0.092381000518799
0.095108032226562
0.091425895690918
0.10085701942444
0.091804981231689
0.10303711891174
0.10089087486267
0.092796802520752
0.099634885787964
0.10397005081177
0.08914589881897
0.099845886230469
0.094437837600708
0.092567205429077
0.09235692024231
0.097323894500732
0.10775804519653
0.10347199440002
0.10171985626221
0.087953805923462
0.091850996017456
0.10009598731995
0.090306997299194
0.088977098464966
0.094374179840088
0.10241103172302
0.093884944915771
0.10000109672546
0.09673285484314
0.096901893615723
0.097609996795654
0.093305826187134
0.10777997970581
0.10507082939148
0.10206007957458
0.10587882995605
0.094216823577881
0.10184216499329
0.091977834701538
0.094470977783203
0.093037843704224
0.097074031829834
0.091135025024414
0.12820386886597
0.096939086914062
0.096825838088989
0.099400043487549
0.098647117614746
0.095421075820923
0.090147018432617
0.095522880554199
0.096709012985229
0.099761962890625
0.098267078399658
0.1015248298645
0.095484018325806
0.094642162322998
0.099754095077515
0.099812984466553
0.098365068435669
0.09443187713623
0.10390305519104
0.097776889801025
0.093513965606689
0.08962607383728
0.098364114761353
0.10065412521362
0.090240955352783
0.10097289085388
0.10231995582581
0.10118293762207
0.096668004989624
0.10087490081787
0.11371493339539
0.10156297683716
0.095033884048462
0.096407890319824
0.097110986709595
0.098728895187378
0.096004009246826
0.09514594078064
0.10120701789856
0.090293884277344
0.10552716255188
0.10720896720886
0.10430407524109
0.10260987281799
0.093216896057129
0.10638999938965
0.093533992767334
0.10385894775391
0.099723100662231
0.10569596290588
0.093170166015625
0.09874701499939
0.10605216026306
0.091268062591553
0.10611414909363
0.098928928375244
0.093499898910522
0.097328186035156
0.11904215812683
0.10015797615051
0.10119605064392
0.092283010482788
0.10111594200134
0.10078811645508
0.10191202163696
0.096327066421509
0.09839391708374
0.092303037643433
0.098734855651855
0.097204208374023
0.094426870346069
0.091969966888428
0.098436832427979
0.098274946212769
0.091909170150757
0.094571113586426
0.10275483131409
0.092549085617065
0.093379020690918
0.092212200164795
0.1019299030304
0.10366797447205
0.088949918746948
0.095701932907104
0.099845886230469
0.093024015426636
0.10446000099182
0.096115112304688
0.09315299987793
0.096861839294434
0.096143960952759
0.098995208740234
0.092396020889282
0.10731410980225
0.096123933792114
0.11565589904785
0.091970920562744
0.096374988555908
0.098984003067017
0.090952157974243
0.089379787445068
0.094822883605957
0.096043109893799
0.09340500831604
0.092559099197388
0.099165916442871
0.095952033996582
0.090495824813843
0.094696044921875
0.10515689849854
0.098511934280396
0.093868970870972
0.094578981399536
0.091893196105957
0.093541860580444
0.097571849822998
0.097667217254639
0.10109210014343
0.11719703674316
0.092164039611816
0.10041308403015
0.096022129058838
0.10084700584412
0.090687990188599
0.094809055328369
0.10201382637024
0.092858076095581
0.091803073883057
0.10318517684937
0.092518091201782
0.089824914932251
0.10233306884766
0.095907926559448
0.10408997535706
0.10085606575012
0.10485100746155
0.10442304611206
0.096512079238892
0.097481966018677
0.10578012466431
0.0900719165802
0.099551916122437
0.10092496871948
0.08976411819458
0.096934080123901
0.1139280796051
0.090492010116577
0.093831062316895
0.09471583366394
0.09620189666748
0.094516038894653
0.090034008026123
0.095460891723633
0.099824905395508
0.096359014511108
0.094752073287964
0.10120391845703
0.094807863235474
0.097182035446167
0.093934059143066
0.099102020263672
0.098492860794067
0.1020610332489
0.097748041152954
0.090447187423706
0.096627950668335
0.099663972854614
0.092911005020142
0.099840879440308
0.09480619430542
0.096493005752563
0.10637187957764
0.095033884048462
0.1053478717804
0.090421915054321
0.090753078460693
0.10050010681152
0.09840202331543
0.094711065292358
0.10057306289673
0.11514091491699
0.09545111656189
0.096256017684937
0.09709620475769
0.10143899917603
0.10300803184509
0.10271000862122
0.10077285766602
0.10321092605591
0.09257698059082
0.092826843261719
0.10242104530334
0.10144090652466
0.10531115531921
0.097570896148682
0.12096500396729
0.099915981292725
0.097018957138062
0.094228029251099
0.1219801902771
0.090962171554565
0.096052169799805
0.10507202148438
0.095594167709351
0.092761993408203
0.092709064483643
0.090458869934082
0.093065977096558
0.10850501060486
0.092104911804199
0.094486951828003
0.099535942077637
0.095621109008789
0.094073057174683
0.097100019454956
0.095147132873535
0.10254001617432
0.094405174255371
0.12068200111389
0.1044750213623
0.091593980789185
0.098173856735229
0.099296808242798
0.10039782524109
0.098166942596436
0.097592830657959
0.11100292205811
0.11021590232849
0.091638088226318
0.092775106430054
0.096445798873901
0.091815948486328
0.092314004898071
0.094608068466187
0.095860004425049
0.093559980392456
0.092442035675049
0.088894844055176
0.092869997024536
0.094032764434814
0.089912891387939
0.11065196990967
0.098873853683472
0.095485210418701
0.097192049026489
0.10011100769043
0.10055088996887
0.094717025756836
0.094099998474121
0.1018590927124
0.095813989639282
0.096832036972046
0.11073923110962
0.10727500915527
0.10249090194702
0.10142207145691
0.098912000656128
0.089613914489746
0.094950199127197
0.10057592391968
0.096163988113403
0.095248937606812
0.093746185302734
0.095625877380371
0.094449996948242
0.08967399597168
0.10062789916992
0.096216917037964
0.096915006637573
0.097079038619995
0.096461057662964
0.097271919250488
0.10090899467468
0.10500597953796
0.10168290138245
0.096608877182007
0.099567174911499
0.095584154129028
0.095753908157349
0.095771074295044
0.099108934402466
0.094511032104492
0.099555969238281
0.096302032470703
0.10183095932007
0.08763599395752
0.099127054214478
0.099398136138916
0.090468883514404
0.095349073410034
4.0024070739746
0.098326921463013
0.095921993255615
0.092606067657471
0.096258878707886
0.10473895072937
0.094405174255371
0.10321593284607
0.097317934036255
0.094982147216797
0.10422706604004
0.1030158996582
0.09476113319397
0.099644899368286
0.098750829696655
0.10074186325073
0.10546517372131
0.090297222137451
0.096078872680664
0.1055920124054
0.09874415397644
0.094491958618164
0.0921950340271
0.099273920059204
0.099803924560547
0.11326503753662
0.095167875289917
0.098280906677246
0.098926067352295
0.10144996643066
0.10059905052185
0.090466022491455
0.1035361289978
0.092372894287109
0.10171294212341
0.090979099273682
0.097607851028442
0.094926118850708
0.095880031585693
0.094717025756836
0.21252989768982
0.096496105194092
0.097872018814087
0.10541605949402
0.1062490940094
0.10591888427734
0.1000030040741
0.093585968017578
0.092488050460815
0.10608410835266
0.096423864364624
0.098582029342651
0.09365701675415
0.097604036331177
0.095321893692017
0.098579883575439
0.097389936447144
0.09935188293457
0.09410285949707
0.091885089874268
0.094382047653198
0.088320970535278
0.096567153930664
0.088474035263062
0.090734958648682
0.095952033996582
0.11179900169373
0.10111498832703
0.1063449382782
0.13336300849915
0.091718196868896
0.10153484344482
0.097038984298706
0.12018704414368
0.092343091964722
0.094149112701416
0.095964908599854
0.095721960067749
0.098922967910767
0.096472024917603
0.097809076309204
0.10356616973877
0.1015989780426
0.092828989028931
0.093493938446045
0.10057711601257
0.096936941146851
0.091397047042847
0.096014022827148
0.096966028213501
0.088620901107788
0.097123861312866
0.091459989547729
0.10033082962036
0.090629816055298
0.095357894897461
0.090826034545898
0.094089031219482
0.10426998138428
0.096336841583252
0.095647811889648
0.099406003952026
0.10181903839111
0.10073208808899
0.089931011199951
0.10257387161255
0.091311931610107
0.10279393196106
0.1017210483551
0.10057997703552
0.098556041717529
0.094624042510986
0.10430693626404
0.098074913024902
0.11363410949707
0.097247838973999
0.093868970870972
0.097826957702637
0.093983888626099
0.096237897872925
0.10418295860291
0.094923973083496
0.095324993133545
0.10406303405762
0.10331606864929
0.099203109741211
0.10382485389709
0.092355012893677
0.094146013259888
0.099555969238281
0.093387126922607
0.093384027481079
0.10014891624451
0.10415601730347
0.098919153213501
0.1103949546814
0.092561006546021
0.13955616950989
0.090816020965576
0.092540979385376
0.15277290344238
0.091464042663574
0.09072208404541
0.09510612487793
0.092968940734863
0.094666004180908
0.10264301300049
0.095053911209106
0.10860681533813
0.099531888961792
0.097778081893921
0.096472024917603
0.10270094871521
0.10604596138
0.093507051467896
0.10166096687317
0.099932909011841
0.096606969833374
0.098858118057251
0.093967914581299
0.094608068466187
0.094312906265259
0.094396114349365
0.095355987548828
0.097567081451416
0.099524021148682
0.10406804084778
0.10174489021301
0.10308694839478
0.092027187347412
0.10259413719177
0.091687917709351
0.095937013626099
0.097259044647217
0.1032919883728
0.09825611114502
0.1001091003418
0.092535018920898
0.096322774887085
0.09185004234314
0.099992036819458
0.10234785079956
0.09782600402832
0.10195302963257
0.096206188201904
0.10064601898193
0.090553045272827
0.10271692276001
0.092303991317749
0.10457706451416
0.090053081512451
0.089685916900635
0.099277019500732
0.091248989105225
0.39279985427856
0.091315031051636
0.096740961074829
0.097167015075684
0.093919992446899
0.1011278629303
0.095537900924683
0.09276008605957
0.099708080291748
0.096659898757935
0.11005401611328
0.097983121871948
0.099177837371826
0.095005035400391
0.094855070114136
0.088706970214844
0.099581003189087
0.10513210296631
0.091915845870972
0.095733880996704
0.098813056945801
0.095354080200195
0.10206699371338
0.092157125473022
0.091072797775269
0.1469190120697
0.12619805335999
0.098070859909058
0.10083484649658
0.094078063964844
0.088248014450073
0.10191917419434
0.098829030990601
0.091175079345703
0.088298082351685
0.089154005050659
0.10125398635864
0.10711097717285
0.10062003135681
0.092517137527466
0.09662389755249
0.096967935562134
0.097126960754395
0.15517377853394
0.098371982574463
0.091945886611938
0.094563007354736
0.097740888595581
0.092962026596069
0.098900079727173
0.098636150360107
0.096288919448853
0.089575052261353
0.10281300544739
0.094379901885986
0.10285305976868
0.091511011123657
0.095900058746338
0.10118699073792
0.10297417640686
0.119225025177
0.094954013824463
0.090371131896973
0.095901012420654
0.098943948745728
0.10069799423218
0.1041841506958
0.089503049850464
0.090993881225586
0.098845958709717
0.092924118041992
0.099465847015381
0.10749101638794
0.1098518371582
0.092057943344116
0.093131065368652
0.11630511283875
0.093981027603149
0.092587947845459
0.093702077865601
0.098901987075806
0.15033197402954
0.095489025115967
0.09667706489563
0.096369028091431
0.091750144958496
0.099551916122437
0.098717927932739
0.099881172180176
0.094161033630371
0.096931934356689
0.091516017913818
0.09041690826416
0.10785913467407
0.10199999809265
0.10493683815002
0.10433602333069
0.090392112731934
0.096904993057251
0.091729164123535
0.10077285766602
0.096931219100952
0.094318866729736
0.09813404083252
0.093369007110596
0.094038009643555
0.098031997680664
0.095116138458252
0.096034049987793
0.097392082214355
0.094370126724243
0.10464596748352
0.090437889099121
0.097509145736694
0.093804121017456
0.090672969818115
0.10157012939453
0.090110063552856
0.12462711334229
0.10218000411987
0.093364000320435
0.094111919403076
0.1047580242157
0.099638938903809
0.093140840530396
0.092616081237793
0.10259389877319
0.10297799110413
0.092233896255493
0.093969106674194
0.10041880607605
0.094170093536377
0.10011720657349
0.097102880477905
0.091006994247437
0.095972061157227
0.10483813285828
0.10605192184448
0.092863082885742
0.09581995010376
0.09454607963562
0.091569900512695
0.087538957595825
0.21624493598938
0.093805074691772
0.093985080718994
0.091760158538818
0.09843111038208
0.091998100280762
0.094682931900024
0.09296703338623
0.10419201850891
0.10026597976685
0.092862129211426
0.10392093658447
0.097639083862305
0.10249090194702
0.091922044754028
0.089590787887573
0.095995187759399
0.092404127120972
0.094611883163452
0.094725847244263
0.091145992279053
0.094915151596069
0.11077094078064
0.096560001373291
0.091624021530151
0.094881057739258
0.095694065093994
0.098006963729858
0.10222291946411
0.092659950256348
0.095110893249512
0.093905925750732
0.099912166595459
0.10091710090637
0.1047580242157
0.10330605506897
0.096944808959961
0.095265865325928
0.10848593711853
0.10195302963257
0.093770980834961
0.099751949310303
0.090023040771484
0.094781160354614
0.10846590995789
0.091786861419678
0.11602687835693
0.093276977539062
0.1063380241394
0.098432064056396
0.10154700279236
0.15325593948364
0.10282015800476
0.10624885559082
0.094796895980835
0.092628955841064
0.090921878814697
0.094231843948364
0.15335893630981
0.09103798866272
0.092478036880493
0.09070086479187
0.10022687911987
0.10684394836426
0.092693090438843
0.094573974609375
0.09091591835022
0.091856002807617
0.099738836288452
0.093257188796997
0.095787048339844
0.102383852005
0.090818166732788
0.095040082931519
0.09228777885437
0.094094038009644
0.10149216651917
0.097847938537598
0.10382890701294
0.096556901931763
0.094197988510132
0.092913150787354
0.092892169952393
0.10021805763245
0.09846305847168
0.092845916748047
0.098910093307495
0.096251964569092
0.098070859909058
0.088728189468384
0.10313415527344
0.090206861495972
0.102294921875
0.089066982269287
0.09663200378418
0.095140933990479
0.098824977874756
0.093771934509277
0.10094285011292
0.099844932556152
0.10017108917236
0.10293197631836
0.09492301940918
0.10020399093628
0.091655015945435
0.094336032867432
0.098132848739624
0.095360040664673
0.095433950424194
0.090544939041138
0.095532178878784
0.095844030380249
0.099689960479736
0.094188928604126
0.089869022369385
0.10131311416626
0.096142053604126
0.093034029006958
0.10131001472473
0.40073800086975
0.092530012130737
0.10077404975891
0.094835042953491
0.093003034591675
0.094778060913086
0.091391086578369
0.096941947937012
0.099504947662354
0.096066951751709
0.094344854354858
0.098200082778931
0.095034837722778
0.096415996551514
0.10099101066589
0.10115098953247
0.099579095840454
0.093730926513672
0.089461803436279
0.095823049545288
0.096163034439087
0.090773105621338
0.10283398628235
0.094692945480347
0.098771095275879
0.094386100769043
0.10683393478394
0.093302965164185
0.10330986976624
0.094322919845581
0.092262983322144
0.091694116592407
0.093715906143188
0.092330932617188
0.098701000213623
0.091246128082275
0.094344854354858
0.096553087234497
0.10422086715698
0.10152220726013
0.40442609786987
0.094382047653198
0.091261863708496
0.098891973495483
0.089256048202515
0.10307002067566
0.15145897865295
0.094590902328491
0.099865913391113
0.097645044326782
0.10192799568176
0.096655130386353
0.10319519042969
0.099711179733276
0.12789988517761
0.099391937255859
0.097120046615601
0.099655151367188
0.090789079666138
0.095093011856079
0.091828107833862
0.088994979858398
0.092313051223755
0.096879959106445
0.095391988754272
0.10019302368164
0.10811185836792
0.092605113983154
0.094729900360107
0.10212802886963
0.10541582107544
0.094317197799683
0.088560104370117
0.092982053756714
0.14087390899658
0.10113883018494
0.093235015869141
0.087774038314819
0.098782062530518
0.099678993225098
0.10442996025085
0.097547054290771
0.090476989746094
0.096548080444336
0.10738587379456
0.094680786132812
0.092188119888306
0.094377994537354
0.089730978012085
0.1049919128418
0.089334964752197
0.097262144088745
0.10065197944641
0.10231804847717
0.098922967910767
0.095691919326782
0.090983867645264
0.099318981170654
0.090327978134155
0.095610857009888
0.093658924102783
0.1009738445282
0.10593318939209
0.090426921844482
0.09733510017395
0.10537481307983
0.09613299369812
0.088012933731079
0.10452604293823
0.10566210746765
0.087307929992676
0.099487066268921
0.099155902862549
0.12009596824646
0.10230302810669
0.094990968704224
0.098391056060791
0.093578815460205
0.094035148620605
0.095720052719116
0.099047899246216
0.094381093978882
0.098556041717529
0.096218824386597
0.096359014511108
0.09210205078125
0.09086012840271
0.097412824630737
0.088321924209595
0.1009361743927
0.091168880462646
0.096542835235596
0.092242956161499
0.090083837509155
0.10487413406372
0.095448970794678
0.094470977783203
0.10823011398315
0.09131383895874
0.09946608543396
0.093225955963135
0.090173959732056
0.095901012420654
0.092845916748047
0.10866212844849
0.09424090385437
0.099087953567505
0.098191022872925
0.095262050628662
0.10232996940613
0.093669891357422
0.16449499130249
0.10055494308472
0.092803955078125
0.096673965454102
0.094697952270508
0.099797010421753
0.098278999328613
0.092617034912109
0.10971903800964
0.099472045898438
0.096041202545166
0.10763502120972
0.094485998153687
0.091687917709351
0.096076011657715
0.095992803573608
0.10142183303833
0.10723900794983
0.09568977355957
0.10631799697876
0.11907887458801
0.092958927154541
0.093245983123779
0.0940101146698
0.14542102813721
0.11527109146118
0.10261297225952
0.10494589805603
0.091617107391357
0.11926198005676
0.1000030040741
0.15930604934692
0.091407060623169
0.094338893890381
0.10020303726196
0.097460985183716
0.1008939743042
0.10362005233765
0.096388101577759
0.093430995941162
0.098827123641968
0.10158801078796
0.09101414680481
0.10128712654114
0.097240924835205
0.098827123641968
0.091697931289673
0.090677976608276
0.092939853668213
0.096415042877197
0.097847938537598
0.098357915878296
0.093837976455688
0.088978052139282
0.090482950210571
0.096292018890381
0.099170923233032
0.099478960037231
0.093859910964966
0.10036396980286
0.097044944763184
0.10382103919983
0.096101045608521
0.22578597068787
0.092764139175415
0.094579935073853
0.093637943267822
0.091490030288696
0.094312906265259
0.089124202728271
0.094640016555786
0.1068000793457
0.10865998268127
0.093346118927002
0.096269845962524
0.095486879348755
0.10215997695923
0.094240188598633
0.10721802711487
0.090953826904297
0.10222196578979
0.099841117858887
0.097493171691895
0.094034910202026
0.090701103210449
0.099921941757202
0.09092903137207
0.10083198547363
0.099266052246094
0.091481924057007
0.092610120773315
0.100417137146
0.092287063598633
0.1037540435791
0.090166091918945
0.093605041503906
0.098648071289062
0.09417200088501
0.092709064483643
0.096369028091431
0.10462498664856
0.091035842895508
0.09776782989502
0.094727993011475
0.10267496109009
0.099721193313599
0.090293884277344
0.092359066009521
0.093612909317017
0.097359895706177
0.093663930892944
0.09282398223877
0.093924999237061
0.094072103500366
0.094809770584106
0.10460901260376
0.096763134002686
0.098952054977417
0.09307599067688
0.087379932403564
0.090419054031372
0.099117994308472
0.090306043624878
0.097377061843872
0.097511053085327
0.096662044525146
0.093032121658325
0.095850944519043
0.10651397705078
0.097241878509521
0.093719959259033
0.10295414924622
0.09940505027771
0.11322784423828
0.097447156906128
0.096786022186279
0.097832918167114
0.097064971923828
0.093907117843628
0.097292900085449
0.096860885620117
0.09755802154541
0.10182309150696
0.10009503364563
0.091477155685425
0.096009969711304
0.10423588752747
0.096497058868408
0.10375094413757
0.10800790786743
0.09847617149353
0.093900918960571
0.099880933761597
0.096308946609497
0.10226702690125
0.097177028656006
0.094745874404907
0.088889122009277
0.09728217124939
0.10100483894348
0.10952711105347
0.10262703895569
0.10176301002502
0.092387914657593
0.09817099571228
0.097270965576172
0.09794807434082
0.089790821075439
0.096907138824463
0.099128007888794
0.091228008270264
0.095475912094116
0.10219502449036
0.10001802444458
0.096457004547119
0.097543001174927
0.12366199493408
0.096611976623535
0.094472885131836
0.096819162368774
0.094295024871826
0.091423034667969
0.10381197929382
0.10691499710083
0.09677791595459
0.092375040054321
0.098483800888062
0.095737934112549
0.094054937362671
0.10055804252625
0.10635709762573
0.096143007278442
0.097685098648071
0.095843076705933
0.097064018249512
0.090987920761108
0.095711946487427
0.088781833648682
0.092817068099976
0.096349000930786
0.097534894943237
0.09391188621521
0.099127054214478
0.096871852874756
0.099281072616577
0.094849824905396
0.1008129119873
0.098150968551636
0.097767114639282
0.09258508682251
0.098963975906372
0.097692012786865
0.11003494262695
0.091261863708496
0.091408014297485
0.095197916030884
0.10222721099854
0.10371708869934
0.091349124908447
0.091670036315918
0.09434700012207
0.10056400299072
0.099580049514771
0.099456071853638
0.088274002075195
0.093350887298584
0.096349000930786
0.10481715202332
0.092325925827026
0.1025550365448
0.097858905792236
0.098069906234741
0.21834111213684
0.10111904144287
0.096544027328491
0.092229843139648
0.097656011581421
0.10185480117798
0.090718030929565
0.094836950302124
0.095327854156494
0.097572088241577
0.10000514984131
0.10899209976196
0.097316026687622
0.10575985908508
0.094752073287964
0.10097599029541
0.09602689743042
0.099334955215454
0.10084009170532
0.090140819549561
0.095722913742065
0.096855878829956
0.11489391326904
0.092258930206299
0.097369194030762
0.10706305503845
0.10443711280823
0.10216617584229
0.095899105072021
0.097630977630615
0.10020804405212
0.089224100112915
0.083758115768433
0.10007309913635
0.10127377510071
0.094264030456543
0.097053050994873
0.10094809532166
0.098253011703491
0.090912103652954
0.095625162124634
0.10034489631653
0.093710899353027
0.094448804855347
0.10544586181641
0.097026109695435
0.095046043395996
0.092725992202759
0.099739074707031
0.094030141830444
0.093986988067627
0.096899032592773
0.10751295089722
0.10391998291016
0.10208511352539
0.09524393081665
0.089974164962769
0.10636401176453
0.089592933654785
0.10175895690918
0.096647024154663
0.096636056900024
0.10656404495239
0.093899965286255
0.098593950271606
0.10235595703125
0.096428871154785
0.094958066940308
0.09137487411499
0.098888874053955
0.090199947357178
0.097625970840454
0.090169906616211
0.093713998794556
0.098421812057495
0.10118198394775
0.090693950653076
0.10032606124878
0.099798917770386
0.11288189888
0.10071301460266
0.10592293739319
0.097238063812256
0.092774152755737
0.092652082443237
0.10045099258423
0.10267901420593
0.089568138122559
0.09691309928894
0.099040985107422
0.10582804679871
0.093131065368652
0.10125112533569
0.10242104530334
0.089900970458984
0.10336208343506
0.093811988830566
0.095757007598877
0.091956853866577
0.10489201545715
0.093791961669922
0.095340967178345
0.10492014884949
0.094509840011597
0.096469163894653
0.096692085266113
0.096956968307495
0.094599008560181
0.089632987976074
0.096253156661987
0.091104984283447
0.098721027374268
0.094732046127319
0.092387914657593
0.089360952377319
0.092227935791016
0.09990119934082
0.09338903427124
0.10140514373779
0.097467184066772
0.095143795013428
0.09428882598877
0.098852872848511
0.090292930603027
0.09595513343811
0.095050811767578
0.10091686248779
0.098058938980103
0.10131311416626
0.10301303863525
0.10750603675842
0.09112286567688
0.096488952636719
0.10350704193115
0.089253187179565
0.095830917358398
0.10805320739746
0.10261106491089
0.097671031951904
0.094967126846313
0.31249904632568
0.098013162612915
0.09669303894043
0.095992088317871
0.10433292388916
0.10295510292053
0.1038498878479
0.12947583198547
0.094321012496948
0.094678163528442
0.098985195159912
0.096906900405884
0.092254877090454
0.10003685951233
0.095395088195801
0.092120885848999
0.10046601295471
0.11013293266296
0.10328483581543
0.091296911239624
0.092337131500244
0.10083794593811
0.093610048294067
0.093107938766479
0.093990087509155
0.0937659740448
0.094318151473999
0.094650983810425
0.090011835098267
0.10003399848938
0.097221851348877
0.091835021972656
0.090235948562622
0.10078310966492
0.096016883850098
0.097687959671021
0.091446161270142
0.08890700340271
0.097062110900879
0.10319805145264
0.097340106964111
0.095563888549805
0.095012903213501
0.096966981887817
0.10695910453796
0.09318995475769
0.10166501998901
0.10114598274231
0.089745998382568
0.092761039733887
0.092522144317627
0.088711023330688
0.096768140792847
0.094732999801636
0.091449022293091
0.10381293296814
0.099666833877563
0.095700025558472
0.093577146530151
0.088227987289429
0.099996089935303
0.098306894302368
0.095104932785034
0.097810029983521
0.091231107711792
0.098462104797363
0.095571041107178
0.090249061584473
0.094396829605103
0.0956130027771
0.098509073257446
0.10221195220947
0.10650300979614
0.099569082260132
0.099884986877441
0.094576835632324
0.096107959747314
0.10451912879944
0.095684051513672
0.096640110015869
0.099109888076782
0.10120916366577
0.090682029724121
0.095593929290771
0.09291410446167
0.09542989730835
0.095128059387207
0.095134973526001
0.091511011123657
0.092763900756836
0.10955500602722
0.092409133911133
0.10339784622192
0.099466800689697
0.10663509368896
0.10376286506653
0.091816902160645
0.095806837081909
0.093759059906006
0.092057943344116
0.096205949783325
0.096308946609497
0.092200040817261
0.11482405662537
0.09081506729126
0.099253177642822
0.096107959747314
0.092044115066528
0.099324941635132
0.10385584831238
0.1011860370636
0.10250401496887
0.097123861312866
0.099090099334717
0.097784996032715
0.098898887634277
0.099617958068848
0.097731113433838
0.096029996871948
0.10056900978088
0.097537040710449
0.098124980926514
0.10524010658264
0.093037128448486
0.09689998626709
0.097172975540161
0.093235969543457
0.090739011764526
0.10075187683105
0.10182094573975
0.096927165985107
0.088742017745972
0.10911417007446
0.096272945404053
0.091974020004272
0.098684072494507
0.093575954437256
0.10106515884399
0.095654010772705
0.10462999343872
0.1028151512146
0.13892102241516
0.09131383895874
0.092456102371216
0.094521045684814
0.092808961868286
0.097047805786133
0.098626852035522
0.097235918045044
0.091644048690796
0.09968900680542
0.088778018951416
0.099328994750977
0.097787141799927
0.095273017883301
0.09991192817688
0.10382294654846
0.092137813568115
0.091220140457153
0.10598802566528
0.10678100585938
0.097288846969604
0.094574928283691
0.096762895584106
0.09738302230835
0.10223007202148
0.098451137542725
0.10867404937744
0.090485095977783
0.090496063232422
0.096307039260864
0.091819047927856
0.095124006271362
0.10228896141052
0.09346079826355
0.095875024795532
0.094338893890381
0.096374034881592
0.097532987594604
0.1044180393219
0.096981048583984
0.096366882324219
0.096322059631348
0.096524000167847
0.099580049514771
0.091543197631836
0.094614028930664
0.10346698760986
0.097645044326782
0.097537040710449
0.090431928634644
0.098935842514038
0.093739986419678
0.10565710067749
0.09343409538269
0.098756074905396
0.10035395622253
0.099050045013428
0.10575389862061
0.098886966705322
0.096997976303101
0.10035991668701
0.090579986572266
0.093702077865601
0.10150504112244
0.09949803352356
0.092866897583008
0.09676194190979
0.096966981887817
0.10066509246826
0.10205721855164
0.094486951828003
0.089744806289673
0.091161966323853
0.092732906341553
0.096494913101196
0.091923952102661
0.096411943435669
0.089980840682983
0.097953081130981
0.091255903244019
0.091594934463501
0.099184036254883
0.10629987716675
0.09355616569519
0.090019941329956
0.10315895080566
0.09273099899292
0.09400200843811
0.091840028762817
0.10256695747375
0.092330932617188
0.090173959732056
0.096242904663086
0.10042500495911
0.092841863632202
0.096264839172363
0.10154414176941
0.097604036331177
0.090643167495728
0.098642110824585
0.10949492454529
0.11498999595642
0.10322117805481
0.10292506217957
0.096272945404053
0.090878009796143
0.10269212722778
0.10049700737
0.090541124343872
0.091450929641724
0.093842029571533
0.099578857421875
0.095956087112427
0.094022035598755
0.089756011962891
0.094447135925293
0.09116792678833
0.10610294342041
0.096837043762207
0.089063882827759
0.093273162841797
0.09721302986145
0.096426010131836
0.095508098602295
0.10067200660706
0.096443891525269
0.092694044113159
0.11299896240234
0.096599102020264
0.10695099830627
0.097054004669189
0.095089912414551
0.10124611854553
0.089473962783813
0.097973108291626
0.09777307510376
0.099049091339111
0.094450950622559
0.09735894203186
0.096353054046631
0.09579610824585
0.097217082977295
0.094397068023682
0.10426092147827
0.10127902030945
0.093717098236084
0.097320079803467
0.10371804237366
0.09739089012146
0.095322132110596
0.098130941390991
0.095266103744507
0.10219097137451
0.09791111946106
0.094882965087891
0.099883079528809
0.095884084701538
0.10403609275818
0.095073938369751
0.091785192489624
0.092303991317749
0.091506958007812
0.097253084182739
0.091588973999023
0.10061717033386
0.094707012176514
0.097023963928223
0.11017489433289
0.092512845993042
0.094470977783203
0.095433950424194
0.091218948364258
0.10080790519714
0.099726915359497
0.092504024505615
0.088191032409668
0.096314907073975
0.101557970047
0.096998929977417
0.093695163726807
0.11467909812927
0.10191917419434
0.092146873474121
0.099712133407593
0.09557318687439
0.094158887863159
0.1045548915863
0.095480918884277
0.091423988342285
0.097028017044067
0.094274997711182
0.093748092651367
0.0970778465271
0.095285892486572
0.098741054534912
0.090251922607422
0.10132789611816
0.09207010269165
0.10270690917969
0.098409175872803
0.12549090385437
0.09877610206604
0.087821006774902
0.093319177627563
0.097331047058105
0.099225997924805
0.1036548614502
0.097257852554321
0.091930866241455
0.095570802688599
0.092521190643311
0.097153902053833
0.099058151245117
0.099030017852783
0.088598012924194
0.090774059295654
0.091327905654907
0.091495037078857
0.092571973800659
0.10338091850281
0.096243143081665
0.093024969100952
0.0990891456604
0.098689079284668
0.096469163894653
0.098510980606079
0.10584306716919
0.094621181488037
0.095186948776245
0.099977016448975
0.098253965377808
0.1028048992157
0.095906972885132
0.098360061645508
0.11634397506714
0.093736886978149
0.09918999671936
0.090982913970947
0.11171698570251
0.099691152572632
0.10166120529175
0.094882965087891
0.093111038208008
0.095600843429565
0.093677043914795
0.10073590278625
0.098234176635742
0.095227956771851
0.097072124481201
0.11447787284851
0.093533039093018
0.091367959976196
0.10079407691956
0.098382949829102
0.10880589485168
0.10714507102966
0.10133910179138
0.089576005935669
0.1028950214386
0.094341039657593
0.10412120819092
0.1056489944458
0.095180034637451
0.098095893859863
0.09077000617981
0.094818830490112
0.10470008850098
0.097036123275757
0.10904598236084
0.10331678390503
0.092854976654053
0.11104989051819
0.10009598731995
0.094878911972046
0.10595703125
0.099556922912598
0.093417882919312
0.098281145095825
0.099096059799194
0.24032187461853
0.10774898529053
0.096930027008057
0.098114013671875
0.096894979476929
0.097559928894043
0.099586009979248
0.11235189437866
0.09708309173584
0.096293926239014
0.1097149848938
0.093933820724487
0.094658136367798
0.093556880950928
0.09123682975769
0.095281839370728
0.10411787033081
0.23334789276123
0.10521006584167
0.092473030090332
0.092233896255493
0.099107027053833
0.091087102890015
0.10410714149475
0.10608291625977
0.10314798355103
0.095793962478638
0.095635175704956
0.1034300327301
0.10244607925415
0.10110402107239
0.098807096481323
0.10215306282043
0.10008502006531
0.1067910194397
0.091623067855835
0.10090684890747
0.098897933959961
0.088163137435913
0.098947048187256
0.099675178527832
0.098829030990601
0.10450387001038
0.097742080688477
0.089602947235107
0.092606067657471
0.091668128967285
0.093909978866577
0.097971200942993
0.10198712348938
0.096827983856201
0.091675043106079
0.090187072753906
0.095483064651489
0.089756011962891
0.10732102394104
0.10403108596802
0.098445892333984
0.10409808158875
0.098953008651733
0.094380140304565
0.2200710773468
0.09994101524353
0.10997796058655
0.091116905212402
0.10831785202026
0.092208862304688
0.097993850708008
0.20229601860046
0.095577001571655
0.097587108612061
0.10220694541931
0.094759941101074
0.09118914604187
0.10213780403137
0.09721302986145
0.099462985992432
0.11284017562866
0.11059403419495
0.096759080886841
0.092132806777954
0.095498085021973
0.10330700874329
0.093466997146606
0.095784902572632
0.091272115707397
0.095887899398804
0.099253177642822
0.10005497932434
0.095567941665649
0.097779035568237
0.098720073699951
0.094884157180786
0.097078084945679
0.095977067947388
0.09483003616333
0.095624923706055
0.094793081283569
0.094130039215088
0.097303152084351
0.10137605667114
0.10250997543335
0.095053911209106
0.094566822052002
0.10592007637024
0.10107183456421
0.096654891967773
0.10474300384521
0.11219000816345
0.096051931381226
0.093815088272095
0.10249304771423
0.091556072235107
0.097723007202148
0.097352981567383
0.10242199897766
0.093047857284546
0.090975046157837
0.098027944564819
0.092323064804077
0.097087144851685
0.089972972869873
0.097653150558472
0.10258102416992
0.098016977310181
0.096021890640259
0.090336084365845
0.10345315933228
0.091182947158813
0.090652942657471
0.097360134124756
0.092673063278198
0.10432100296021
0.092509984970093
0.097799062728882
0.093633890151978
0.09716796875
0.093916177749634
0.098217010498047
0.095913887023926
0.099187850952148
0.090912103652954
0.10176801681519
0.094060897827148
0.09987211227417
0.096063137054443
0.10497379302979
0.093937873840332
0.093082904815674
0.099839925765991
0.10677218437195
0.091024875640869
0.14906907081604
0.094606161117554
0.10805106163025
0.098922967910767
0.0921630859375
0.11602187156677
0.098489999771118
0.08745813369751
0.1016218662262
0.1097559928894
0.095345973968506
0.095337867736816
0.089832067489624
0.096428155899048
0.097038984298706
0.090843200683594
0.091670036315918
0.094089031219482
0.09284496307373
0.092151880264282
0.092355966567993
0.093285083770752
0.098094940185547
0.095334053039551
0.091907978057861
0.10025000572205
0.096619844436646
0.11274695396423
0.095028877258301
0.091923952102661
0.096153020858765
0.10031604766846
0.093127965927124
0.099180936813354
0.091869115829468
0.10058808326721
0.090259075164795
0.097362041473389
0.10184788703918
0.091625928878784
0.092759132385254
0.099833965301514
0.097854137420654
0.096756935119629
0.099573850631714
0.092267036437988
0.096534013748169
0.092958927154541
0.10325193405151
0.10549402236938
0.10342288017273
0.10064697265625
0.092303991317749
0.093735933303833
0.092626094818115
0.092183828353882
0.098966121673584
0.098817110061646
0.094937086105347
0.098802089691162
0.097938060760498
0.096294164657593
0.098882913589478
0.15266108512878
0.17470693588257
0.10447597503662
0.25326609611511
0.19909501075745
0.2120099067688
0.099115133285522
0.13710403442383
0.11264109611511
0.24173092842102
0.097301006317139
0.13525295257568
0.55424284934998
0.089266061782837
0.10283088684082
0.097724914550781
0.11742877960205
0.2539210319519
0.10579705238342
0.09197998046875
0.097373962402344
0.094647884368896
0.096344947814941
0.19458103179932
0.10217595100403
0.18767404556274
0.099616050720215
0.096404075622559
0.10131001472473
0.10476613044739
0.097869157791138
0.091140031814575
0.097172021865845
0.095121145248413
0.10356903076172
0.10504794120789
0.093385934829712
0.099397897720337
0.10140800476074
0.092447996139526
0.1003360748291
0.098887920379639
0.096031904220581
0.090749979019165
0.093482971191406
0.094840049743652
0.10475707054138
0.09433913230896
0.092371940612793
0.095179080963135
0.095232963562012
0.11047196388245
0.095478057861328
0.094331026077271
0.096611976623535
0.093464136123657
0.094439029693604
0.096091985702515
0.09240198135376
0.094489812850952
0.090466976165771
0.10500001907349
0.092829942703247
0.095503091812134
0.094174861907959
0.089679002761841
0.094738960266113
0.097100019454956
0.089175939559937
0.088649034500122
0.11023998260498
0.094550848007202
0.093813180923462
0.096570014953613
0.096169948577881
0.093699932098389
0.092993974685669
0.091098070144653
0.096117973327637
0.097743988037109
0.0973219871521
0.093145132064819
0.092242002487183
0.097630977630615
0.096137046813965
0.097086906433105
0.093910932540894
0.092503070831299
0.094952821731567
0.088117837905884
0.09567403793335
0.092828989028931
0.09420108795166
0.091803073883057
0.094117879867554
0.096617221832275
0.096437931060791
0.097363948822021
0.093354940414429
0.094895124435425
0.096297979354858
0.093265056610107
0.095757961273193
0.092689990997314
0.096957921981812
0.091903924942017
0.10171103477478
0.090948104858398
0.093794107437134
0.10205602645874
0.10216498374939
0.097862005233765
3.852884054184
0.096529960632324
0.10428810119629
0.10122489929199
0.10059404373169
0.092625141143799
0.092852830886841
0.092989921569824
0.10256099700928
0.093379020690918
0.089783906936646
0.096791982650757
0.097158908843994
0.090627908706665
0.099604845046997
0.09260106086731
0.092465877532959
0.10199117660522
0.097112894058228
0.10065793991089
0.10189700126648
0.09418797492981
0.091284036636353
0.097686052322388
0.098047971725464
0.09635591506958
0.10164403915405
0.11027598381042
0.1108729839325
0.095247983932495
0.099682092666626
0.093257904052734
0.091069936752319
0.092995882034302
0.097229957580566
0.09232497215271
0.092765092849731
0.095355033874512
0.0903480052948
0.092952966690063
0.095257043838501
0.094338893890381
0.09884786605835
0.10438013076782
0.087034940719604
0.099301815032959
0.092133045196533
0.099781036376953
0.10701990127563
0.092036962509155
0.10083699226379
0.10069584846497
0.094776153564453
0.091868162155151
0.098148107528687
0.09972882270813
0.10145282745361
0.096657991409302
0.10564208030701
0.099605798721313
0.096878051757812
0.0987708568573
0.093461036682129
0.096243858337402
0.095602035522461
0.091234922409058
0.091513872146606
0.10109305381775
0.10023617744446
0.1051390171051
0.10611295700073
0.10950589179993
0.093114137649536
0.12422585487366
0.096799850463867
0.096258878707886
0.099611043930054
0.087920904159546
0.097368001937866
0.098639011383057
0.094112157821655
0.091408967971802
0.10893607139587
0.098475933074951
0.10079193115234
0.10240387916565
0.095991849899292
0.1021249294281
0.091407060623169
0.10069894790649
0.089053869247437
0.096423149108887
0.10071992874146
0.091746091842651
0.094221115112305
0.088827848434448
0.10114192962646
0.093034029006958
0.10243797302246
0.10052609443665
0.097602128982544
0.092357158660889
0.14988899230957
0.095417976379395
0.1005551815033
0.097543954849243
0.091348886489868
0.10103297233582
0.10145592689514
0.096199989318848
0.091965913772583
0.096832036972046
0.093391895294189
0.09935188293457
0.10832500457764
0.13312411308289
0.094135046005249
0.098458051681519
0.10571908950806
0.093816995620728
0.0991530418396
0.097683906555176
0.094664812088013
0.098109006881714
0.10372400283813
0.092041969299316
0.11725187301636
0.09823203086853
0.10346102714539
0.08956503868103
0.10485911369324
0.091349124908447
0.09985613822937
0.10035514831543
0.10157299041748
0.090261220932007
0.091593027114868
0.2055299282074
0.08835506439209
0.097590923309326
0.11081218719482
0.09671688079834
0.10047388076782
0.094547986984253
0.092635154724121
0.092182159423828
0.092205047607422
0.09244704246521
0.19162893295288
0.10014700889587
0.099140167236328
0.13691711425781
0.097951173782349
0.11424398422241
0.099522113800049
0.097991943359375
0.10081601142883
0.097149133682251
0.094420194625854
0.097355127334595
0.097610950469971
0.097182035446167
0.09448504447937
0.095376014709473
0.095912933349609
0.15757203102112
0.099701881408691
0.10384702682495
0.099148035049438
0.10701394081116
0.092984914779663
0.098987817764282
0.094177961349487
0.09339714050293
0.098428010940552
0.099822998046875
0.099608182907104
0.15189909934998
0.088311910629272
0.14268016815186
0.099704027175903
0.10343599319458
0.092649936676025
0.093697071075439
0.099483013153076
0.09716796875
0.10898995399475
0.097670078277588
0.099056005477905
0.093852043151855
0.093413114547729
0.095484018325806
0.095406055450439
0.097075939178467
0.093242883682251
0.097944021224976
0.11540579795837
0.093280076980591
0.092453002929688
0.091706991195679
0.11382293701172
0.093652963638306
0.095154047012329
0.096140146255493
0.093477010726929
0.095499038696289
0.095745086669922
0.090759992599487
0.092230081558228
0.099873781204224
0.094115972518921
0.093286991119385
0.096100091934204
0.11448216438293
0.10343408584595
0.097447872161865
0.1009361743927
0.095594882965088
0.094330072402954
0.095913171768188
0.095398902893066
0.099429845809937
0.093006134033203
0.10226702690125
0.089247941970825
0.094521045684814
0.1030969619751
0.096909999847412
0.1089129447937
0.099476099014282
0.098528861999512
0.10185194015503
0.1990978717804
0.097223043441772
0.097177982330322
0.091126918792725
0.0920729637146
0.095560073852539
0.091432809829712
0.09327507019043
0.095417976379395
0.098546028137207
0.10934996604919
0.089355945587158
0.096957921981812
0.09827709197998
0.09853982925415
0.098543167114258
0.096188068389893
0.21368503570557
0.098057985305786
0.1017758846283
0.14506101608276
0.096287965774536
0.098144054412842
0.10748481750488
0.19744181632996
0.090507030487061
0.37192916870117
0.95929098129272
0.093393087387085
0.14433193206787
0.091279983520508
0.095436811447144
0.1382110118866
0.1042947769165
0.10018706321716
0.092988967895508
0.097458839416504
0.20777988433838
0.099581003189087
0.093332052230835
0.20949101448059
0.10197615623474
0.099261045455933
0.095791101455688
0.10571098327637
0.10145306587219
0.090977907180786
0.10171103477478
0.10389399528503
0.090800046920776
0.097411870956421
0.096166849136353
0.093357801437378
0.096972942352295
0.092804908752441
0.1037859916687
0.10196495056152
0.099678993225098
0.091259002685547
0.092046976089478
0.096865892410278
0.093804121017456
0.10403203964233
0.099064826965332
0.09780478477478
0.094106912612915
0.092413187026978
0.099877119064331
0.089468955993652
0.092991828918457
0.097315073013306
0.091125011444092
0.092488050460815
0.095927953720093
0.09418511390686
0.091156005859375
0.08870792388916
0.095663070678711
0.10994601249695
0.093433141708374
0.10063195228577
0.094523906707764
0.093594074249268
0.10266590118408
0.095801830291748
0.097409009933472
0.092555999755859
0.095195055007935
0.097635984420776
0.093990087509155
0.093976974487305
0.115797996521
0.096606969833374
0.091372966766357
0.10133600234985
0.094821929931641
0.093322038650513
0.098549127578735
0.087607860565186
0.096491098403931
0.09539794921875
0.10454607009888
0.094727039337158
0.096455097198486
0.093751907348633
0.095374822616577
0.1036012172699
0.10186696052551
0.090572834014893
0.10112309455872
0.091650009155273
0.10123610496521
0.10432505607605
0.088713884353638
0.09110689163208
0.10249781608582
0.10484600067139
0.088084936141968
0.093220949172974
0.097480058670044
0.094056844711304
0.094212770462036
0.097594976425171
0.094501972198486
0.1020839214325
0.089418172836304
0.099750995635986
0.098772048950195
0.091270923614502
0.097652912139893
0.095820903778076
0.096484184265137
0.09520411491394
0.099964141845703
0.099234819412231
0.0955970287323
0.10037398338318
0.095357894897461
0.098946809768677
0.1108660697937
0.093432903289795
0.095475912094116
0.095967054367065
0.09707498550415
0.10055112838745
0.097563028335571
0.090658187866211
0.10219812393188
0.094354152679443
0.097289085388184
0.091587066650391
0.093739986419678
0.094640016555786
0.092848062515259
0.098345041275024
0.095459938049316
0.092926025390625
0.087441921234131
0.094518899917603
0.098285913467407
0.091654062271118
0.1004478931427
0.10242414474487
0.092077970504761
0.096781969070435
0.098012924194336
0.096053123474121
0.096803903579712
0.096230030059814
0.092602014541626
0.099765062332153
0.098350048065186
0.09700608253479
0.087980985641479
0.096877813339233
0.095884084701538
0.091057062149048
0.097253084182739
0.091611862182617
0.093994855880737
0.09515905380249
0.093729972839355
0.096776962280273
0.10136914253235
0.091228008270264
0.094419956207275
0.095591068267822
0.10659790039062
0.089790821075439
0.11266088485718
0.10049414634705
0.093309879302979
0.093556880950928
0.090355157852173
0.097193002700806
0.095830917358398
0.10014510154724
0.10030817985535
0.08987283706665
0.10057616233826
0.094179153442383
0.099001884460449
0.092773914337158
0.098063945770264
0.09312891960144
0.10580611228943
0.10017395019531
0.099117994308472
0.095826148986816
0.09474515914917
0.091487884521484
0.098105907440186
0.099305152893066
0.093837022781372
0.10177898406982
0.091699123382568
0.10060906410217
0.091903924942017
0.093347072601318
0.092148065567017
0.091218948364258
0.10523915290833
0.21791195869446
0.091722011566162
0.097946882247925
0.095983028411865
0.093774080276489
0.094351053237915
0.096268892288208
0.1061680316925
0.098088026046753
0.096835851669312
0.093807935714722
0.088515043258667
0.093492984771729
0.093279123306274
0.093682050704956
0.091792821884155
0.095385074615479
0.10048913955688
0.08934497833252
0.099929094314575
0.10065007209778
0.095024108886719
0.093485116958618
0.095911979675293
0.095140933990479
0.09103798866272
0.094221115112305
0.092841148376465
0.09291410446167
0.099952936172485
0.097377061843872
0.092747926712036
0.091065883636475
0.091995000839233
0.094653844833374
0.11331987380981
0.098741054534912
0.088351011276245
0.092234134674072
0.090389013290405
0.11557698249817
0.1076819896698
0.10446405410767
0.10447597503662
0.10894989967346
0.094139099121094
0.089157104492188
0.09495997428894
0.10029411315918
0.10553908348083
0.090029954910278
0.094707012176514
0.10062313079834
0.092466115951538
0.091408014297485
0.099550008773804
0.099081993103027
0.092772006988525
0.09998893737793
0.099066972732544
0.090607166290283
0.10622692108154
0.090607881546021
0.099901914596558
0.098383903503418
0.091123104095459
0.098897933959961
0.089171886444092
0.092819929122925
0.092180013656616
0.095964908599854
0.096821069717407
0.10202097892761
0.092852830886841
0.10564589500427
0.11169290542603
0.10373997688293
0.1001238822937
0.092107057571411
0.097129106521606
0.093307971954346
0.094246864318848
0.10145688056946
0.095541000366211
0.096924066543579
0.092978954315186
0.10060906410217
0.095039844512939
0.10300302505493
0.10607504844666
0.095786094665527
0.091946840286255
0.095257997512817
0.092236995697021
0.097291946411133
0.093498945236206
0.10272192955017
0.096642017364502
0.093440055847168
0.097427129745483
0.097650051116943
0.09653902053833
0.09981107711792
0.087957143783569
0.095165014266968
0.099631786346436
0.098675012588501
0.10249495506287
0.10398507118225
0.090240955352783
0.090782880783081
0.092234134674072
0.093626022338867
0.105229139328
0.095316886901855
0.11230802536011
0.092518091201782
0.094641923904419
0.093163013458252
0.091986894607544
0.095993041992188
0.086858987808228
0.091340065002441
0.097196102142334
0.098064184188843
0.097348928451538
0.096066951751709
0.095355033874512
0.091295003890991
0.098485946655273
0.093892097473145
0.10173296928406
0.094078779220581
0.10074901580811
0.09174108505249
0.098466157913208
0.094300985336304
0.10060000419617
0.090049028396606
0.09345006942749
0.091788053512573
0.090525150299072
0.095284938812256
0.093814134597778
0.09511399269104
0.098713874816895
0.093176126480103
0.091747999191284
0.097136974334717
0.099108219146729
0.093448162078857
0.093502998352051
0.093302011489868
0.092944145202637
0.097152948379517
0.10626912117004
0.10280108451843
0.091500043869019
0.23055100440979
0.093989133834839
0.099400043487549
0.11337304115295
0.096611976623535
0.09430193901062
0.10390901565552
0.092998027801514
0.095856904983521
0.098351955413818
0.093068838119507
0.11016798019409
0.095582008361816
0.092185020446777
0.10059595108032
0.094926834106445
0.091742038726807
0.095831871032715
0.094022989273071
0.092426061630249
0.10019898414612
0.094957113265991
0.098021030426025
0.10148882865906
0.088500022888184
0.099858045578003
0.097751140594482
0.10128092765808
0.092729091644287
0.10303497314453
0.10035610198975
0.097392797470093
0.099392890930176
0.096158027648926
0.091104984283447
0.090929985046387
0.091064214706421
0.096400022506714
0.093023061752319
0.08956503868103
0.091980218887329
0.095247983932495
0.096658945083618
0.093429803848267
0.09892201423645
0.1021580696106
0.096412181854248
0.093712091445923
0.10152506828308
0.10715699195862
0.16900992393494
0.093864917755127
0.1026599407196
0.10100889205933
0.09286904335022
0.1066370010376
0.096462965011597
0.093297004699707
0.091951847076416
0.092747926712036
0.098664999008179
0.099050998687744
0.1121940612793
0.10078907012939
0.12055397033691
0.093450784683228
0.094310998916626
0.099794864654541
0.099926948547363
0.19854307174683
0.099995851516724
0.098301887512207
0.091977834701538
0.099349975585938
0.095885992050171
0.089048862457275
0.14281797409058
0.39100694656372
0.29659390449524
0.10885620117188
0.091825008392334
0.10492181777954
0.10328888893127
0.13311100006104
0.09116792678833
0.092916011810303
0.093305110931396
0.14511179924011
0.098087072372437
0.092802047729492
0.10453319549561
0.096946954727173
0.30842614173889
0.11236000061035
0.10931706428528
0.33385300636292
0.095518827438354
0.097641944885254
0.24290084838867
0.44949793815613
0.090404987335205
0.1472020149231
0.095178842544556
0.095360040664673
0.089673042297363
0.092437028884888
0.096926927566528
0.10225200653076
0.10402679443359
0.094743013381958
0.09282398223877
0.093364000320435
0.096469879150391
0.095794916152954
0.099308013916016
0.094949007034302
0.09251594543457
0.1050169467926
0.2346339225769
0.11547803878784
0.37532091140747
0.11821103096008
0.090703010559082
0.098809003829956
0.092389106750488
0.097765922546387
0.091855049133301
0.10070085525513
0.098829984664917
0.094295978546143
0.091252088546753
0.094385147094727
0.094605207443237
0.097790956497192
0.09394097328186
0.10198402404785
0.096776962280273
0.1035840511322
0.097118854522705
0.098185062408447
0.10204792022705
0.090199947357178
0.096069097518921
0.092963933944702
0.090830087661743
0.092402935028076
0.091141939163208
0.092535018920898
0.095333814620972
0.091685056686401
0.099002838134766
0.091269969940186
0.09451699256897
0.095149993896484
0.093780040740967
0.087206125259399
0.096949100494385
0.099222183227539
0.093863964080811
0.098037958145142
0.098572969436646
0.098288059234619
0.094496965408325
0.094686031341553
0.09461498260498
0.092229843139648
0.095925807952881
0.092036008834839
0.094725847244263
0.091624975204468
0.10530614852905
0.099368095397949
0.091493844985962
0.097496032714844
0.098437070846558
0.10427594184875
0.096773862838745
0.090527057647705
0.10633301734924
0.093447923660278
0.096621036529541
0.097994089126587
0.10257291793823
0.093096017837524
0.095272064208984
0.09594988822937
0.093126058578491
0.12505102157593
0.099061965942383
0.092354774475098
0.094801902770996
0.092941999435425
0.090396165847778
0.098824977874756
0.10073113441467
0.093949794769287
0.093475103378296
0.095131874084473
0.095688104629517
0.088464975357056
0.096075057983398
0.097409009933472
0.096579074859619
0.10065007209778
0.099045038223267
0.11109399795532
0.095690965652466
0.096647024154663
0.092778921127319
0.08939003944397
0.095766067504883
0.10099291801453
0.089988946914673
0.093928098678589
0.097278118133545
0.093140125274658
0.098937034606934
0.091631889343262
0.091054916381836
0.1001307964325
0.096889972686768
0.097004890441895
0.092262983322144
0.095663070678711
0.093970060348511
0.091475009918213
0.089235067367554
0.094223022460938
0.10695791244507
0.094557046890259
0.089641094207764
0.089257955551147
0.093095064163208
0.093281984329224
0.097997903823853
0.094692945480347
0.09004807472229
0.092764139175415
0.094249963760376
0.091683864593506
0.10390114784241
0.086297035217285
0.08968710899353
0.093451023101807
0.10601305961609
0.09800910949707
0.09294581413269
0.10116600990295
0.091623783111572
0.08967399597168
0.094758033752441
0.091404914855957
0.090956926345825
0.10072112083435
0.10603308677673
0.090534925460815
0.089300870895386
0.10903787612915
0.101802110672
0.10366106033325
0.11870002746582
0.14115691184998
0.11412906646729
0.095947027206421
0.090837001800537
0.10021901130676
0.098944187164307
0.092668056488037
0.099786996841431
0.10271215438843
0.10307812690735
0.10560417175293
0.098516941070557
0.10219693183899
0.1044909954071
0.091080904006958
0.097484111785889
0.090846061706543
0.093635082244873
0.10284519195557
0.094708204269409
0.1159360408783
0.09215784072876
0.093926191329956
0.10321998596191
0.091896057128906
0.098184108734131
0.10124802589417
0.10580921173096
0.099189043045044
0.095600128173828
0.10014891624451
0.095376968383789
0.099318027496338
0.10305190086365
0.10305213928223
0.092735052108765
0.094853162765503
0.099740982055664
0.098719120025635
0.097028017044067
0.10246586799622
0.094514846801758
0.092943906784058
0.09653902053833
0.098321199417114
0.1023690700531
0.10243701934814
0.094352006912231
0.092610836029053
0.096122980117798
0.094563007354736
0.091648101806641
0.098902940750122
0.096683979034424
0.10732197761536
0.090224027633667
0.10105800628662
0.093352079391479
0.1019241809845
0.10696506500244
0.097333192825317
0.091790914535522
0.095324039459229
0.096190214157104
0.096736907958984
0.1031641960144
0.092663049697876
0.098362922668457
0.093940019607544
0.099180936813354
0.095290899276733
0.10070896148682
0.092469930648804
0.1078519821167
0.087439775466919
0.099523067474365
0.10031700134277
0.093986034393311
0.09950590133667
0.087670087814331
0.096388816833496
0.099613904953003
0.095749139785767
0.40519189834595
0.088155031204224
0.090237140655518
0.10244202613831
0.095386981964111
0.098444938659668
0.097721815109253
0.095047950744629
0.093826055526733
0.091541051864624
0.10180187225342
0.094380140304565
0.09623384475708
0.10024905204773
0.09116005897522
0.10095286369324
0.091495990753174
0.092198133468628
0.10118794441223
0.09662914276123
0.096875905990601
0.10210585594177
0.11008095741272
0.098865985870361
0.10085606575012
0.093986988067627
0.093549013137817
0.094918012619019
0.10489892959595
0.09676194190979
0.097373008728027
0.093017101287842
0.09564995765686
0.095462083816528
0.093294143676758
0.091547012329102
0.095256090164185
0.095241785049438
0.09043288230896
0.091362953186035
0.10153794288635
0.098484039306641
0.094198942184448
0.093759059906006
0.093867063522339
0.097263097763062
0.092246055603027
0.10620403289795
0.11498785018921
0.091617107391357
0.10346698760986
0.095226049423218
0.10697793960571
0.089548110961914
0.10385513305664
0.088536977767944
0.39778017997742
0.092437028884888
0.098701953887939
0.10155892372131
0.10837197303772
0.099050045013428
0.096389055252075
0.094429969787598
0.091452836990356
0.092257022857666
0.098140954971313
0.097515106201172
0.093575954437256
0.093713998794556
0.092725038528442
0.095517873764038
0.092925071716309
0.099905967712402
0.087542057037354
0.09123706817627
0.10104393959045
0.09815502166748
0.094972133636475
0.094113826751709
0.13243699073792
0.096771955490112
0.091774940490723
0.091080188751221
0.10028791427612
0.096759080886841
0.096596956253052
0.095442056655884
0.10181903839111
0.098890066146851
0.10039496421814
0.10314393043518
0.10090184211731
0.211256980896
0.10382413864136
0.098031044006348
0.093238115310669
0.092077016830444
0.09305214881897
0.10085105895996
0.097813129425049
0.093220949172974
0.095771074295044
0.10963487625122
0.097976922988892
0.097131013870239
0.092242002487183
0.13534212112427
0.093012094497681
0.095982789993286
0.12182593345642
0.094909906387329
0.096605062484741
0.097572088241577
0.10365796089172
0.096292972564697
0.094168901443481
0.099782943725586
0.095608949661255
0.092726945877075
0.09320592880249
0.10181593894958
0.093675851821899
0.096415996551514
0.10077905654907
0.097465991973877
0.10009789466858
0.092194080352783
0.0987389087677
0.096889019012451
0.099319934844971
0.092912197113037
0.095239877700806
0.11078286170959
0.097157955169678
0.10041213035583
0.097016096115112
0.091385841369629
0.088927030563354
0.093342065811157
0.10075902938843
0.098702907562256
0.095530033111572
0.093409776687622
0.095957040786743
0.0992271900177
0.089066982269287
0.094724893569946
0.094141960144043
0.093990087509155
0.099425077438354
0.090620040893555
0.097241878509521
0.095990896224976
0.097261905670166
0.095185995101929
0.097181081771851
0.11427092552185
0.088560819625854
0.0973961353302
0.090374946594238
0.099623918533325
0.097676992416382
0.098389863967896
0.09862494468689
0.099251985549927
0.095318794250488
0.092767000198364
0.099038124084473
0.091038942337036
0.098556995391846
0.39367604255676
0.091797828674316
0.097339868545532
0.099313974380493
0.10101008415222
0.099807024002075
0.095247030258179
0.089545965194702
0.094130039215088
0.092143058776855
0.097824096679688
0.094402074813843
0.094702005386353
0.099920988082886
0.093509912490845
0.10111093521118
0.086857080459595
0.098654985427856
0.090764999389648
0.14466285705566
0.091551065444946
0.095829963684082
0.093858003616333
0.10652208328247
0.090359210968018
0.091963052749634
0.091272115707397
0.093783855438232
0.097521066665649
0.10562300682068
0.094313144683838
0.092200040817261
0.10004115104675
0.10565805435181
0.089892864227295
0.095025062561035
0.09115195274353
0.090959072113037
0.090751171112061
0.098251819610596
0.10560488700867
0.10222101211548
0.093976974487305
0.10113000869751
0.095718860626221
0.097622871398926
0.097534894943237
0.10176205635071
0.093458890914917
0.091977119445801
0.09131908416748
0.098330974578857
0.091745853424072
0.093210935592651
0.094176054000854
0.093281984329224
0.091665983200073
0.090523958206177
0.09394097328186
0.088199853897095
0.08771800994873
0.088765859603882
0.099390983581543
0.091558933258057
0.092149972915649
0.091503858566284
0.097994089126587
0.10402703285217
0.096179962158203
0.093608140945435
0.098797082901001
0.097219944000244
0.093740940093994
0.096157073974609
0.096688985824585
0.094419002532959
0.093792915344238
0.094157934188843
0.092551946640015
0.093825101852417
0.095180988311768
0.095619916915894
0.094296932220459
0.093997001647949
0.091762781143188
0.093456029891968
0.093786001205444
0.091832160949707
0.09267783164978
0.095422029495239
0.088450908660889
0.099256038665771
0.091854095458984
0.10113120079041
0.10127091407776
0.10617613792419
0.097261905670166
0.093307971954346
0.10236001014709
0.097342014312744
0.096654891967773
0.090281009674072
0.10193681716919
0.093685150146484
0.089444875717163
0.092229843139648
0.092994213104248
0.10399293899536
0.095571041107178
0.092614889144897
0.096750974655151
0.092736959457397
0.095698118209839
0.093144178390503
0.093436002731323
0.092597961425781
0.11114192008972
0.091954946517944
0.099581956863403
0.096068143844604
0.11444807052612
0.094633102416992
0.095916032791138
0.10464787483215
0.086844921112061
0.091200113296509
0.090858936309814
0.090741872787476
0.10195708274841
0.10170698165894
0.098284006118774
0.09682297706604
0.11006784439087
0.099380016326904
0.10176396369934
0.10124897956848
0.092842102050781
0.09277606010437
0.095216035842896
0.090168952941895
0.094258069992065
0.09370493888855
0.10258507728577
0.10213303565979
0.092938184738159
0.099526882171631
0.09703516960144
0.091727018356323
0.11066699028015
0.094198942184448
0.093873023986816
0.12115001678467
0.094187021255493
3.2169809341431
0.092753171920776
0.093446016311646
0.095273017883301
0.095818996429443
0.098678112030029
0.09238600730896
0.10010814666748
0.10391306877136
0.09827709197998
0.093242168426514
0.097416162490845
0.095171928405762
0.10551381111145
0.095720052719116
0.093789100646973
0.092242956161499
0.096450805664062
0.099331855773926
0.097578048706055
0.098830938339233
0.10552310943604
0.095841884613037
0.099416971206665
0.10497903823853
0.094321012496948
0.12093710899353
0.099709987640381
0.10501599311829
0.10454297065735
0.091813802719116
0.099179029464722
0.093021869659424
0.088932991027832
0.091992139816284
0.098963975906372
0.10696196556091
0.11036705970764
0.096410989761353
0.09154200553894
0.096098899841309
0.093632936477661
0.093052864074707
0.093174934387207
0.094691038131714
0.092503070831299
0.088375091552734
0.092327117919922
0.092274904251099
0.096696853637695
0.095972061157227
0.099112987518311
0.098392009735107
0.096928119659424
0.10644912719727
0.11850094795227
0.10123896598816
0.097270011901855
0.091392040252686
0.093909025192261
0.098389863967896
0.1057710647583
0.1020188331604
0.093671083450317
0.095179080963135
0.096657991409302
0.10213208198547
0.10000014305115
0.10196709632874
0.098542928695679
0.095417022705078
0.097239017486572
0.090363025665283
0.097229957580566
0.097679853439331
0.097693920135498
0.095738172531128
0.092788934707642
0.091190099716187
0.092262983322144
0.095747947692871
0.10287404060364
0.096994876861572
0.10210609436035
0.092952013015747
0.095674991607666
0.093811988830566
0.10470390319824
0.097986936569214
0.1025538444519
0.10233402252197
0.093462944030762
0.093862771987915
0.088749170303345
0.10132098197937
0.094679832458496
0.097586154937744
0.10327410697937
0.09040093421936
0.09521484375
0.098584175109863
0.10350298881531
0.09709906578064
0.091253042221069
0.095927000045776
0.093713998794556
0.096593141555786
0.098777770996094
0.08961296081543
0.095530986785889
0.099009037017822
0.095932960510254
0.098870992660522
0.09916090965271
0.096310138702393
0.10325694084167
0.099550008773804
0.099483013153076
0.097206115722656
0.097718000411987
0.097426891326904
0.087760925292969
0.094812870025635
0.096368074417114
0.091758966445923
0.095980167388916
0.089174032211304
0.095693111419678
0.096236944198608
0.091618061065674
0.097427845001221
0.099347829818726
0.095525026321411
0.095423936843872
0.096997976303101
0.091743946075439
0.091355085372925
0.098506927490234
0.10089898109436
0.08871603012085
0.094300985336304
0.10044503211975
0.09760308265686
0.094664812088013
0.096293926239014
0.13112807273865
0.092960119247437
0.090117931365967
0.098842859268188
0.11645102500916
0.098178148269653
0.090167045593262
0.089050054550171
0.10002303123474
0.10385990142822
0.089951992034912
0.091646909713745
0.10246396064758
0.09793496131897
0.097875118255615
0.092144966125488
0.092836141586304
0.096245050430298
0.14497494697571
0.098037958145142
0.098866939544678
0.11964297294617
0.11073899269104
0.095844030380249
0.10028791427612
0.097394943237305
0.10020899772644
0.098908185958862
0.11841201782227
0.095314025878906
0.10301303863525
0.092615842819214
0.093125104904175
0.09766697883606
0.092330932617188
0.087257146835327
0.09011697769165
0.091571092605591
0.099400043487549
0.09492301940918
0.099508047103882
0.087453842163086
0.097691059112549
0.096617937088013
0.094038963317871
0.10564517974854
0.10328793525696
0.10770416259766
0.091793060302734
0.095478057861328
0.097668886184692
0.095010042190552
0.10119009017944
0.087849140167236
0.088494062423706
0.09948992729187
0.097991943359375
0.10011196136475
0.09800386428833
0.11149311065674
0.097259044647217
0.092480182647705
0.099019050598145
0.11771893501282
0.087110996246338
0.098384141921997
0.095211982727051
0.094672918319702
0.088143110275269
0.10104203224182
0.090871095657349
0.093832969665527
0.09298300743103
0.092561006546021
0.096796035766602
0.094282150268555
0.093507051467896
0.093287944793701
0.096953868865967
0.099862098693848
0.098083972930908
0.094545841217041
0.10022807121277
0.095548152923584
0.096282958984375
0.094491958618164
0.096477031707764
0.094921112060547
0.10108208656311
0.10489010810852
0.10208582878113
0.091516017913818
0.09968900680542
0.096726894378662
0.10610103607178
0.098619937896729
0.08941912651062
0.089645862579346
0.0921311378479
0.096352100372314
0.099354982376099
0.093898057937622
0.090690851211548
0.094688177108765
0.093730926513672
0.094813108444214
0.09660005569458
0.097956895828247
0.094019174575806
0.091555118560791
0.10810399055481
0.092478036880493
0.092111825942993
0.093815088272095
0.089484930038452
0.098289966583252
0.099711179733276
0.095482110977173
0.096837997436523
0.1020450592041
0.10147905349731
0.11432290077209
0.098951816558838
0.095916032791138
0.093264818191528
0.097195148468018
0.095732927322388
0.10007786750793
0.094985008239746
0.099874019622803
0.100919008255
0.094913005828857
0.094015121459961
0.10012888908386
0.095176935195923
0.089951038360596
0.098438024520874
0.092396020889282
0.094580173492432
0.11593890190125
0.10149097442627
0.097126007080078
0.092889070510864
0.096824884414673
0.10166501998901
0.095381021499634
0.11368989944458
0.093093156814575
0.098382949829102
0.10912203788757
0.095746994018555
0.093215942382812
0.10243988037109
0.095334768295288
0.098685026168823
0.093112945556641
0.12448620796204
0.095309019088745
0.094257831573486
0.091511964797974
0.095437049865723
0.095816135406494
0.10045599937439
0.10161685943604
0.098738193511963
0.095317125320435
0.092915058135986
0.09358811378479
0.10026121139526
0.096909046173096
0.095047950744629
0.10363602638245
0.093181133270264
0.09175705909729
0.094177961349487
0.095380067825317
0.087337017059326
0.095438003540039
0.095452070236206
0.096406221389771
0.093446969985962
0.09178900718689
0.10895895957947
0.088912010192871
0.099073886871338
0.10347104072571
0.097356081008911
0.098995923995972
0.11214995384216
0.10726881027222
0.0992431640625
0.092298984527588
0.088477849960327
0.089470863342285
0.10196590423584
0.092283964157104
0.093967199325562
0.094454050064087
0.10234689712524
0.092309951782227
0.096252202987671
0.10195088386536
0.089380979537964
0.10084700584412
0.099798202514648
0.1012659072876
0.094022989273071
0.086143970489502
0.098108053207397
0.095270156860352
0.094208955764771
0.091331958770752
0.095884799957275
0.093801021575928
0.14412617683411
0.1205689907074
0.10034704208374
0.10722589492798
0.095416784286499
0.089328050613403
0.10003209114075
0.099700927734375
0.1008939743042
0.09052586555481
0.10350203514099
0.094189882278442
0.099395990371704
0.099174022674561
0.10416388511658
0.089510917663574
0.096059083938599
0.097722053527832
0.10232710838318
0.096586942672729
0.095921993255615
0.10625696182251
0.094766139984131
0.092497110366821
0.098958969116211
0.10820198059082
0.093838930130005
0.095381021499634
0.10747694969177
0.099882125854492
0.11112213134766
0.12886309623718
0.09970498085022
0.10871195793152
0.089282989501953
0.097573041915894
0.10046887397766
0.10236001014709
0.098265171051025
0.098833084106445
0.093485116958618
0.088330030441284
0.090648889541626
0.091198921203613
0.091636180877686
0.090378046035767
0.094145059585571
0.093536138534546
0.100261926651
0.10037088394165
0.096971988677979
0.098978042602539
0.091526031494141
0.093458890914917
0.090463876724243
0.15599608421326
0.093175888061523
0.09813404083252
0.099605083465576
0.096998929977417
0.094415903091431
0.098498106002808
0.091189861297607
0.095959901809692
0.097072124481201
0.11291790008545
0.091927051544189
0.10205411911011
0.10791802406311
0.099915027618408
0.09834098815918
0.09726619720459
0.098137855529785
0.10784387588501
0.088757991790771
0.094385147094727
0.096423149108887
0.10340905189514
0.091692924499512
0.093482971191406
0.090046882629395
0.098468065261841
0.095244884490967
0.10467195510864
0.097126007080078
0.097248792648315
0.10002183914185
0.098644971847534
0.096939086914062
0.098201990127563
0.10305714607239
0.39207792282104
0.097862005233765
0.091944932937622
0.10163593292236
0.096864223480225
0.093966960906982
0.10004711151123
0.10801005363464
0.096390962600708
0.090426206588745
0.091681003570557
0.098465919494629
0.101567029953
0.091018915176392
0.091606140136719
0.094101905822754
0.10215592384338
0.094915151596069
0.096765995025635
0.093058109283447
0.1010799407959
0.095986127853394
0.09749698638916
0.10501408576965
0.093971014022827
0.0918869972229
0.092874050140381
0.092191934585571
0.096940040588379
0.089753866195679
0.098953008651733
0.096798181533813
0.15960502624512
0.10110092163086
0.097273826599121
0.095189094543457
0.10294485092163
0.094082832336426
0.10686492919922
0.095906972885132
0.094563007354736
0.098272085189819
0.096331119537354
0.095042943954468
0.10151195526123
0.099402189254761
0.090865850448608
0.099518060684204
0.087557077407837
0.099928140640259
0.10037398338318
0.091307878494263
0.10239195823669
0.22582817077637
0.10467314720154
0.093725919723511
0.095201969146729
0.10099697113037
0.093233108520508
0.096051931381226
0.096412897109985
0.11389708518982
0.098329067230225
0.11693906784058
0.10045099258423
0.10784411430359
0.097288846969604
0.1028299331665
0.10448503494263
0.095756053924561
0.10122609138489
0.10455918312073
0.099799156188965
0.10378384590149
0.098755121231079
0.10226511955261
0.10268902778625
0.10282707214355
0.11160206794739
0.090747833251953
0.09512186050415
0.091408014297485
0.10031008720398
0.096253156661987
0.10673213005066
0.09722900390625
0.096824884414673
0.10259485244751
0.097877025604248
0.16245794296265
0.1130108833313
0.094830989837646
0.095606803894043
0.093326807022095
0.10074400901794
0.098737955093384
0.093728065490723
0.095092058181763
0.10625100135803
0.10473299026489
0.09286093711853
0.12239694595337
0.10718393325806
0.093451023101807
0.09545111656189
0.10190391540527
0.10061287879944
0.097645044326782
0.092298030853271
0.094269990921021
0.097957134246826
0.10694313049316
0.096521139144897
0.095947980880737
0.094182014465332
0.096806049346924
0.092694044113159
0.09066104888916
0.097977876663208
0.10050106048584
0.096317052841187
0.092066049575806
0.11369109153748
0.10519099235535
0.10054302215576
0.096391916275024
0.091099977493286
0.097253084182739
0.10148310661316
0.1200168132782
0.095812082290649
0.10355687141418
0.096396923065186
0.090551137924194
0.10406494140625
0.094661951065063
0.098206996917725
0.10257792472839
0.094963073730469
0.099580049514771
0.10346603393555
0.10600304603577
0.099141836166382
0.099167823791504
0.093775033950806
0.09726095199585
0.10282301902771
0.099586009979248
0.10024189949036
0.104660987854
0.094377040863037
0.099259853363037
0.10128402709961
0.10384798049927
0.092536926269531
0.096810102462769
0.095787048339844
0.096947908401489
0.099621057510376
0.10508990287781
0.10110807418823
0.10295605659485
0.094726085662842
0.092594861984253
0.094130992889404
0.10007786750793
0.09107494354248
0.099653959274292
0.10096311569214
0.098938941955566
0.096438884735107
0.097738027572632
0.098112106323242
0.15585017204285
0.095605134963989
0.10245108604431
0.098153829574585
0.098150014877319
0.088387966156006
0.095191955566406
0.096071004867554
0.097944974899292
0.092744112014771
0.097814083099365
0.096113920211792
0.1006281375885
0.090862035751343
0.099853992462158
0.099380970001221
0.1054470539093
0.11089992523193
0.10036206245422
0.09107780456543
0.098819017410278
0.10257411003113
0.088961124420166
0.094279050827026
0.10058283805847
0.09161901473999
0.091925859451294
0.10279703140259
0.10025906562805
0.09797191619873
0.097956895828247
0.089242935180664
0.094756841659546
0.093308925628662
0.094712972640991
0.10735607147217
0.098097085952759
0.094673156738281
0.098898887634277
0.092589855194092
0.10475993156433
0.10141682624817
0.10165500640869
0.091929912567139
0.095916032791138
0.096285104751587
0.10018706321716
0.095217943191528
0.098788976669312
0.10534691810608
0.093703985214233
0.099977016448975
0.10047197341919
0.09136700630188
0.08910083770752
0.098773002624512
0.089760065078735
0.099008083343506
0.098088026046753
0.10452198982239
0.092407941818237
0.089165925979614
0.090800046920776
0.094570875167847
0.093898057937622
0.090306043624878
0.095602989196777
0.090853929519653
0.095247030258179
0.089540004730225
0.10444498062134
0.099875926971436
0.095756053924561
0.10308980941772
0.10127401351929
0.094073057174683
0.090494871139526
0.11164116859436
0.10159301757812
0.099789142608643
0.087609052658081
0.096331834793091
0.10005211830139
0.094929933547974
0.098489999771118
0.089783906936646
0.091156005859375
0.098024129867554
0.10566687583923
0.1000189781189
0.096771001815796
0.096096038818359
0.099233865737915
0.091055154800415
0.094020128250122
0.097692966461182
0.092413902282715
0.092155933380127
0.4003791809082
0.10637402534485
0.088387966156006
0.095547914505005
0.10428404808044
0.092036962509155
0.090224981307983
0.093538045883179
0.098572015762329
0.091779947280884
0.092640161514282
0.10070300102234
0.10121488571167
0.094487190246582
0.098150968551636
0.10102581977844
0.11387014389038
0.10799407958984
0.093630075454712
0.093886852264404
0.089670896530151
0.098333835601807
0.096940994262695
0.10128402709961
0.092477083206177
0.094142198562622
0.096147060394287
0.097572088241577
0.10144901275635
0.090787887573242
0.099198818206787
0.097120046615601
0.098829984664917
0.094940900802612
0.093857049942017
0.10296201705933
0.11196303367615
0.099828004837036
0.09505295753479
0.1038658618927
0.094619989395142
0.10851192474365
0.09736704826355
0.095263004302979
0.092304944992065
0.092074871063232
0.088495016098022
0.09650993347168
0.10709691047668
0.10226988792419
0.09043288230896
0.090821981430054
0.094870805740356
0.094654083251953
0.093756914138794
0.090591907501221
0.094130992889404
0.089637041091919
0.097382068634033
0.093609809875488
0.096641063690186
0.098178148269653
0.09418797492981
0.093281030654907
0.095524072647095
0.10482001304626
0.090852022171021
0.1026771068573
0.10184502601624
0.093415975570679
0.09502100944519
0.093446016311646
0.094395875930786
0.10541105270386
0.089620113372803
0.094706058502197
0.09384298324585
0.096242904663086
0.094396114349365
0.093297004699707
0.10121989250183
0.10113000869751
0.092217922210693
0.095005989074707
0.090285062789917
0.098030805587769
0.09127402305603
0.098129034042358
0.09336519241333
0.095118045806885
0.099494934082031
0.10250997543335
0.094104051589966
0.092251062393188
0.097898006439209
0.099581003189087
0.098073959350586
0.096936941146851
0.10810399055481
0.094816207885742
0.097527980804443
0.098998069763184
0.096048831939697
0.09033989906311
0.090963125228882
0.10214900970459
0.099107027053833
0.09267520904541
0.10177898406982
0.10107398033142
0.10038089752197
0.10265207290649
0.088786125183105
0.091942071914673
0.090891122817993
0.088078022003174
0.09834098815918
0.090066909790039
0.099579095840454
0.092046976089478
0.10467100143433
0.10003805160522
0.10450792312622
0.099353075027466
0.095632076263428
0.097868919372559
0.10377597808838
0.090405941009521
0.095946073532104
0.092321157455444
0.096345901489258
0.0970778465271
0.10253190994263
0.095362186431885
0.089354991912842
0.090074062347412
0.099061012268066
0.10219216346741
0.098374128341675
0.098668813705444
0.095595836639404
0.094520807266235
0.095118999481201
0.094207048416138
0.0991530418396
0.093369960784912
0.095871210098267
0.10392093658447
0.098375797271729
0.10357093811035
0.096131086349487
0.093104124069214
0.09403920173645
0.092306852340698
0.096312999725342
0.09804105758667
0.099740982055664
0.092912912368774
0.093858957290649
0.093035936355591
0.099797010421753
0.098581790924072
0.10028314590454
0.099396944046021
0.12163186073303
0.097042083740234
0.11087989807129
0.10251808166504
0.1098370552063
0.10016798973083
0.10093593597412
0.099548101425171
0.107497215271
0.10407304763794
0.094866037368774
0.098618030548096
0.097401142120361
0.097576141357422
3.8587939739227
0.091470003128052
0.1170060634613
0.11507987976074
0.10416412353516
0.099400043487549
0.10449314117432
1.1114590167999
0.11609601974487
0.10279488563538
0.10295391082764
0.096344947814941
0.095752000808716
0.11987709999084
0.10932588577271
0.095878124237061
0.13804197311401
0.106849193573
0.11407399177551
0.10699915885925
0.11363387107849
0.10997986793518
0.095309972763062
0.10606694221497
0.0989990234375
3.8499801158905
0.11044216156006
0.11624693870544
0.1026930809021
0.10661387443542
0.3189709186554
0.30882406234741
0.11703896522522
0.10820698738098
0.093127965927124
0.11581110954285
0.096299171447754
0.10184597969055
0.091239213943481
0.11103510856628
0.097800970077515
0.099128007888794
0.11947798728943
0.11567902565002
4.0019919872284
0.10807108879089
0.090816974639893
0.30625200271606
0.097423791885376
0.10439705848694
0.098603963851929
0.096730947494507
0.10425400733948
0.29859805107117
0.10289001464844
0.098192930221558
0.11212110519409
0.1047728061676
0.089759826660156
0.10811686515808
0.11008882522583
0.10194301605225
0.10694408416748
0.15215015411377
0.10076498985291
0.11186218261719
0.32993507385254
0.096266031265259
0.089137077331543
0.10106587409973
0.10058093070984
0.096967935562134
0.12800717353821
0.093408107757568
0.10462713241577
0.095619201660156
0.10633611679077
0.10212898254395
0.10431504249573
0.099733114242554
0.092555999755859
0.094719886779785
0.10427212715149
0.096005916595459
0.091862916946411
0.10210990905762
0.097918033599854
0.0938720703125
0.10380601882935
0.095230102539062
0.096122980117798
0.092305183410645
0.092910051345825
0.10198402404785
0.10076284408569
0.094058036804199
0.094496965408325
0.092175006866455
0.39982390403748
0.098326206207275
0.089169025421143
0.093026876449585
0.095438957214355
0.093883037567139
0.095612049102783
0.09526515007019
0.092595100402832
0.09338903427124
0.095847129821777
0.10949397087097
0.10131907463074
0.097305059432983
0.11178398132324
0.096652030944824
0.096662998199463
0.10770893096924
0.09745717048645
0.094233989715576
0.10645198822021
0.099975109100342
0.090573072433472
0.093853950500488
0.1013400554657
0.091150045394897
0.090749025344849
0.10602712631226
0.098570108413696
0.092572927474976
0.089591026306152
0.097549915313721
0.092128038406372
0.096704959869385
0.10740685462952
0.098614931106567
0.097002029418945
0.10189890861511
0.098951101303101
0.11572098731995
0.10077810287476
0.096920967102051
0.10578489303589
0.099010944366455
0.089247941970825
0.099848985671997
0.096049785614014
0.095963001251221
0.098114013671875
0.10294103622437
0.11989283561707
0.11519193649292
0.096803903579712
0.090632915496826
0.10270190238953
0.094679117202759
0.10271692276001
4.0016808509827
0.094782114028931
0.10284495353699
0.091387987136841
0.10264420509338
0.094466924667358
0.095834970474243
0.097229957580566
0.092900037765503
0.098106861114502
0.091488122940063
0.092938899993896
4.0016551017761
0.097486972808838
0.089493036270142
0.098131895065308
0.097517013549805
0.093899011611938
0.091920137405396
0.097671985626221
0.10477685928345
0.096041917800903
0.10072708129883
0.1005539894104
0.093526124954224
0.10227108001709
0.097028970718384
0.096158981323242
0.096934080123901
0.098762035369873
0.094974040985107
0.095026969909668
0.098067998886108
0.10392689704895
0.096345186233521
0.094573974609375
0.091115951538086
0.098829984664917
0.097584009170532
0.099400043487549
0.10365700721741
0.09617805480957
0.093372106552124
0.096772909164429
0.096044063568115
0.10687804222107
0.097682952880859
0.1003270149231
0.096784114837646
0.092167139053345
0.096921920776367
0.088842868804932
0.09694504737854
0.10037899017334
0.096484899520874
0.092016935348511
0.089092969894409
0.095989942550659
0.090268135070801
0.094048976898193
0.096013069152832
0.09731912612915
0.096987009048462
0.093422889709473
0.1081759929657
0.10171008110046
0.089207172393799
0.096565961837769
0.10440897941589
0.092840909957886
0.10119891166687
0.10256290435791
0.094016075134277
0.092290163040161
0.09717583656311
0.097005844116211
0.097264051437378
0.096654176712036
0.095272064208984
0.095629930496216
0.090640068054199
0.10619306564331
0.097337007522583
0.098412036895752
0.098230123519897
0.096138954162598
0.095370054244995
0.08979606628418
0.1045548915863
0.092761993408203
0.092741012573242
0.098566055297852
0.1093111038208
0.097975015640259
0.090095996856689
0.1008620262146
0.096369981765747
0.097709894180298
0.094799995422363
0.08853006362915
0.097391843795776
0.098337888717651
0.09522008895874
0.092465162277222
0.098877906799316
0.093631029129028
0.094208955764771
0.099690914154053
0.095705986022949
0.10017991065979
0.091483116149902
0.1036479473114
0.10598707199097
0.097444772720337
0.09014892578125
0.10268402099609
0.094396114349365
0.13100600242615
0.093930959701538
0.10191798210144
0.094948053359985
0.091195821762085
0.09509801864624
0.099900007247925
0.096877098083496
0.10293197631836
0.090451955795288
0.091963052749634
0.11002087593079
0.10518503189087
0.31206512451172
0.11090087890625
0.10585188865662
0.087512016296387
0.11329197883606
0.092811107635498
0.093131065368652
0.093276023864746
0.11171793937683
0.096269130706787
0.090771913528442
0.095448970794678
0.10025215148926
0.098340034484863
0.095999956130981
0.09535813331604
0.09235405921936
0.089917182922363
0.092948913574219
0.10727691650391
0.094127893447876
0.089874029159546
0.09594202041626
0.11002492904663
0.089425802230835
0.094473838806152
0.089515924453735
0.093507051467896
0.09797191619873
0.10323405265808
0.12177205085754
0.10774493217468
0.093845129013062
0.099622011184692
0.094738006591797
0.097466945648193
0.098960876464844
0.089597225189209
0.097419023513794
0.097388982772827
0.11170506477356
0.10019087791443
0.090574979782104
0.10437989234924
0.10178709030151
0.089914798736572
0.091853857040405
0.14183712005615
0.10380911827087
0.10166621208191
0.0956130027771
0.10276198387146
0.093055963516235
0.089203834533691
0.094779968261719
0.10575199127197
0.10079908370972
0.10339307785034
0.097867965698242
0.11292910575867
0.096539974212646
0.094973087310791
0.096389055252075
0.10028004646301
0.098701953887939
0.098528146743774
0.095172882080078
0.094375133514404
0.096552848815918
0.097526073455811
0.10432291030884
0.09508204460144
0.093357801437378
0.092483043670654
0.092343091964722
0.095417976379395
0.09117603302002
0.095353841781616
0.093502044677734
0.094501972198486
0.090663909912109
0.097027063369751
0.10511112213135
0.099983930587769
0.098053932189941
0.092099905014038
0.091501951217651
0.10020709037781
0.090208053588867
0.095183849334717
0.092766046524048
0.09642505645752
0.095790147781372
0.092659950256348
0.095550060272217
0.097123861312866
0.09269118309021
0.1073260307312
0.099946022033691
0.10401082038879
0.099454879760742
0.094933986663818
0.093114852905273
0.091033935546875
0.09564995765686
0.094751834869385
0.096135854721069
0.098497867584229
0.097058057785034
0.099904775619507
0.10556602478027
0.094152927398682
0.094289064407349
0.095721960067749
0.10359120368958
0.091655969619751
0.15209412574768
0.10377311706543
0.10254096984863
0.089866876602173
0.10616612434387
0.097672939300537
0.090238809585571
0.08979606628418
0.092875957489014
0.098253011703491
0.097614049911499
0.12460994720459
0.094231128692627
0.09451699256897
0.094687938690186
0.099112033843994
0.092012882232666
0.096629858016968
0.09397292137146
0.094063997268677
0.095798015594482
0.097373962402344
0.09663200378418
0.09970498085022
0.09977388381958
0.10075497627258
0.097508907318115
0.095542907714844
0.089532852172852
0.097458124160767
0.089720964431763
0.09336519241333
0.092911005020142
0.09443998336792
0.10587596893311
0.093101024627686
0.1020929813385
0.092011213302612
0.099385023117065
0.095082998275757
0.10436797142029
0.093506097793579
0.1037609577179
0.098021984100342
0.099256038665771
0.1028299331665
0.10509705543518
0.098575115203857
0.10062909126282
0.097692012786865
0.20123696327209
0.090951919555664
0.098555088043213
0.09899115562439
0.095044851303101
0.089345932006836
0.10142087936401
0.092996120452881
0.089807987213135
0.099541902542114
0.094957828521729
0.087546825408936
0.090927124023438
0.095085859298706
0.092155933380127
0.11243605613708
0.089975833892822
0.096805095672607
0.095498085021973
0.099337100982666
0.092021942138672
0.090790033340454
0.0937180519104
0.10173106193542
0.10557293891907
0.10018491744995
0.091393947601318
0.10054421424866
0.10753083229065
0.09886908531189
0.09630298614502
0.10493206977844
0.097392082214355
0.093906879425049
0.106036901474
0.10019302368164
0.09057879447937
0.098384141921997
0.090490818023682
0.11562013626099
0.094307899475098
0.091421127319336
0.098079919815063
0.097443819046021
0.099133968353271
0.09856104850769
0.10148596763611
0.093206882476807
0.095461130142212
0.099972009658813
0.091798782348633
0.10047912597656
0.098889827728271
0.092870950698853
0.095412969589233
0.10528087615967
0.095504999160767
0.10146808624268
0.099584102630615
0.099552154541016
0.093878030776978
0.10168099403381
0.099567174911499
0.087182998657227
0.098450899124146
0.107017993927
0.10068917274475
0.09721302986145
0.10152912139893
0.098933935165405
0.093739986419678
0.091387987136841
0.095664024353027
0.091887950897217
0.092725992202759
0.10105586051941
0.095027923583984
0.10453200340271
0.088208198547363
0.09837007522583
0.094835042953491
0.097210884094238
0.097707033157349
0.10499310493469
0.10069990158081
0.10502696037292
0.093793869018555
0.087801218032837
0.094624996185303
0.093514919281006
0.1047031879425
0.10452890396118
0.092530012130737
0.10477995872498
0.10455298423767
0.10266089439392
0.10100793838501
0.093959093093872
0.089416980743408
0.093587875366211
0.094494819641113
0.092629909515381
0.098119974136353
0.099856853485107
0.098592042922974
0.091354131698608
0.095219850540161
0.097754955291748
0.095888137817383
0.10091805458069
0.095852136611938
0.096204996109009
0.10192894935608
0.09013819694519
0.095026969909668
0.1003680229187
0.096436977386475
0.099493980407715
0.091041088104248
0.094465970993042
0.10118889808655
0.08984112739563
0.10128808021545
0.093919038772583
0.10592699050903
0.095134019851685
0.10655283927917
0.099596977233887
0.09234881401062
0.097282886505127
0.094923973083496
0.099143981933594
0.094913959503174
0.095402002334595
0.10782289505005
0.097048044204712
0.091392040252686
0.095200061798096
0.090888977050781
0.10204601287842
0.10397005081177
0.10220694541931
0.09450888633728
0.092955112457275
0.10211396217346
0.097716093063354
0.089663028717041
0.095046997070312
0.087525129318237
0.091551065444946
0.10102701187134
0.10516214370728
0.090610980987549
0.092634201049805
0.09937310218811
0.1065411567688
0.10117506980896
0.096780061721802
0.096959829330444
0.096038818359375
0.11578512191772
0.10097813606262
0.096969842910767
0.096260070800781
0.096784830093384
0.092427968978882
0.097582817077637
0.10165596008301
0.1037449836731
0.093831062316895
0.091130971908569
0.096214056015015
0.089797973632812
0.10955095291138
0.094339847564697
0.10512089729309
0.099869012832642
0.092196941375732
0.11135792732239
0.10073709487915
0.099912881851196
0.10000801086426
0.094794988632202
0.35456609725952
0.091336011886597
0.098094940185547
0.094568014144897
0.1018979549408
0.099442958831787
0.099948883056641
0.10118913650513
0.098592042922974
0.095679998397827
0.093824148178101
0.098986864089966
0.10151386260986
0.094403982162476
0.091922998428345
0.093463897705078
0.10006189346313
0.092172861099243
0.097776174545288
0.10368394851685
0.095377922058105
0.096145868301392
0.095030784606934
0.093273878097534
0.094066858291626
0.098890066146851
0.094248056411743
0.098649024963379
0.09691309928894
0.10321116447449
0.088436126708984
0.10558795928955
0.093271017074585
0.097267866134644
0.10199093818665
0.091988086700439
0.099734783172607
0.11133098602295
0.10897588729858
0.088505029678345
0.099265098571777
0.097658157348633
0.097635984420776
0.10093092918396
0.093320846557617
0.092772006988525
0.096473932266235
0.092710971832275
0.09470796585083
0.095602989196777
0.10256385803223
0.096832990646362
0.097468852996826
0.098371028900146
0.091704845428467
0.088659048080444
0.098771095275879
0.097555160522461
0.10261106491089
0.10180592536926
0.094614028930664
0.091295003890991
0.10765194892883
0.099596977233887
0.097779989242554
0.098380088806152
0.097609043121338
0.09909200668335
0.094492197036743
0.10561585426331
0.09325909614563
0.094734907150269
0.093080043792725
0.10161113739014
0.098577976226807
0.10208296775818
0.092704057693481
0.10202980041504
0.094260931015015
0.097033977508545
0.094994783401489
0.10504412651062
0.10397505760193
0.098311901092529
0.094452857971191
0.1010320186615
0.098623037338257
0.093894958496094
0.090843200683594
0.096021890640259
0.092962026596069
0.10298490524292
0.096459865570068
0.10219502449036
0.11121416091919
0.098514080047607
0.093281984329224
0.096475839614868
0.10185980796814
0.092803001403809
0.093351125717163
0.096421003341675
0.11779499053955
0.10344481468201
0.096341133117676
0.092950105667114
0.10697293281555
0.096606969833374
0.10359787940979
0.096122026443481
0.094547986984253
0.092253923416138
0.092176914215088
0.091885089874268
0.10530686378479
0.096417903900146
0.088299989700317
0.10599613189697
0.096545934677124
0.094645977020264
0.094934940338135
0.090008974075317
0.091557025909424
0.098222017288208
0.086652040481567
0.093590021133423
0.14055299758911
0.099054098129272
0.11452984809875
0.090762853622437
0.10153698921204
0.089485883712769
0.10047793388367
0.098707914352417
0.094460010528564
0.10065078735352
0.096199035644531
0.10133504867554
0.099810123443604
0.10169100761414
0.10831093788147
0.095917940139771
0.1069450378418
0.08882999420166
0.092756032943726
0.092586040496826
0.094512939453125
0.097737073898315
0.089150905609131
0.10187292098999
0.091994047164917
0.10096716880798
0.1088879108429
0.094825983047485
0.091490983963013
0.098290920257568
0.097641944885254
0.10217308998108
0.096770048141479
0.092678070068359
0.095258951187134
0.09997820854187
0.10083389282227
0.089985132217407
0.099653005599976
0.091834783554077
0.095861911773682
0.10512089729309
0.097207069396973
0.14414691925049
0.10193085670471
0.093468904495239
0.10427498817444
0.095647096633911
0.09473180770874
0.1201388835907
0.093768119812012
0.095423936843872
0.10061597824097
0.094104051589966
0.093828916549683
0.091921091079712
0.092756032943726
0.093330860137939
0.10426616668701
0.10800504684448
0.093735933303833
0.098608016967773
0.093436002731323
0.094582080841064
0.09333610534668
0.1002779006958
0.10808992385864
0.09697699546814
0.10565090179443
0.10479497909546
0.097701072692871
0.092878103256226
0.092973232269287
0.096434116363525
0.10292720794678
0.094597816467285
0.096544027328491
0.10368299484253
0.10201287269592
0.09777307510376
0.097498893737793
0.096728086471558
0.10146903991699
0.095351934432983
0.097273826599121
0.092372894287109
0.099637031555176
0.1901741027832
0.099016904830933
0.093161821365356
0.091952800750732
0.10523200035095
0.096379995346069
0.094332933425903
0.10027408599854
0.095520973205566
0.1022310256958
0.10163307189941
0.091248035430908
0.10296010971069
0.095839023590088
0.09355902671814
0.098196983337402
0.09637188911438
0.099838018417358
0.095331907272339
0.094132900238037
0.097111940383911
0.094629049301147
0.097414016723633
0.089481115341187
0.096389055252075
0.1028618812561
0.10236096382141
0.094334125518799
0.089022874832153
0.10579419136047
0.093646049499512
0.099346160888672
0.098052024841309
0.1008198261261
0.095441102981567
0.094796180725098
0.099333047866821
0.08989691734314
0.10038590431213
0.10415601730347
0.097761154174805
0.10444402694702
0.093002080917358
0.091778039932251
0.10390710830688
0.093307018280029
0.09241795539856
0.10207605361938
0.097684144973755
0.094937086105347
0.089578151702881
0.091733932495117
0.091763973236084
0.091409921646118
0.10186982154846
0.092499971389771
0.095861911773682
0.091937065124512
0.098521947860718
0.091588020324707
0.092671871185303
0.091835975646973
0.091171979904175
0.10549187660217
0.10364985466003
0.094383955001831
0.1003110408783
0.093936920166016
0.10075402259827
0.099733114242554
0.094615936279297
0.096158981323242
0.13700199127197
0.099446058273315
0.093942880630493
0.092828035354614
0.092543125152588
0.10007786750793
0.094526052474976
0.096763134002686
0.092571020126343
0.088928937911987
0.092633008956909
0.097881078720093
0.098719835281372
0.094310998916626
0.10094904899597
0.093992948532104
0.10339403152466
0.097265958786011
0.09974217414856
0.092432975769043
0.10343384742737
0.09561014175415
0.088689088821411
0.10674500465393
0.092607021331787
0.09618091583252
0.16272401809692
0.10178208351135
0.095402956008911
0.09123706817627
0.093261003494263
0.093767881393433
0.095805883407593
0.093662977218628
0.093996047973633
0.095292091369629
0.11591815948486
0.094915151596069
0.097634792327881
0.097448110580444
0.10052394866943
0.10249900817871
0.1206488609314
0.095091819763184
0.09986686706543
0.10414600372314
0.096678972244263
0.10325694084167
0.1033079624176
0.093824863433838
0.091192960739136
0.096853971481323
0.093971014022827
0.088884830474854
0.096270084381104
0.093888998031616
0.08950400352478
0.098342895507812
0.097976922988892
0.096847057342529
0.098720073699951
0.096207857131958
0.098726987838745
0.097363948822021
0.094351053237915
0.098189830780029
0.10397291183472
0.15003108978271
0.090651035308838
0.10464692115784
0.094065189361572
0.097037076950073
0.10102200508118
0.092972040176392
0.10027885437012
0.10428500175476
0.10143494606018
0.089638948440552
0.15506601333618
0.093786954879761
0.093235015869141
0.094928979873657
0.10314893722534
0.094618082046509
0.090913057327271
0.098603963851929
0.091042995452881
0.092911958694458
0.098891019821167
0.098193168640137
0.096377849578857
0.092830181121826
0.098227977752686
0.10289001464844
0.093635082244873
0.098885059356689
0.093492031097412
0.10246515274048
0.093906164169312
0.10014700889587
0.091497898101807
0.093996047973633
0.09788990020752
0.089136123657227
0.096009969711304
0.093915224075317
0.094878911972046
0.099075794219971
0.10104417800903
0.095580101013184
0.094151973724365
0.090709924697876
0.096040964126587
0.10519504547119
0.086590051651001
0.099964141845703
0.10205006599426
0.099316120147705
0.094300031661987
0.10223507881165
0.097746133804321
0.092303991317749
0.10164499282837
0.089797019958496
0.093195915222168
0.087600946426392
0.09325098991394
0.099551200866699
0.096138000488281
0.10619378089905
0.09463906288147
0.099517107009888
0.10008811950684
0.11489319801331
0.1013011932373
0.090770959854126
0.09169602394104
0.090689182281494
0.10351586341858
0.098865032196045
0.094266176223755
0.092312812805176
0.097822189331055
0.092825889587402
0.1017382144928
0.090991973876953
0.093111038208008
0.089014053344727
0.10301518440247
0.097299814224243
0.099348068237305
0.093063116073608
0.093832015991211
0.093178987503052
0.10319209098816
0.095617055892944
0.09656286239624
0.10434007644653
0.087576150894165
0.089109897613525
0.095290899276733
0.099734783172607
0.096433877944946
0.097337007522583
0.088394165039062
0.09548807144165
0.10906291007996
0.10439801216125
0.093179941177368
0.09491491317749
0.092200040817261
0.087253093719482
0.097749948501587
0.096434116363525
0.11107587814331
0.093078851699829
0.095572948455811
0.10827589035034
0.099495887756348
0.09381103515625
0.096417188644409
0.10989689826965
0.093845129013062
0.095487117767334
0.089200019836426
0.09298300743103
0.1030478477478
0.095185041427612
0.10262799263
0.10001802444458
0.090404987335205
0.090466022491455
0.094252109527588
0.1011528968811
0.11437320709229
0.091822862625122
0.097308158874512
0.093737840652466
0.09122896194458
0.093384027481079
0.097395181655884
0.09148097038269
0.092772006988525
0.097410917282104
0.10118007659912
0.095082998275757
0.097226142883301
0.098335981369019
0.096496105194092
0.092092037200928
0.11717295646667
0.091874837875366
0.092832088470459
0.09565281867981
0.16236400604248
0.10409688949585
0.089325904846191
0.097411155700684
0.095793008804321
0.094252824783325
0.091830015182495
0.10098004341125
0.098130941390991
0.09621787071228
0.10204219818115
0.10835003852844
0.095748901367188
0.091958999633789
0.10303711891174
0.10196495056152
0.098158121109009
0.093595027923584
0.09893012046814
0.093123912811279
0.090509176254272
0.095843076705933
0.086246967315674
0.10035991668701
0.091181993484497
0.089843988418579
0.096673011779785
0.1046450138092
0.10204100608826
0.089878082275391
0.098383903503418
0.096647977828979
0.091844081878662
0.098160028457642
0.097054004669189
0.089652061462402
0.10121321678162
0.095405101776123
0.090903997421265
0.10388708114624
0.10783195495605
0.094679117202759
0.091653108596802
0.095262050628662
0.10115313529968
0.10089206695557
0.093880891799927
0.10063290596008
0.10369300842285
0.10362482070923
0.094433784484863
0.098958015441895
0.08986496925354
0.10526013374329
0.097186088562012
0.090637922286987
0.097498893737793
0.095843076705933
0.094643115997314
0.089255094528198
0.091651201248169
0.097214937210083
0.099442958831787
0.095216989517212
0.093860864639282
0.10742902755737
0.091242074966431
0.10487508773804
0.09321403503418
0.092215061187744
0.093837976455688
0.092512130737305
0.091524839401245
0.093495845794678
0.097146987915039
0.20249199867249
0.094244003295898
0.095925807952881
0.091516017913818
0.10389304161072
0.09246301651001
0.098833799362183
0.094295024871826
0.15587997436523
0.1031608581543
0.098933935165405
0.096328973770142
0.099143981933594
0.096726894378662
0.098021984100342
0.10024499893188
0.088294982910156
0.10381603240967
0.093679904937744
0.089229822158813
0.099157094955444
0.097746849060059
0.10235404968262
0.095956802368164
0.093951940536499
0.09611988067627
0.096668004989624
0.094583034515381
0.11267995834351
0.09869909286499
0.097507953643799
0.090727090835571
0.090689897537231
0.1007661819458
0.11337804794312
0.097821950912476
0.094993114471436
0.098304033279419
0.10143899917603
0.089361906051636
0.095879077911377
0.10193991661072
0.097488164901733
0.096076965332031
0.089552879333496
0.092634916305542
0.095111846923828
0.097699165344238
0.097621917724609
0.092827081680298
0.10000991821289
0.097411870956421
0.10488200187683
0.10131406784058
0.096265077590942
0.089309215545654
0.096206903457642
0.10408806800842
0.094265937805176
0.09754490852356
0.092976093292236
0.093186140060425
0.098606109619141
0.097997903823853
0.11299395561218
0.10093808174133
0.095829010009766
0.092280864715576
0.093480110168457
0.094186067581177
0.093043804168701
0.093633890151978
0.096149921417236
0.092421054840088
0.092097043991089
0.094083786010742
0.10957503318787
0.095044136047363
0.08984899520874
0.094919919967651
0.096588134765625
0.093651056289673
0.095149040222168
0.097797870635986
0.096391916275024
0.096625089645386
0.10143685340881
0.095112085342407
0.092643022537231
0.10372304916382
0.092689037322998
0.091296911239624
0.099858045578003
0.10314083099365
0.09220290184021
0.092852115631104
0.2206859588623
0.095172166824341
0.097543001174927
0.096403121948242
0.093322992324829
0.097501993179321
0.089087009429932
0.10514807701111
0.096710920333862
0.093335866928101
0.09742283821106
0.096991062164307
0.09658408164978
0.091078996658325
0.091726064682007
0.1022469997406
0.10109400749207
0.10215401649475
0.1026029586792
0.10360503196716
0.10476398468018
0.10936903953552
0.096539974212646
0.091337919235229
0.10440015792847
0.11182403564453
0.10274600982666
0.099139928817749
0.10466694831848
0.10103893280029
0.093384027481079
0.10575103759766
0.098596096038818
0.096776962280273
0.090552806854248
0.1027889251709
0.093024969100952
0.094794988632202
0.094867944717407
0.12708902359009
0.096915006637573
0.12262105941772
0.091976881027222
0.096587896347046
0.1047990322113
0.10290002822876
0.099097013473511
0.092957973480225
0.099689960479736
0.10687685012817
0.1529848575592
0.10021018981934
0.099857091903687
0.10106801986694
0.096196174621582
0.10469317436218
0.10206317901611
0.10334587097168
0.10153198242188
0.10550093650818
0.09720516204834
0.093921184539795
0.093366146087646
0.10018420219421
0.091795921325684
0.10017895698547
0.097205877304077
0.1068549156189
0.097054004669189
0.095126152038574
0.1181321144104
0.10310101509094
0.093096017837524
0.10533690452576
0.094352006912231
0.092869997024536
0.097438097000122
0.098007917404175
0.10361003875732
0.10366988182068
0.09307599067688
0.095294952392578
0.096823930740356
0.090879201889038
0.093722820281982
0.091660022735596
0.092379093170166
0.1017210483551
0.092888116836548
0.096277952194214
0.099282026290894
0.10215306282043
0.097419023513794
0.096590995788574
0.09400200843811
0.099823951721191
0.10079383850098
0.10304284095764
0.10103702545166
0.10474705696106
0.097249031066895
0.0953528881073
0.089929819107056
0.092050790786743
0.089264869689941
0.092325925827026
0.095598220825195
0.10392189025879
0.096813917160034
0.10394310951233
0.11076402664185
0.10953307151794
0.093742847442627
0.099812030792236
0.10358786582947
0.094269037246704
0.10018301010132
0.090567827224731
0.090430021286011
0.11021900177002
0.1023268699646
0.093706846237183
0.090471982955933
0.094906091690063
0.095103025436401
0.092118978500366
0.099958896636963
0.096821784973145
0.093762874603271
0.096145153045654
0.092182159423828
0.092293977737427
0.10419893264771
0.094094038009644
0.095273971557617
0.091009140014648
0.097854137420654
0.10791897773743
0.093394994735718
0.09856104850769
0.099107027053833
0.10531806945801
0.11008882522583
0.094041109085083
0.097831010818481
0.097218036651611
0.097002983093262
0.099257946014404
0.10909914970398
0.10646200180054
0.09608793258667
0.099107027053833
0.092150926589966
0.090831995010376
0.091503143310547
0.097632884979248
0.090181112289429
0.10111212730408
0.102618932724
0.10646104812622
0.097710132598877
0.099737882614136
0.09630298614502
0.10117197036743
0.090501070022583
0.09688401222229
0.099469184875488
0.091344118118286
0.096410989761353
0.09663987159729
0.10644507408142
0.096322059631348
0.10531306266785
0.10051894187927
0.095564126968384
0.098863840103149
0.10204482078552
0.098077058792114
0.093823909759521
0.11089396476746
0.10150098800659
0.09440803527832
0.093850135803223
0.10017895698547
0.093297004699707
0.10334181785583
0.095247983932495
0.09384298324585
0.095118999481201
0.0884850025177
0.095410823822021
0.096141815185547
0.10588097572327
0.093451023101807
0.23636984825134
0.10738587379456
0.097816944122314
0.099736928939819
0.093448877334595
0.11278605461121
0.09930682182312
0.093923091888428
0.098515033721924
0.10504102706909
0.092285871505737
0.095382928848267
0.095568895339966
0.10482001304626
0.097506999969482
0.092679023742676
0.093472957611084
0.1035418510437
0.11573505401611
0.09097695350647
0.099435091018677
0.10207319259644
0.10385799407959
0.092766046524048
0.10155320167542
0.099009037017822
0.10943293571472
0.097425937652588
0.10624194145203
0.095405101776123
0.093983888626099
0.10175800323486
0.09565806388855
0.098142862319946
0.10848999023438
0.097150087356567
0.10318899154663
0.089767932891846
0.1113657951355
0.09622597694397
0.093689918518066
0.094429016113281
0.091566801071167
0.10600304603577
0.10028219223022
0.0971839427948
0.095353126525879
0.10125112533569
0.090644836425781
0.099898099899292
0.10116291046143
0.10211277008057
0.10212302207947
0.096818923950195
0.10481214523315
0.0987389087677
0.10091495513916
0.095602989196777
0.09787392616272
0.091953992843628
0.092907905578613
0.099372863769531
0.10239815711975
0.10224199295044
0.10110306739807
0.093867063522339
0.099570989608765
0.092841863632202
0.103590965271
0.10311198234558
0.095355987548828
0.091874122619629
0.091328144073486
0.10262298583984
0.093477010726929
0.10056710243225
0.099043846130371
0.091431856155396
0.095005989074707
0.095906019210815
0.40766501426697
0.094871044158936
0.10659193992615
0.096389055252075
0.099317789077759
0.098088026046753
0.09407901763916
0.096004962921143
0.093539953231812
0.10480308532715
0.094642162322998
0.1050500869751
0.087532997131348
0.09893798828125
0.12148189544678
0.097608804702759
0.099936962127686
0.095430850982666
0.094475984573364
0.09337306022644
0.097530841827393
0.089600086212158
0.096985101699829
0.096352815628052
0.090505123138428
0.098327159881592
0.089239120483398
0.088474988937378
0.096930980682373
0.095448970794678
0.10401296615601
0.097913026809692
0.099804878234863
0.092545032501221
0.10794115066528
0.097919225692749
0.093734979629517
0.097692012786865
0.093715906143188
0.089308977127075
0.095713138580322
0.097645044326782
0.099432945251465
0.092313051223755
0.095371007919312
0.094099998474121
0.097655057907104
0.09626293182373
0.10420799255371
0.092724084854126
0.096352100372314
0.096410989761353
0.10178804397583
0.09247612953186
0.098441123962402
0.09955883026123
0.094871997833252
0.097450971603394
0.10246706008911
0.10095000267029
0.092980146408081
0.099303960800171
0.094021081924438
0.096836090087891
0.093540906906128
0.095378875732422
0.10571384429932
0.095031023025513
0.097953081130981
0.093003034591675
0.092000007629395
0.10045886039734
0.092304944992065
0.093403100967407
0.10801887512207
0.094885110855103
0.093675136566162
0.10043907165527
0.097092866897583
0.097900867462158
0.096704006195068
0.10308599472046
0.093916893005371
0.097908973693848
0.11897611618042
0.086573839187622
0.095522880554199
0.10059905052185
0.099745988845825
0.088274955749512
0.095216035842896
0.093256950378418
0.10079717636108
0.1015899181366
0.098334074020386
0.097417116165161
0.096678972244263
0.090412855148315
0.10523200035095
0.0972900390625
0.09467601776123
0.098513126373291
0.10074901580811
0.099044799804688
0.10032892227173
0.095731973648071
0.094886064529419
0.096490859985352
0.096270084381104
0.099493026733398
0.092406988143921
0.09849214553833
0.099368095397949
0.10059118270874
0.10262799263
0.089260816574097
0.099648952484131
0.098068952560425
0.097522974014282
0.095100164413452
0.098698854446411
0.098948001861572
0.093256950378418
0.098351955413818
0.20660400390625
0.09474515914917
0.090903043746948
0.093125104904175
0.10000610351562
0.099148988723755
0.096494197845459
0.096864938735962
0.093422889709473
0.092820882797241
0.090836048126221
0.093693971633911
0.099777936935425
0.094086885452271
0.10392189025879
0.10029792785645
0.097502946853638
0.097904920578003
0.11002492904663
0.096226930618286
0.091994047164917
0.090628862380981
0.094621896743774
0.093798875808716
0.09561014175415
0.093453168869019
0.097208976745605
0.096395969390869
0.11592602729797
0.095132112503052
0.09130597114563
0.099261045455933
0.090297937393188
0.09874701499939
0.099248886108398
0.10067009925842
0.093042850494385
0.10550498962402
0.10890102386475
0.094865083694458
0.098706960678101
0.096410989761353
0.095041990280151
0.090169906616211
0.095091104507446
0.099261999130249
0.09334397315979
0.098145008087158
0.10632300376892
0.09833288192749
0.091320037841797
0.091692924499512
0.094763040542603
0.10524702072144
0.094664812088013
0.10030484199524
0.097151041030884
0.095232009887695
0.1003589630127
0.10540890693665
0.092447996139526
0.099448204040527
0.09139084815979
0.1051721572876
0.094418048858643
0.090224981307983
0.10924482345581
0.094568967819214
0.10085201263428
0.094779014587402
0.096216917037964
0.093043088912964
0.089945793151855
0.099232912063599
0.10346388816833
0.09412693977356
0.095782995223999
0.088193893432617
0.10134291648865
0.097800016403198
0.090740919113159
0.094525098800659
0.10337591171265
0.1027500629425
0.095654010772705
0.09417200088501
0.10593390464783
0.097474098205566
0.099740982055664
0.10101294517517
0.10632395744324
0.090236902236938
0.092939853668213
0.09925103187561
0.098430871963501
0.10488510131836
0.095740079879761
0.10368585586548
0.097867965698242
0.10617780685425
0.093935012817383
0.097121000289917
0.10446405410767
0.10722994804382
0.096302032470703
0.10093307495117
0.10476517677307
0.091193914413452
0.096659898757935
0.096894979476929
0.20579504966736
0.11057806015015
0.097100973129272
0.10650491714478
0.098686933517456
0.10281801223755
0.10093998908997
0.10453295707703
0.100182056427
0.097858905792236
0.1008448600769
0.31553602218628
0.090481996536255
0.20184993743896
0.09788703918457
0.097604990005493
0.092905044555664
0.10624885559082
0.086761951446533
0.10056591033936
0.098184108734131
0.096949100494385
0.1018271446228
0.10339593887329
0.092071056365967
0.097527980804443
0.094381093978882
0.099860191345215
0.10267496109009
0.1044499874115
0.092979907989502
0.094283103942871
0.10062384605408
0.10468220710754
0.099477052688599
0.097506999969482
0.093731880187988
0.093830823898315
0.099078893661499
0.0955810546875
0.099344968795776
0.098603963851929
0.092668056488037
0.10649299621582
0.10556411743164
0.095097064971924
0.088980913162231
0.090875148773193
0.09731388092041
0.10057806968689
0.10254406929016
0.097637176513672
0.089654922485352
0.11247992515564
0.09767484664917
0.097870111465454
0.10108995437622
0.10034990310669
0.10165190696716
0.097836971282959
0.093689918518066
0.090498924255371
0.091846942901611
0.097522974014282
0.11216998100281
0.097880840301514
0.094031095504761
0.10266709327698
0.1043438911438
0.095900058746338
0.089483022689819
0.096160888671875
0.093130111694336
0.092165231704712
0.099930763244629
0.097978115081787
0.097202062606812
0.097079038619995
0.10044121742249
0.094640016555786
0.093932867050171
0.093634843826294
0.097795963287354
0.091445922851562
0.20572400093079
0.088451862335205
0.089901208877563
0.092694997787476
0.11398887634277
0.093636989593506
0.090411901473999
0.093095064163208
0.092581033706665
0.093600988388062
0.10207486152649
0.10185313224792
0.092653036117554
0.093364000320435
0.093755006790161
0.097713232040405
0.092871904373169
0.094401836395264
0.1049211025238
0.095174074172974
0.10222005844116
0.094919919967651
0.093780994415283
0.11035799980164
0.10264992713928
0.092830896377563
0.09292197227478
0.10373997688293
0.095217943191528
0.092936038970947
0.095377922058105
0.095524072647095
0.097429990768433
0.10367488861084
0.09935998916626
0.089956998825073
0.099177122116089
0.090445041656494
0.089589834213257
0.093582153320312
0.088337898254395
0.093517065048218
0.095521926879883
0.10878491401672
0.10393285751343
0.10411190986633
0.098135948181152
0.090806007385254
0.095690965652466
0.099254131317139
0.10033893585205
0.09040904045105
0.096966028213501
0.098901033401489
0.10602617263794
0.098327159881592
0.093666076660156
0.10223507881165
0.09929895401001
0.1014199256897
0.096674919128418
0.097452878952026
0.10686612129211
0.11293911933899
0.10910391807556
0.10089802742004
0.097059965133667
0.0992591381073
0.09434986114502
0.1013720035553
0.089257955551147
0.094243049621582
0.097965002059937
0.094389915466309
0.091538906097412
0.098325967788696
0.09555983543396
0.095146179199219
0.092221975326538
0.093950033187866
0.092673063278198
0.098009824752808
0.10113406181335
0.091854095458984
0.089924097061157
0.10346388816833
0.092076063156128
0.095700025558472
0.10882496833801
0.097142934799194
0.092041969299316
0.09763503074646
0.098949909210205
0.0916428565979
0.099932193756104
0.10118293762207
0.092254877090454
0.098627090454102
0.099307060241699
0.093532085418701
0.099348068237305
0.098493099212646
0.099361181259155
0.10525798797607
0.10139107704163
0.10285091400146
0.10418295860291
0.11900591850281
0.098034858703613
0.088598012924194
0.090184926986694
0.11004304885864
0.1108341217041
0.095012903213501
0.10148596763611
0.090882062911987
0.094725847244263
0.10117411613464
0.092010021209717
0.11110281944275
0.10894012451172
0.096395015716553
0.085549116134644
0.10617184638977
0.094466924667358
0.10086488723755
0.10023498535156
0.092740058898926
0.10038900375366
0.091642141342163
0.10079717636108
0.093417882919312
0.097826957702637
0.21582889556885
0.093528985977173
0.095993995666504
0.10710382461548
0.08947491645813
0.099581003189087
0.11519408226013
0.092231035232544
0.097262144088745
0.1006920337677
0.11203694343567
0.098469018936157
0.096254825592041
0.091878175735474
0.096114158630371
0.10156297683716
0.10198497772217
0.097700119018555
0.095945835113525
0.096740007400513
0.096335887908936
0.094534873962402
0.10092782974243
0.10490393638611
0.093741893768311
0.098108053207397
0.098633050918579
0.096940040588379
0.096892833709717
0.0934739112854
0.094563961029053
0.099370956420898
0.089689016342163
0.094332933425903
0.10050892829895
0.098989009857178
0.088589906692505
0.095923900604248
0.090878009796143
0.10413694381714
0.099075078964233
0.096426963806152
0.10299015045166
0.093407154083252
0.099987030029297
0.08881688117981
0.093732118606567
0.090955972671509
0.093185901641846
0.093059062957764
0.10546898841858
0.10229706764221
0.096948862075806
0.091630935668945
0.10148906707764
0.095271825790405
0.10802292823792
0.10326504707336
0.094668865203857
0.1009418964386
0.095680952072144
0.096006870269775
0.10134100914001
0.093380928039551
0.096590995788574
0.096286773681641
0.098782062530518
0.099784851074219
0.097479820251465
0.092116117477417
0.095409154891968
0.096794128417969
0.090350866317749
0.090483903884888
0.093998193740845
0.095143795013428
0.10093402862549
0.10921907424927
0.098466873168945
0.087929010391235
0.10371589660645
0.10298299789429
0.094896078109741
0.097748994827271
0.090744972229004
0.096199989318848
0.089546918869019
0.099785089492798
0.096318006515503
0.092926979064941
0.09247088432312
0.101881980896
0.092238903045654
0.10202813148499
0.096476078033447
0.10813403129578
0.10758900642395
0.096170902252197
0.093146085739136
0.097245931625366
0.10060501098633
0.092767000198364
0.095164060592651
0.10096001625061
0.097368001937866
0.090884923934937
0.093914985656738
0.098875045776367
0.099624872207642
0.10160207748413
0.10787677764893
0.094116926193237
0.090440034866333
0.097820043563843
0.093991041183472
0.11124110221863
0.094218015670776
0.088994026184082
0.091310977935791
0.089420795440674
0.092371940612793
0.092167139053345
0.09479284286499
0.097111940383911
0.095417976379395
0.11325812339783
0.087080955505371
0.092403888702393
0.09246301651001
0.097614049911499
0.095744848251343
0.09273099899292
0.095881938934326
0.09523606300354
0.091213941574097
0.095445871353149
0.091186046600342
0.11237096786499
0.088101863861084
0.099859952926636
0.098849058151245
0.098582029342651
0.093280076980591
0.10255193710327
0.095557928085327
0.096839189529419
0.089503049850464
0.098358154296875
0.091671943664551
0.099580049514771
0.092900037765503
0.1113109588623
0.096016883850098
0.090097904205322
0.10291290283203
0.094680786132812
0.095113039016724
0.089972972869873
0.094331026077271
0.099286079406738
0.09136700630188
0.090075016021729
0.10499501228333
0.092072010040283
0.096291065216064
0.092942953109741
0.10154104232788
0.09102988243103
0.097048997879028
0.092149972915649
0.10052704811096
0.1151430606842
0.098039150238037
0.094590902328491
0.10049200057983
0.099493980407715
0.098257064819336
0.098095178604126
0.095026969909668
0.099195957183838
0.094712018966675
0.091917991638184
0.10119700431824
0.092605113983154
0.090826034545898
0.096144914627075
0.099655151367188
0.094903945922852
0.094186067581177
0.088690996170044
0.10453796386719
0.1012589931488
0.10929894447327
0.1233389377594
0.095683097839355
0.1018750667572
0.089317798614502
0.10087013244629
0.09537410736084
0.098037958145142
0.096931934356689
0.095654010772705
0.10860419273376
0.096930027008057
0.091799020767212
0.097193002700806
0.089212894439697
0.096846103668213
0.091861963272095
0.093361854553223
0.10234904289246
0.10653495788574
0.094398021697998
0.097422122955322
0.098395109176636
0.092486143112183
0.089489936828613
0.088886022567749
0.089711904525757
0.10967993736267
0.093178987503052
0.093941926956177
0.099303960800171
0.10315418243408
0.096915006637573
0.098095178604126
0.092709064483643
0.099868059158325
0.10293912887573
0.094197988510132
0.09145188331604
0.091880083084106
0.090416193008423
0.095379114151001
0.10275101661682
0.1075119972229
0.10089206695557
0.10027194023132
0.09169602394104
0.096399068832397
0.090727806091309
0.097615003585815
0.09251594543457
0.088122129440308
0.098423957824707
0.09822416305542
0.097586154937744
0.10992217063904
0.096148014068604
0.10411405563354
0.10237002372742
0.10362601280212
0.097316980361938
0.091848850250244
0.096088886260986
0.1012761592865
0.098674058914185
0.10227203369141
0.13504505157471
0.099181175231934
0.14364504814148
0.094360113143921
0.095031976699829
0.11004900932312
0.098898887634277
0.097615957260132
0.10106301307678
0.090268850326538
0.099210977554321
0.10887789726257
0.10594987869263
0.098336935043335
0.097388982772827
0.088917016983032
0.09469199180603
0.090173959732056
0.10041117668152
0.090962886810303
0.093391895294189
0.094870090484619
0.089076042175293
0.097984075546265
0.10061407089233
0.090905904769897
0.090691089630127
0.10634708404541
0.093258857727051
0.099029064178467
0.096683025360107
0.099932909011841
0.09862494468689
0.093302011489868
0.087614059448242
0.097975015640259
0.096261978149414
0.087744951248169
0.097110033035278
0.096130847930908
0.10054898262024
0.092962980270386
0.093374967575073
0.098822116851807
0.094939947128296
0.10028290748596
0.090054988861084
0.09917688369751
0.10548210144043
0.091379165649414
0.098419904708862
0.096849918365479
0.096261978149414
0.096930980682373
0.10327100753784
0.10050916671753
0.10266089439392
0.095074892044067
0.098957061767578
0.09639310836792
0.10345220565796
0.1049211025238
0.11350202560425
0.099009990692139
0.093518018722534
0.10058999061584
0.095489025115967
0.097618103027344
0.092736005783081
0.10181903839111
0.11062788963318
0.10236501693726
0.10374402999878
0.10226583480835
0.09697413444519
0.089709997177124
0.0972900390625
0.10327506065369
0.091148853302002
0.095378875732422
0.097669839859009
0.093896150588989
0.098716974258423
0.091379880905151
0.090760946273804
0.093806982040405
0.099141836166382
0.10293889045715
0.098598003387451
0.092119932174683
0.11048793792725
0.099092960357666
0.099480152130127
0.089646816253662
0.1013011932373
0.090602874755859
0.096287965774536
0.092523813247681
0.088884115219116
0.090238094329834
0.096046924591064
0.086720943450928
0.092725038528442
0.10226202011108
0.1021249294281
0.097733020782471
0.097405910491943
0.088759899139404
0.10754299163818
0.3010458946228
0.093452215194702
0.10482287406921
0.099352121353149
0.09155797958374
0.095189094543457
0.095282077789307
0.090802192687988
0.098607063293457
0.095927953720093
0.093519926071167
0.10264182090759
0.094569206237793
0.14422798156738
0.097573041915894
0.098033905029297
0.090399980545044
0.095759868621826
0.096398115158081
0.09807300567627
0.097362041473389
0.088539123535156
0.10309505462646
0.092788934707642
0.091843843460083
0.090811014175415
0.090533971786499
0.097004175186157
0.092298030853271
0.089453935623169
0.094484806060791
0.095139026641846
0.09221887588501
0.091836929321289
0.099747180938721
0.094116926193237
0.090945959091187
0.098932027816772
0.091819047927856
0.097442150115967
0.099409818649292
0.10203695297241
0.090130090713501
0.099577903747559
0.095823049545288
0.089714050292969
0.10064220428467
0.094669103622437
0.092544078826904
0.096837043762207
0.10367107391357
0.094304800033569
0.12767291069031
0.093019962310791
0.088900089263916
0.089588165283203
0.093222856521606
0.11025023460388
0.095186948776245
0.11864995956421
0.10122179985046
0.097804069519043
0.093821048736572
0.10123801231384
0.099472999572754
0.10086894035339
0.089501857757568
0.096307992935181
0.089531183242798
0.094215869903564
0.095108985900879
0.098795890808105
0.10655212402344
0.096284866333008
0.096528053283691
0.099817037582397
0.090303897857666
0.092347860336304
0.08942985534668
0.094223976135254
0.097883939743042
0.092602968215942
0.099398851394653
0.097816944122314
0.098220109939575
0.097548961639404
0.099413871765137
0.091026067733765
0.091089010238647
0.090685129165649
0.094719886779785
0.092149019241333
0.094147920608521
0.0973801612854
0.1020929813385
0.098798036575317
0.091763019561768
0.097419023513794
0.11300301551819
0.09996485710144
0.094305992126465
0.095499038696289
0.10048007965088
0.093051910400391
0.096075057983398
0.0886390209198
0.10252285003662
0.097383975982666
0.093026876449585
0.089306831359863
0.10144805908203
0.090994119644165
0.1010320186615
0.10008883476257
0.10774683952332
0.093295812606812
0.092614889144897
0.10523295402527
0.094843864440918
0.10284996032715
0.088953018188477
0.098505973815918
0.097100973129272
0.10192489624023
0.09663987159729
0.10009980201721
0.10220980644226
0.095749855041504
0.095939874649048
0.093630075454712
0.092555999755859
0.096735954284668
0.097770214080811
0.15116095542908
0.10100913047791
0.091645002365112
0.092541933059692
0.10650515556335
0.10159707069397
0.10420703887939
0.10034108161926
0.093877077102661
0.088272094726562
0.094183206558228
0.094961881637573
0.096194982528687
0.098551034927368
0.10963296890259
0.099252939224243
0.10221600532532
0.092058897018433
0.093437910079956
0.097776889801025
0.10190391540527
0.095067977905273
0.097021102905273
0.092880964279175
0.10187602043152
0.1058349609375
0.088721036911011
0.091195106506348
0.11145710945129
0.10185194015503
0.08990216255188
0.091547966003418
0.095559120178223
0.098321914672852
0.096086978912354
0.086820125579834
0.10079288482666
0.09525203704834
0.088608980178833
0.092504024505615
0.10630011558533
0.1036159992218
0.093423128128052
0.096333026885986
0.097709894180298
0.099261045455933
0.088354825973511
0.10092091560364
0.095762968063354
0.097016096115112
0.096662998199463
0.095188140869141
0.088978052139282
0.10999178886414
0.10198402404785
0.088824987411499
0.10215210914612
0.097946882247925
0.08688497543335
0.10300397872925
0.10038208961487
0.092528104782104
0.092825889587402
0.098014116287231
0.094170808792114
0.11900496482849
0.09614086151123
0.1252589225769
0.093160152435303
0.099274158477783
0.093502044677734
0.090528011322021
0.098213195800781
0.095759153366089
0.097581148147583
0.10723519325256
0.088675975799561
0.12083005905151
0.093616008758545
0.095351934432983
0.095509052276611
0.098333835601807
0.093529939651489
0.097855806350708
0.091039180755615
0.088140964508057
0.098219156265259
0.10972595214844
0.095756053924561
0.098923206329346
0.091663837432861
0.093250036239624
0.14868593215942
0.10288596153259
0.093246936798096
0.1041431427002
0.087517023086548
0.093894004821777
0.20432710647583
0.10024809837341
0.097594976425171
0.10088515281677
0.10311698913574
0.10462498664856
0.092410087585449
0.097564935684204
0.091750144958496
0.089699983596802
0.093946933746338
0.091487884521484
0.10336494445801
0.098669052124023
0.095046997070312
0.093021869659424
0.10363721847534
0.089929103851318
0.092647075653076
0.12466716766357
0.095157861709595
0.095594882965088
0.089287042617798
0.099471807479858
0.099946022033691
0.097929954528809
0.094145059585571
0.098020076751709
0.092975854873657
0.10062384605408
0.10210084915161
0.094762086868286
0.098010778427124
0.093513965606689
0.094919919967651
0.093318939208984
0.10393595695496
0.1228289604187
0.10095310211182
0.090467929840088
0.097813129425049
0.088985919952393
0.092333078384399
0.093575000762939
0.09502100944519
0.10085296630859
0.09902811050415
0.099562168121338
0.099656820297241
0.093982934951782
0.09395694732666
0.094267129898071
0.12920904159546
0.10155987739563
0.10295391082764
0.095314979553223
0.093447923660278
0.09911584854126
0.085174083709717
0.10459804534912
0.093955993652344
0.095153093338013
0.094695091247559
0.09197211265564
0.090030908584595
0.10189008712769
0.10198998451233
0.099049091339111
0.10341501235962
0.097896099090576
0.094582080841064
0.10372591018677
0.098434925079346
0.10419011116028
0.096944808959961
0.097694158554077
0.094740152359009
0.095540046691895
0.093400001525879
0.11469793319702
0.095218896865845
0.10696411132812
0.11052680015564
0.096034049987793
0.10001301765442
0.098289012908936
0.10145401954651
0.093660831451416
0.093854904174805
0.092408895492554
0.10220098495483
0.094454050064087
0.10354995727539
0.096024036407471
0.090939998626709
0.092868804931641
0.093690872192383
0.096234798431396
0.09823203086853
0.10254120826721
0.090779066085815
0.092033863067627
0.09514307975769
0.096532106399536
0.098489046096802
0.099019050598145
0.096699953079224
0.10306692123413
0.091767072677612
0.091922044754028
0.10398411750793
0.091224908828735
0.098201036453247
0.091522932052612
0.09241795539856
0.089602947235107
0.093664169311523
0.092832803726196
0.097918033599854
0.098973989486694
0.093120098114014
0.10514688491821
0.093591928482056
0.095717191696167
0.094050168991089
0.09857702255249
0.096040964126587
0.095379114151001
0.096705913543701
0.092104911804199
0.089653968811035
0.094175100326538
0.099984169006348
0.091792106628418
0.1007969379425
0.097209930419922
0.12841296195984
0.098165035247803
0.10581493377686
0.095012903213501
0.090731143951416
0.089959859848022
0.091735124588013
0.097196102142334
0.089287042617798
0.091495037078857
0.093859910964966
0.10327196121216
0.091344833374023
0.099019050598145
0.096916913986206
0.093545913696289
0.09717583656311
0.10769104957581
0.091267824172974
0.096492052078247
0.099486112594604
0.096575975418091
0.089632987976074
0.09947395324707
0.10445213317871
0.09798002243042
0.10036087036133
0.09076189994812
0.092677116394043
0.095402956008911
0.098346948623657
0.095469951629639
0.10692405700684
0.093233108520508
0.091147184371948
0.09197998046875
0.093368053436279
0.098471879959106
0.090017080307007
0.10359907150269
0.096740961074829
0.094774007797241
0.097650051116943
0.10192799568176
0.091009140014648
0.11197280883789
0.09349799156189
0.11008405685425
0.093663215637207
0.096590995788574
0.099568843841553
0.099412202835083
0.094147920608521
0.092952013015747
0.097439765930176
0.10808300971985
0.089141130447388
0.098786115646362
0.092530965805054
0.093656063079834
0.098595142364502
0.10133910179138
0.097870111465454
0.096930980682373
0.093992948532104
0.091800928115845
0.093162059783936
0.099969863891602
0.10506010055542
0.096686124801636
0.094938993453979
0.098295927047729
0.093029022216797
0.09139609336853
0.09702205657959
0.095666885375977
0.10377907752991
0.095999002456665
0.095530033111572
0.087791919708252
0.095223188400269
0.098295927047729
0.093307971954346
0.098711013793945
0.097150802612305
0.094166994094849
0.095937967300415
0.094063997268677
0.098602056503296
0.092018127441406
0.095421075820923
0.10282492637634
0.10081791877747
0.098757028579712
0.095939874649048
0.14888691902161
0.098618030548096
0.098592042922974
0.10179710388184
0.10173201560974
0.092764139175415
0.0954749584198
0.14131999015808
0.097057819366455
0.090003967285156
0.093683004379272
0.097532033920288
0.092446088790894
0.1059398651123
0.097920894622803
0.091210126876831
0.10018706321716
0.098922967910767
0.093171119689941
0.091648817062378
0.10705494880676
0.096061944961548
0.094107151031494
0.098404884338379
0.092184066772461
0.1038830280304
0.095787048339844
0.094449043273926
0.11329412460327
0.08961009979248
0.09485387802124
0.10888314247131
0.094781875610352
0.09854793548584
0.10692405700684
0.10497999191284
0.10751008987427
0.099271774291992
0.091681003570557
0.097556829452515
0.10081100463867
0.088686943054199
0.096225023269653
0.098357915878296
0.095716953277588
0.091890811920166
0.11391091346741
0.10308194160461
0.099612951278687
0.099996089935303
0.10075402259827
0.09195613861084
0.091509819030762
0.09307599067688
0.099162101745605
0.095114946365356
0.098533868789673
0.094418048858643
0.10143899917603
0.089047193527222
0.09370493888855
0.10006999969482
0.091210842132568
0.093349933624268
0.099862098693848
0.091440916061401
0.10253000259399
0.094255924224854
0.096849918365479
0.088958024978638
0.12198090553284
0.093522071838379
0.093785047531128
0.09478497505188
0.092645883560181
0.10394787788391
0.1045298576355
0.097230911254883
0.093971014022827
0.091415882110596
0.094565868377686
0.089808940887451
0.094966173171997
0.11590003967285
0.090734004974365
0.092636108398438
0.10197687149048
0.095701932907104
0.094549179077148
0.08971118927002
0.10493588447571
0.10296678543091
0.095620155334473
0.092907190322876
0.096197128295898
0.10343194007874
0.097255945205688
0.1097149848938
0.091706991195679
0.098659038543701
0.099140882492065
0.091491937637329
0.089231014251709
0.098516941070557
0.1077618598938
0.098651170730591
0.10138297080994
0.092426061630249
0.10303997993469
0.093455076217651
0.092136144638062
0.10259199142456
0.096638917922974
0.092890977859497
0.093919992446899
0.098084926605225
0.090299844741821
0.096035957336426
0.093217849731445
0.1009418964386
0.09411096572876
0.090671062469482
0.095302104949951
0.093601942062378
0.092684984207153
0.093897104263306
0.09473705291748
0.096175909042358
0.097229957580566
0.098217010498047
0.098755121231079
0.090014934539795
0.092816114425659
0.095102071762085
0.087342023849487
0.092525005340576
0.095485925674438
0.092286109924316
0.097530126571655
0.15252184867859
0.099592924118042
0.096213102340698
0.098356008529663
0.093322992324829
0.095373868942261
0.089396953582764
0.10017585754395
0.09177303314209
0.098773002624512
0.091485977172852
0.10155200958252
0.099797010421753
0.094429969787598
0.097978115081787
0.092539072036743
0.0957350730896
0.092015027999878
0.096807956695557
0.097914934158325
0.089974164962769
0.10033392906189
0.10166215896606
0.10168194770813
0.094002962112427
0.091398954391479
0.091150045394897
0.10480904579163
0.097548007965088
0.096638917922974
0.09010910987854
0.096190929412842
0.09230899810791
0.094130992889404
0.10100317001343
0.092372894287109
0.093364953994751
0.10123991966248
0.096107006072998
0.097534894943237
0.092631101608276
0.093146085739136
0.093283891677856
0.095524072647095
0.09102201461792
0.091985940933228
0.1010570526123
0.097391128540039
0.095543146133423
0.09444785118103
0.099426031112671
0.092878103256226
0.090618133544922
0.098627805709839
0.09143590927124
0.093539953231812
0.09743595123291
0.091323852539062
0.091316938400269
0.095103025436401
0.10384297370911
0.10102415084839
0.093281984329224
0.093366861343384
0.098720073699951
0.10407304763794
0.096800088882446
0.095222949981689
0.091853857040405
0.093482971191406
0.094010829925537
0.092849969863892
0.09301495552063
0.098518848419189
0.10209012031555
0.097915172576904
0.096632957458496
0.09410285949707
0.096268892288208
0.088521003723145
0.099822998046875
0.10050082206726
0.10173797607422
0.10273814201355
0.098115921020508
0.089102983474731
0.090162992477417
0.090134143829346
0.091519832611084
0.095817089080811
0.13270211219788
0.10112714767456
0.10329699516296
0.099923133850098
0.097635984420776
0.10266804695129
0.097385168075562
0.10385298728943
0.097421169281006
0.096492052078247
0.10009694099426
0.090650081634521
0.090857982635498
0.092058181762695
0.096774101257324
0.092870950698853
0.090975999832153
0.10410690307617
0.098734140396118
0.090863943099976
0.092099905014038
0.095324039459229
0.10562586784363
0.088626861572266
0.10015892982483
0.096226930618286
0.098711967468262
0.11142182350159
0.098114967346191
0.09686017036438
0.09823203086853
0.090049982070923
0.1031711101532
0.093477964401245
0.10310387611389
0.51675605773926
0.10469603538513
0.11362195014954
0.095904111862183
0.10054397583008
0.096391916275024
0.097817897796631
0.10273098945618
0.10461187362671
0.098757028579712
0.089816093444824
0.10610890388489
0.095788955688477
0.093957901000977
0.098890066146851
0.11180686950684
0.094949960708618
0.095461130142212
0.10568904876709
0.094373941421509
0.093255996704102
0.095194101333618
0.10390591621399
0.098621129989624
0.102126121521
0.10180306434631
0.09241795539856
0.1059250831604
0.10802602767944
0.098610877990723
0.090409994125366
0.095912933349609
0.091039896011353
0.096613883972168
0.10619211196899
0.092159986495972
0.10090684890747
0.10162210464478
0.094151020050049
0.094070911407471
0.10193490982056
0.09555196762085
0.094965934753418
0.098587989807129
0.12627506256104
0.1225221157074
0.098345994949341
0.11702799797058
0.091742038726807
0.097965002059937
0.092055082321167
0.12016582489014
0.10415005683899
0.10035991668701
0.097861051559448
0.098696947097778
0.13683104515076
0.092741012573242
0.10496997833252
0.093811988830566
0.10261607170105
0.096527099609375
0.090464115142822
0.095757007598877
0.10144400596619
0.097192049026489
0.096701860427856
0.094572067260742
0.099190950393677
0.10150599479675
0.095921993255615
0.094835996627808
0.093346118927002
0.10440993309021
0.097398996353149
0.097123861312866
0.10402894020081
0.10120415687561
0.092951059341431
0.099112987518311
0.10138201713562
0.096703052520752
0.090598821640015
0.097362995147705
0.10227704048157
0.10394406318665
0.098251819610596
0.09450101852417
0.10276198387146
0.10309886932373
0.086857080459595
0.093090057373047
0.1001501083374
0.094985961914062
0.094311952590942
0.090760946273804
0.095993995666504
0.094316959381104
0.095890998840332
0.10014986991882
0.1057710647583
0.088715076446533
0.095517873764038
0.094413995742798
0.095993041992188
0.093219041824341
0.099703073501587
0.096885919570923
0.1050591468811
0.096621990203857
0.094680070877075
0.10838389396667
0.098848104476929
0.09685206413269
0.10258197784424
0.1060049533844
0.10176801681519
0.092920064926147
0.089394807815552
0.089020967483521
0.096503019332886
0.10689806938171
0.089858055114746
0.095601081848145
0.098273992538452
0.091114044189453
0.099690914154053
0.097564935684204
0.091166973114014
0.094796180725098
0.097189903259277
0.098783016204834
0.098721027374268
0.089637994766235
0.097932100296021
0.092342138290405
0.10955095291138
0.096578121185303
0.096122026443481
0.095957040786743
0.093587875366211
0.10499095916748
0.096378087997437
0.089541912078857
0.09912896156311
0.0972900390625
0.096086978912354
0.10873603820801
0.097820997238159
0.091092824935913
0.096857070922852
0.099426031112671
0.10362982749939
0.097208976745605
0.094558954238892
0.093601942062378
0.098350048065186
0.10143995285034
0.090929985046387
0.093870878219604
0.089541912078857
0.096256971359253
0.098155975341797
0.099447965621948
0.095578908920288
0.09403920173645
0.093799829483032
0.093376874923706
0.1017861366272
0.09338903427124
0.098196983337402
0.087800979614258
0.098806858062744
0.23180508613586
0.095192193984985
0.089550018310547
0.10217905044556
0.10054683685303
0.091565132141113
0.093365907669067
0.09974217414856
0.095456123352051
0.091215848922729
0.0958411693573
0.095731019973755
0.10209894180298
0.094035148620605
0.093238115310669
0.10258221626282
0.092412948608398
0.10610198974609
0.12965607643127
0.098252058029175
0.089514017105103
0.10233592987061
0.10047101974487
0.093654870986938
0.093641996383667
0.1976010799408
0.094527006149292
0.095165967941284
0.10218596458435
0.10617399215698
0.10062980651855
0.10083389282227
0.0902259349823
0.10067200660706
0.090333938598633
0.10302710533142
0.094774961471558
0.092149019241333
0.089428901672363
0.093564033508301
0.10401296615601
0.10162019729614
0.093139886856079
0.1010320186615
0.095352172851562
0.096050024032593
0.0987389087677
0.092087030410767
0.092182874679565
0.092391967773438
0.093106985092163
0.094839096069336
0.097253799438477
0.087399005889893
0.098330020904541
0.094709157943726
0.099410057067871
0.091948986053467
0.09356689453125
0.10247802734375
0.089414834976196
0.098105907440186
0.097772836685181
0.11131286621094
0.094411849975586
0.092141151428223
0.10239005088806
0.093946933746338
0.089395046234131
0.091181993484497
0.09765887260437
0.089219808578491
0.10371518135071
0.09224796295166
0.091928958892822
0.097476005554199
0.10248398780823
0.12472414970398
0.096500873565674
0.089831113815308
0.088541984558105
0.099977016448975
0.096878051757812
0.091184139251709
0.094357967376709
0.096434116363525
0.0883469581604
0.099159002304077
0.093017101287842
0.10256385803223
0.089823961257935
0.11239099502563
0.097478151321411
0.097362995147705
0.10207509994507
0.092337131500244
0.099008083343506
0.09003210067749
0.0991051197052
0.10596990585327
0.10453701019287
0.10313105583191
0.091240882873535
0.10705494880676
0.092951059341431
0.092929124832153
0.090725898742676
0.097933053970337
0.095695972442627
0.099231004714966
0.094257116317749
0.094560146331787
0.10037398338318
0.1153678894043
0.097440958023071
0.096405029296875
0.10587692260742
0.10118699073792
0.095070838928223
0.09495210647583
0.093418836593628
0.093500137329102
0.10408210754395
0.096076965332031
0.091224908828735
0.096073865890503
0.09964394569397
0.095250129699707
0.095629930496216
0.12492799758911
0.088738918304443
0.098180055618286
0.098356008529663
0.095812797546387
0.094103097915649
0.092071056365967
0.098436117172241
0.095601081848145
0.090919971466064
0.10053682327271
0.10194706916809
0.087749004364014
0.099716901779175
0.096944093704224
0.096673011779785
0.093870878219604
0.10389399528503
0.098532915115356
0.10402083396912
0.091976881027222
0.099817037582397
0.09613299369812
0.10119104385376
0.10312104225159
0.096238851547241
0.09711217880249
0.10262703895569
0.09786319732666
0.091300964355469
0.089524030685425
0.1033821105957
0.10204696655273
0.10539388656616
0.097871065139771
0.10145020484924
0.097695112228394
0.098884105682373
0.094660997390747
0.0989670753479
0.090293169021606
0.10625290870667
0.10186409950256
0.092514038085938
0.095359086990356
0.10091209411621
0.093971967697144
0.089864015579224
0.098948001861572
0.092287063598633
0.10292315483093
0.093539953231812
0.10342407226562
0.095683813095093
0.097234964370728
0.10453104972839
0.090762853622437
0.10292720794678
0.1004798412323
0.097327947616577
0.093281984329224
0.092435121536255
0.10295605659485
0.15830397605896
0.10281300544739
0.11457705497742
0.094424962997437
0.096613883972168
0.096383094787598
0.10189604759216
0.092753887176514
0.10157799720764
0.1003360748291
0.093551158905029
0.094448804855347
0.098396062850952
0.099186182022095
0.10076808929443
0.097162008285522
0.094549894332886
0.10427188873291
0.096832036972046
0.099786996841431
0.094335079193115
0.10177302360535
0.095230102539062
0.089962959289551
0.090435028076172
0.091004848480225
0.095536947250366
0.094072103500366
0.08945107460022
0.095513820648193
0.089227914810181
0.096566915512085
0.093765020370483
0.10130906105042
0.10434579849243
0.10396099090576
0.10105109214783
0.10468196868896
0.09575891494751
0.093244075775146
0.087357044219971
0.09599494934082
0.090026140213013
0.099496126174927
0.094671964645386
0.10342907905579
0.096554040908813
0.098691940307617
0.092983961105347
0.095489978790283
0.1012179851532
0.094959020614624
0.099743127822876
0.091553926467896
0.090497016906738
0.093639850616455
0.095662117004395
0.093466997146606
0.11234903335571
0.087675809860229
0.092390060424805
0.097152948379517
0.088002920150757
0.1002140045166
0.096519947052002
0.10709285736084
0.097219944000244
0.10050201416016
0.096156120300293
0.14074420928955
0.11463212966919
0.099212169647217
0.096374988555908
0.099557876586914
0.091733932495117
0.094044923782349
0.1009509563446
0.097170114517212
0.10388898849487
0.096423864364624
0.099126100540161
0.09729790687561
0.10774612426758
0.0937819480896
0.097656011581421
0.1028790473938
0.093548059463501
0.096000909805298
0.098344802856445
0.092123031616211
0.092272043228149
0.10494112968445
0.098403930664062
0.094228982925415
0.10293102264404
0.093692064285278
0.092061996459961
0.095695972442627
0.093946933746338
0.097082853317261
0.093772888183594
0.10444498062134
0.091040134429932
0.088238000869751
0.099340915679932
0.089907169342041
0.10505199432373
0.094526052474976
0.099293947219849
0.10365200042725
0.10058689117432
0.099765062332153
0.10085916519165
0.093296051025391
0.090382814407349
0.096812009811401
0.096597909927368
0.0884690284729
0.094241142272949
0.10300397872925
0.10385298728943
0.10056114196777
0.092602014541626
0.093385219573975
0.092862844467163
0.098830938339233
0.093710899353027
0.094337940216064
0.09169602394104
0.092545986175537
0.096384048461914
0.098566055297852
0.094276905059814
0.093687057495117
0.096560955047607
0.099085092544556
0.092453956604004
0.1051230430603
0.092133045196533
0.10404586791992
0.096747875213623
0.096039056777954
0.097980976104736
0.10031008720398
0.090284109115601
0.092185974121094
0.10074996948242
0.091256141662598
0.090267181396484
0.097202062606812
0.09816312789917
0.090719938278198
0.098201990127563
0.10000109672546
0.39034008979797
0.095141887664795
0.10123610496521
0.21864604949951
0.10143113136292
0.096502065658569
0.10226917266846
0.10299301147461
0.097305059432983
0.095922946929932
0.10751914978027
0.091728925704956
0.0935959815979
0.091373920440674
0.096328973770142
0.09375
0.099220991134644
0.10135388374329
0.098550081253052
0.10443711280823
0.095526933670044
0.094705104827881
0.094276905059814
0.10325598716736
0.097963094711304
0.09797215461731
0.10645985603333
0.10012698173523
0.097495079040527
0.10181403160095
0.096138954162598
0.10979795455933
0.095085144042969
0.09529709815979
0.096350193023682
0.092347145080566
0.10717701911926
0.10009813308716
0.11262583732605
0.093369007110596
0.092526912689209
0.101802110672
0.09669303894043
0.11320018768311
0.098169088363647
0.10061502456665
0.10252213478088
0.10392713546753
0.097625017166138
0.10376906394958
0.095684051513672
0.099071979522705
0.10725617408752
0.097571134567261
0.096686840057373
0.090902090072632
0.096110105514526
0.091901063919067
0.10086798667908
0.10335803031921
0.10650205612183
0.10428881645203
0.096179962158203
0.10087585449219
0.10544109344482
0.098347902297974
0.097040891647339
0.094725131988525
0.16581392288208
0.09980297088623
0.097064018249512
0.097229957580566
0.089034080505371
0.093148946762085
0.095162868499756
0.099584102630615
0.095881938934326
0.092315912246704
0.0969078540802
0.091550827026367
0.096245050430298
0.095149040222168
0.11284995079041
0.098796129226685
0.087996006011963
0.094024181365967
0.10001492500305
0.10437989234924
0.091660976409912
0.091031074523926
0.10009717941284
0.090394020080566
0.1005859375
0.095748901367188
0.086119890213013
0.091168880462646
0.088109016418457
0.089969873428345
0.097565889358521
0.11275887489319
0.094409942626953
0.096266031265259
0.094833850860596
0.097487926483154
0.09650707244873
0.093700885772705
0.098363161087036
0.097079038619995
0.097628831863403
0.097239971160889
0.102205991745
0.093523979187012
0.09721302986145
0.1004331111908
0.096837997436523
0.094331979751587
0.095103979110718
0.089043140411377
0.09228515625
0.10975003242493
0.092713117599487
0.091254949569702
0.095849990844727
0.089131116867065
0.10053610801697
0.098827123641968
0.090227842330933
0.094841003417969
0.092916965484619
0.10060095787048
0.095762968063354
0.10506701469421
0.093785047531128
0.091606855392456
0.095299005508423
0.093502998352051
0.092706203460693
0.094068050384521
0.095396995544434
0.10020112991333
0.091796875
0.10069489479065
0.094347953796387
0.098387956619263
0.090763807296753
0.1005699634552
0.093427896499634
0.094317197799683
0.10326313972473
0.09584903717041
0.097774028778076
0.095693111419678
0.097753047943115
0.097160816192627
0.094362020492554
0.099922180175781
0.10386395454407
0.10386800765991
0.092817068099976
0.11535000801086
0.10612201690674
0.093322038650513
0.097931861877441
0.091343879699707
0.098466873168945
0.09115195274353
0.10614991188049
0.097445964813232
0.096404075622559
0.10203385353088
0.093724966049194
0.091996908187866
0.095663070678711
0.1049427986145
0.099969863891602
0.092037916183472
0.095549821853638
0.094079971313477
0.099395036697388
0.10104489326477
0.10148811340332
0.097354888916016
0.097342967987061
0.11595797538757
0.096458911895752
0.095323085784912
0.096562147140503
0.092014074325562
0.089307069778442
0.098367929458618
0.090446949005127
0.10013699531555
0.09412693977356
0.095758199691772
0.098205804824829
0.09089183807373
0.091732025146484
0.10407900810242
0.09222412109375
0.094590187072754
0.095040082931519
0.10098385810852
0.09779691696167
0.092558860778809
0.1053478717804
0.097543001174927
0.10296201705933
0.097130060195923
0.095002174377441
0.090814113616943
0.090373992919922
0.093156099319458
0.09805703163147
0.093119859695435
0.10216593742371
0.09433388710022
0.097059011459351
0.10201191902161
0.093863010406494
0.097844839096069
0.091629981994629
0.10311198234558
0.099009990692139
0.092037200927734
0.10150599479675
0.099348068237305
0.093096971511841
0.090974092483521
0.10112190246582
0.095734834671021
0.095745086669922
0.093417882919312
0.095813035964966
0.090335845947266
0.094021081924438
0.099663972854614
0.099755048751831
0.094583034515381
0.094502925872803
0.09749698638916
0.09241795539856
0.095582008361816
0.094048976898193
0.09277606010437
0.095740795135498
0.10091400146484
0.10006284713745
0.091753959655762
0.095043182373047
0.093119144439697
0.096580982208252
0.097537994384766
0.09967303276062
0.091481924057007
0.091236114501953
0.089992046356201
0.094674110412598
0.094354867935181
0.10300517082214
0.10143184661865
0.097315073013306
0.095078945159912
0.098667860031128
0.095963954925537
0.09622597694397
0.14635705947876
0.094949960708618
0.093667984008789
0.11758899688721
0.10469603538513
0.09033989906311
0.093220949172974
0.099983930587769
0.094244003295898
0.093082189559937
0.094786167144775
0.0941162109375
0.10164284706116
0.089247941970825
0.095863103866577
0.10229897499084
0.20982718467712
0.09171199798584
0.091671943664551
0.090965032577515
0.091572046279907
0.099445104598999
0.094408988952637
0.099570989608765
0.088855981826782
0.100172996521
0.092907905578613
0.089889049530029
0.088665962219238
0.092126131057739
0.096287965774536
0.097520112991333
0.10687518119812
0.10389399528503
0.10723519325256
0.091324090957642
0.098913192749023
0.093452930450439
0.10257697105408
0.090436935424805
0.095936059951782
0.095553159713745
0.095775842666626
0.09023904800415
0.098437070846558
0.10115194320679
0.099404096603394
0.099020957946777
0.10081696510315
0.097665071487427
0.091976881027222
0.095732927322388
0.10089087486267
0.099102020263672
0.095362186431885
0.091675043106079
0.10281014442444
0.094111919403076
0.099224805831909
0.10824394226074
0.098437786102295
0.086935043334961
0.097449064254761
0.092789888381958
0.09520697593689
0.093250036239624
0.085376977920532
0.093008995056152
0.094629049301147
0.092235088348389
0.097887992858887
0.10287308692932
0.10120010375977
0.094444036483765
0.090175867080688
0.095732927322388
0.10290503501892
0.09471607208252
0.097409963607788
0.088731050491333
0.13997197151184
0.093962907791138
0.10069894790649
0.10606288909912
0.096613168716431
0.097393035888672
0.11018991470337
0.10169887542725
0.090203046798706
0.097142934799194
0.096529960632324
0.092222929000854
0.095906972885132
0.090317010879517
0.09991979598999
0.10121297836304
0.095832109451294
0.091485977172852
0.10325312614441
0.098321199417114
0.097059965133667
0.087629079818726
0.091711044311523
0.10347509384155
0.10156202316284
0.10104298591614
0.094018936157227
0.10200810432434
0.099102020263672
0.11460494995117
0.094650983810425
0.098788022994995
0.10659503936768
0.10215711593628
0.099838018417358
0.089731931686401
0.1150209903717
0.096021890640259
0.093962907791138
0.091620922088623
0.10260081291199
0.10672998428345
0.10385704040527
0.09394907951355
0.10927700996399
0.096320152282715
0.091969013214111
0.098536014556885
0.094271183013916
0.10090613365173
0.11260318756104
0.10183501243591
0.094721078872681
0.094167947769165
0.094430923461914
0.1220440864563
0.10102391242981
0.097475051879883
0.097877025604248
0.094547986984253
0.098437070846558
0.094436883926392
0.090105056762695
0.093838930130005
0.095602989196777
0.094056129455566
0.099064111709595
0.094398975372314
0.097347021102905
0.098062038421631
0.092031002044678
0.093484878540039
0.10704612731934
0.091366052627563
0.095122098922729
0.099751949310303
0.096392154693604
0.093858003616333
0.10022497177124
0.096902132034302
0.091900825500488
0.094706058502197
0.090986013412476
0.095815896987915
0.091137886047363
0.092239141464233
0.093805074691772
0.089034080505371
0.095180988311768
0.099994897842407
0.098243951797485
0.09992504119873
0.10059309005737
0.093076944351196
0.088788032531738
0.094896078109741
0.097082138061523
0.090459108352661
0.10032892227173
0.094918966293335
0.095965147018433
0.099546909332275
0.094631195068359
0.091269016265869
0.10802602767944
0.088928937911987
0.095192909240723
0.10266900062561
0.09446907043457
0.09057879447937
0.10140800476074
0.099523067474365
0.095264911651611
0.094735145568848
0.11315584182739
0.093683004379272
0.091316938400269
0.098943948745728
0.094835996627808
0.088047027587891
0.098801851272583
0.096014022827148
0.105220079422
0.10271596908569
0.09431791305542
0.10036206245422
0.097312927246094
0.11478185653687
0.098442077636719
0.10132384300232
0.095301151275635
0.094481945037842
0.096121788024902
0.094154119491577
0.092334032058716
0.10039210319519
0.1012921333313
0.095257997512817
0.0955810546875
0.09748101234436
0.094757080078125
0.1012921333313
0.097617149353027
0.10341215133667
0.091926097869873
0.098376035690308
0.10202503204346
0.098802804946899
0.092907905578613
0.099345922470093
0.090748071670532
0.094070911407471
0.09493613243103
0.10129904747009
0.09372091293335
0.10943198204041
0.10125517845154
0.095344066619873
0.10263991355896
0.087882041931152
0.10028600692749
0.093730926513672
0.093339920043945
0.094465970993042
0.10110998153687
0.10083484649658
0.095252990722656
0.094120025634766
0.089810132980347
0.090334892272949
0.095324993133545
0.10206007957458
0.094937801361084
0.09827709197998
0.091888904571533
0.095657110214233
0.10000896453857
0.094608068466187
0.097671985626221
0.092282056808472
0.091881990432739
0.093733072280884
0.09446382522583
0.090434074401855
0.10410594940186
0.089958906173706
0.096179008483887
0.10535907745361
0.10708999633789
0.094728946685791
0.10033583641052
0.10219407081604
0.098411083221436
0.10550785064697
0.09278416633606
0.099204063415527
0.097438097000122
0.10201787948608
0.096383094787598
0.087865114212036
0.10070896148682
0.091389894485474
0.098013877868652
0.097775936126709
0.094670057296753
0.097977876663208
0.092734813690186
0.096333980560303
0.093441009521484
0.098874807357788
0.095317125320435
0.090632915496826
0.095134019851685
0.09955906867981
0.09959888458252
0.093871116638184
0.092509984970093
0.10115599632263
0.090021848678589
0.10928082466125
0.09644889831543
0.091166019439697
0.10334777832031
0.10058403015137
0.095683097839355
0.096664905548096
0.10286688804626
0.094354152679443
0.096100091934204
0.095322132110596
0.090059041976929
0.091691970825195
0.090533018112183
0.1103081703186
0.090309143066406
0.097745895385742
0.08987283706665
0.099095106124878
0.10157990455627
0.30368399620056
0.10088491439819
0.10492086410522
0.093048810958862
0.096487998962402
0.10310697555542
0.099794149398804
0.10753607749939
0.10333395004272
0.090858936309814
0.10634779930115
0.098387002944946
0.095975875854492
0.098315000534058
0.096095085144043
0.089107036590576
0.098140001296997
0.1008780002594
0.1421229839325
0.094969987869263
0.10221886634827
0.094835996627808
0.098347902297974
0.098248958587646
0.089614152908325
0.091447114944458
0.1018009185791
0.096956968307495
0.093851089477539
0.090333938598633
0.09227991104126
0.098035097122192
0.093489170074463
0.09662389755249
0.094443798065186
0.098848819732666
0.098771810531616
0.099623918533325
0.091422080993652
0.10749793052673
0.10441398620605
0.097078084945679
0.10579490661621
0.09552788734436
0.10022306442261
0.093000173568726
0.10554504394531
0.08976411819458
0.094035148620605
0.12274694442749
0.10055208206177
0.09645414352417
0.10109686851501
0.091304063796997
0.098079919815063
0.092553853988647
0.099097013473511
0.10218691825867
0.10099506378174
0.095528125762939
0.097258806228638
0.0923171043396
0.096051931381226
0.10482096672058
0.09612512588501
0.09980297088623
0.10881400108337
0.094648122787476
0.092074871063232
0.09375
0.090386152267456
0.1029200553894
0.10087490081787
0.095024108886719
0.107577085495
0.096266984939575
0.094967126846313
0.093410015106201
0.1000189781189
0.089349031448364
0.091912031173706
0.10074400901794
0.10148191452026
0.095795869827271
0.10699796676636
0.10529589653015
0.12042999267578
0.090952157974243
0.093535900115967
0.10339879989624
0.089228868484497
0.088840007781982
0.11169791221619
0.092150926589966
0.08769702911377
0.10199785232544
0.10167098045349
0.089286088943481
0.095952987670898
0.10142397880554
0.10888719558716
0.095538139343262
0.096410989761353
0.087846040725708
0.09504508972168
0.095078945159912
0.096143960952759
0.1055018901825
0.10370516777039
0.090880870819092
0.0989089012146
0.10202407836914
0.096902132034302
0.10107278823853
0.10046100616455
0.089935779571533
0.099155902862549
0.10798692703247
0.094663858413696
0.10122513771057
0.092182159423828
0.10294198989868
0.092952013015747
0.10179996490479
0.095254898071289
0.094759941101074
0.093786001205444
0.098721981048584
0.10987305641174
0.094417810440063
0.099555969238281
0.10456109046936
0.098915100097656
0.090863943099976
0.09676194190979
0.10026907920837
0.097159862518311
0.10000896453857
0.11066699028015
0.097368955612183
0.10015916824341
0.1015989780426
0.097396850585938
0.10211300849915
0.09455418586731
0.092046022415161
0.092607975006104
0.090540885925293
0.094396829605103
0.10193610191345
0.10386800765991
0.091478109359741
0.10305309295654
0.10084295272827
0.093183994293213
0.094003915786743
0.096302032470703
0.10939598083496
0.10491394996643
0.10277795791626
0.091562986373901
0.098645210266113
0.096056222915649
0.096508026123047
0.096596002578735
0.09299898147583
0.098574161529541
0.097436904907227
0.098530054092407
0.095536947250366
0.10062003135681
0.10821008682251
0.094710111618042
0.097610950469971
0.098695993423462
0.094345092773438
0.10213685035706
0.09987211227417
0.088634967803955
0.092947006225586
0.097069978713989
0.10216617584229
0.091316938400269
0.098049879074097
0.10628700256348
0.094918012619019
0.10450601577759
0.097393989562988
0.11932802200317
0.092982053756714
0.10051894187927
0.098067998886108
0.1030068397522
0.089764833450317
0.1010730266571
0.092242002487183
0.091766119003296
0.10221982002258
0.094560861587524
0.090478897094727
0.099749088287354
0.095968961715698
0.098249912261963
0.10316801071167
0.098571062088013
0.099867820739746
0.090100049972534
0.10176110267639
0.094511985778809
0.097938060760498
0.091901063919067
0.091405153274536
0.095343112945557
0.098922967910767
0.1040780544281
0.08893895149231
0.10322499275208
0.092598915100098
0.095761060714722
0.099792957305908
0.10330986976624
0.097361087799072
0.10692000389099
0.088793039321899
0.097710132598877
0.10373902320862
0.10553097724915
0.10331988334656
0.091787815093994
0.091939926147461
0.10339784622192
0.092097043991089
0.092635869979858
0.097989082336426
0.089478969573975
0.090357065200806
0.10101580619812
0.091403961181641
0.095876932144165
0.094055891036987
0.088925123214722
0.09517502784729
0.10021996498108
0.098186016082764
0.091588973999023
0.093080997467041
0.092833042144775
0.094879150390625
0.10225701332092
0.10161399841309
0.097918033599854
0.091772079467773
0.10288882255554
0.10025095939636
0.090360879898071
0.099457025527954
0.094964981079102
0.092237949371338
0.11929702758789
0.10118699073792
0.10000109672546
0.091665029525757
0.094534873962402
0.096689939498901
0.096209049224854
0.12147283554077
0.10128784179688
0.10577702522278
0.091971874237061
0.099175930023193
0.094105005264282
0.10259103775024
0.095062017440796
0.102618932724
0.094177961349487
0.10538411140442
0.096261978149414
0.097563028335571
0.10286593437195
0.097757816314697
0.10348796844482
0.10085701942444
0.09197211265564
0.091451168060303
0.091216802597046
0.094805002212524
0.098681211471558
0.091746091842651
0.097346067428589
0.090110063552856
0.094234943389893
0.097220182418823
0.10153198242188
0.090975999832153
0.097565889358521
0.099102973937988
0.093393087387085
0.097919940948486
0.094362020492554
0.089171886444092
0.097943782806396
0.09155011177063
0.1053740978241
0.096374988555908
0.10833191871643
0.094938993453979
0.09803581237793
0.092151880264282
0.09517502784729
0.09174108505249
0.10266399383545
0.093616008758545
0.10032510757446
0.090184211730957
0.10507583618164
0.10764122009277
0.10527801513672
0.10115504264832
0.096431016921997
0.092637777328491
0.089477777481079
0.094171047210693
0.096385955810547
0.094374895095825
0.091500043869019
0.099395990371704
0.10063195228577
0.094424962997437
0.093275785446167
0.1013400554657
0.10568690299988
0.087490081787109
0.102952003479
0.09450101852417
0.094626903533936
0.10832500457764
0.10422706604004
0.093364953994751
0.091771125793457
0.095771074295044
0.091325998306274
0.10617899894714
0.094223976135254
0.09932804107666
0.094932079315186
0.092586040496826
0.11640286445618
0.09442400932312
0.095736026763916
0.10240602493286
0.089952945709229
0.10167384147644
0.097300052642822
0.096342086791992
0.093200206756592
0.096511840820312
0.094943046569824
0.096661806106567
0.096627950668335
0.098657846450806
0.094707012176514
0.089947938919067
0.099591970443726
0.098210096359253
0.092675924301147
0.093362808227539
0.095149993896484
0.10353589057922
0.091150999069214
0.09470009803772
0.094428777694702
0.08988094329834
0.092772006988525
0.10428309440613
0.097455024719238
0.097156047821045
0.098307132720947
0.10769104957581
0.10667490959167
0.094339847564697
0.094480991363525
0.09525990486145
0.11959791183472
0.10329794883728
0.10813188552856
0.089555978775024
0.099055051803589
0.099139928817749
0.10155701637268
0.095412969589233
0.097177028656006
0.095466136932373
0.090854167938232
0.10422801971436
0.099992036819458
0.098812103271484
0.093855857849121
0.099841833114624
0.095357179641724
0.096040010452271
0.086987972259521
0.08740496635437
0.094305038452148
0.09583592414856
0.093112945556641
0.093462944030762
0.093904972076416
0.094593048095703
0.092191934585571
0.10141086578369
0.095139026641846
0.098212003707886
0.092312097549438
0.093398094177246
0.09064507484436
0.10419702529907
0.10650992393494
0.093580007553101
0.091490983963013
0.10467410087585
0.092269897460938
0.1037449836731
0.10723495483398
0.095792055130005
0.095839977264404
0.099155902862549
0.10346794128418
0.092623949050903
0.093048095703125
0.11644697189331
0.09464693069458
0.10196685791016
0.10727119445801
0.095340013504028
0.096303939819336
0.11390089988708
0.095654010772705
0.090502977371216
0.094893932342529
0.092931032180786
0.096229076385498
0.1100161075592
0.099935054779053
0.11370897293091
0.091952085494995
0.10194802284241
0.095963954925537
0.096273899078369
0.096620082855225
0.096802949905396
0.11670398712158
0.094795942306519
0.096161127090454
0.097779989242554
0.09470009803772
0.092877864837646
0.097123146057129
0.11215019226074
0.10819911956787
0.098861932754517
0.098200082778931
0.096736192703247
0.093649864196777
0.095636129379272
0.092906951904297
0.095395088195801
0.099036931991577
0.10085296630859
0.10031700134277
0.10324192047119
0.098875999450684
0.10701894760132
0.098290920257568
0.096307992935181
0.093807935714722
0.09301495552063
0.10005402565002
0.095292091369629
0.099593162536621
0.091981887817383
0.098683834075928
0.092281103134155
0.09977388381958
0.095755100250244
0.088307857513428
0.10661101341248
0.094640016555786
0.10181593894958
0.10058212280273
0.097108125686646
0.097640991210938
0.099517822265625
0.10553979873657
0.097625970840454
0.096158981323242
0.10336494445801
0.096165895462036
0.098662853240967
0.09490704536438
0.10452699661255
0.10207509994507
0.10119295120239
0.091259002685547
0.092248201370239
0.096254110336304
0.090004920959473
0.10601902008057
0.093765020370483
0.096283912658691
0.14506602287292
0.089677810668945
0.09049391746521
0.089328050613403
0.097873210906982
0.098324060440063
0.093013048171997
0.094081878662109
0.10332918167114
0.10398817062378
0.10826802253723
0.097522020339966
0.10017013549805
0.087507963180542
0.12953495979309
0.094283103942871
0.098475933074951
0.093966007232666
0.098500967025757
0.096131086349487
0.10225296020508
0.092343091964722
0.09760308265686
0.095669984817505
0.096524953842163
0.095343828201294
0.10601401329041
0.10676002502441
0.091048955917358
0.096926927566528
0.094402074813843
0.097623825073242
0.10018706321716
0.10418891906738
0.095077037811279
0.098830938339233
0.095499038696289
0.099856853485107
0.09266185760498
0.093044996261597
0.094460010528564
0.092394113540649
0.097676038742065
0.10021305084229
0.092758893966675
0.090519905090332
0.097103118896484
0.093516826629639
0.099995136260986
0.097584962844849
0.09405517578125
0.095592975616455
0.10870695114136
0.09040904045105
0.10150098800659
0.1001501083374
0.10302901268005
0.094212055206299
0.091242074966431
0.095206022262573
0.097162961959839
0.097470998764038
0.094084978103638
0.089352130889893
0.10028004646301
0.095877170562744
0.093230009078979
0.11827898025513
0.092002153396606
0.10755300521851
0.096394062042236
0.097851037979126
0.093826055526733
0.10359907150269
0.10636901855469
0.098289966583252
0.090906143188477
0.090576171875
0.095227956771851
0.096714019775391
0.094079971313477
0.09545111656189
0.10108399391174
0.093657970428467
0.094304800033569
0.093510866165161
0.09579610824585
0.10144686698914
0.10544800758362
0.094534873962402
0.10161995887756
0.10150599479675
0.10268378257751
0.09434700012207
0.095018863677979
0.10090804100037
0.11160278320312
0.11009979248047
0.10184121131897
0.089339017868042
0.10087609291077
0.093807220458984
0.089772939682007
0.094448089599609
0.088986158370972
0.097021102905273
0.099320888519287
0.096792936325073
0.09867787361145
0.089930057525635
0.094178915023804
0.09156608581543
0.094924926757812
0.10380411148071
0.097615957260132
0.094099998474121
0.098150968551636
0.097974061965942
0.092152833938599
0.098592042922974
0.1103241443634
0.092767000198364
0.097620964050293
0.089354991912842
0.10097789764404
0.10054707527161
0.099573850631714
0.10380697250366
0.15034699440002
0.093837022781372
0.094267845153809
0.099081993103027
0.10629391670227
0.093816041946411
0.094317197799683
0.099438190460205
0.098244905471802
0.097738981246948
0.096285104751587
0.09686803817749
0.099892854690552
0.098912000656128
0.091613054275513
0.10555100440979
0.098819971084595
0.097683906555176
0.11938285827637
0.095337867736816
0.10322594642639
0.094735145568848
0.092618942260742
0.097404956817627
0.097819089889526
0.10255599021912
0.097504854202271
0.095081090927124
0.096693992614746
0.10075306892395
0.091611862182617
0.091738939285278
0.10146808624268
0.093539953231812
0.089683055877686
0.09669017791748
0.10869193077087
0.10194492340088
0.092790126800537
0.10506677627563
0.10495615005493
0.10378193855286
0.088556051254272
0.094261169433594
0.099956035614014
0.09227991104126
0.098136901855469
0.095366954803467
0.098480939865112
0.09693717956543
0.10019516944885
0.095715045928955
0.092698812484741
0.098824977874756
0.092430114746094
0.087288856506348
0.094105958938599
0.093309879302979
0.10838317871094
0.092765092849731
0.097678899765015
0.10003018379211
0.096436977386475
0.095232963562012
0.10105800628662
0.092523097991943
0.10426211357117
0.09517502784729
0.09069299697876
0.090984106063843
0.10033798217773
0.098727941513062
0.091778993606567
0.09650182723999
0.095860958099365
0.08844780921936
0.1047248840332
0.089506149291992
0.091163873672485
0.099040985107422
0.089854001998901
0.097648143768311
0.088752031326294
0.10388493537903
0.09985613822937
0.10339689254761
0.093066930770874
0.098717927932739
0.098278999328613
0.10249400138855
0.096307992935181
0.092116832733154
0.091622829437256
0.09986686706543
0.092689990997314
0.097894906997681
0.11465311050415
0.091065168380737
0.089217901229858
0.097398996353149
0.094466924667358
0.099455118179321
0.10417890548706
0.098777055740356
0.094275951385498
0.10299110412598
0.10236811637878
0.098087787628174
0.093348979949951
0.09542989730835
0.089307069778442
0.10289096832275
0.099678039550781
0.094763040542603
0.094491004943848
0.1042160987854
0.10068702697754
0.094436883926392
0.10008597373962
0.094135046005249
0.095205068588257
0.098644018173218
0.40485286712646
0.092685222625732
0.10883021354675
0.096544027328491
0.094481945037842
0.10154795646667
0.094143152236938
0.10091495513916
0.097837924957275
0.10127806663513
0.096316814422607
0.095634937286377
0.10282492637634
0.096749067306519
0.091639041900635
0.096441984176636
0.096720933914185
0.093477964401245
0.099008083343506
0.098143100738525
0.090987920761108
0.095685958862305
0.098371982574463
0.10022807121277
0.093713045120239
0.097876071929932
0.10004186630249
0.10398888587952
0.098130941390991
0.091988086700439
0.096879005432129
0.095641136169434
0.09565281867981
0.097418069839478
0.090918779373169
0.08991003036499
0.1349151134491
0.096712827682495
0.092787981033325
0.095492124557495
0.088741064071655
0.093513011932373
0.10537314414978
0.10383605957031
0.088279962539673
0.10185599327087
0.10571503639221
0.091039896011353
0.092637777328491
0.095134019851685
0.096518993377686
0.1021420955658
0.093353986740112
0.1025869846344
0.091729164123535
0.099020957946777
0.09655499458313
0.098050832748413
0.09023904800415
0.10908913612366
0.096358060836792
0.098955869674683
0.09760308265686
0.09806489944458
0.093157052993774
0.09959602355957
0.096086978912354
0.090626001358032
0.091756105422974
0.093596935272217
0.10006904602051
0.093122005462646
0.10109615325928
0.10309791564941
0.10130596160889
0.096809148788452
0.10293197631836
0.08894681930542
0.09454607963562
0.093597888946533
0.09115195274353
0.092130184173584
0.094844818115234
0.097521781921387
0.10125494003296
0.098139047622681
0.09840202331543
0.1033148765564
0.095823049545288
0.10551309585571
0.10167908668518
0.09711217880249
0.1036319732666
0.094047069549561
0.094916105270386
0.098467826843262
0.091877937316895
0.098387956619263
0.093317031860352
0.10106801986694
0.11187291145325
0.096596002578735
0.10328102111816
0.09736704826355
0.091361999511719
0.094442844390869
0.10981512069702
0.09409499168396
0.10162615776062
0.09261679649353
0.089282989501953
0.092864990234375
0.095985889434814
0.096864938735962
0.093856811523438
0.095683097839355
0.096061944961548
0.099078893661499
0.096765041351318
0.095592975616455
0.093914985656738
0.092872858047485
0.096275091171265
0.090756893157959
0.1002471446991
0.092238903045654
0.097046136856079
0.098738193511963
0.096461057662964
0.092643976211548
0.096609115600586
0.098387956619263
0.093934059143066
0.093109130859375
0.10062885284424
0.10088396072388
0.095634937286377
0.099532127380371
0.090040922164917
0.094257831573486
0.10161590576172
0.10022306442261
0.099226951599121
0.10422706604004
0.09814977645874
0.094763994216919
0.09483003616333
0.089873790740967
0.093442916870117
0.099313974380493
0.095757007598877
0.093338012695312
0.094643115997314
0.10976505279541
0.10153007507324
0.096060991287231
0.10416007041931
0.094141960144043
0.091969966888428
0.093003988265991
0.089035034179688
0.094314098358154
0.097836971282959
0.091875791549683
0.091650009155273
0.10021305084229
0.092461109161377
0.090624094009399
0.096234798431396
0.098222017288208
0.099263191223145
0.090998888015747
0.091732978820801
0.11310601234436
0.093565940856934
0.097999811172485
0.096244096755981
0.092469930648804
0.098838806152344
0.088831901550293
0.090121030807495
0.10093593597412
0.09943699836731
0.099729061126709
0.10702395439148
0.096850872039795
0.09752893447876
0.099384069442749
0.092010974884033
0.099400043487549
0.09083104133606
0.1300790309906
0.093102931976318
0.098254203796387
0.090157985687256
0.10080409049988
0.10008502006531
0.10252594947815
0.097312927246094
0.092459917068481
0.095042943954468
0.092140197753906
0.094563961029053
0.097470998764038
0.097085952758789
0.099206924438477
0.10770511627197
0.09453296661377
0.093613147735596
0.094214916229248
0.098862886428833
0.094472885131836
0.10390996932983
0.091120958328247
0.10114002227783
0.10842299461365
0.095524072647095
0.096173048019409
0.099759817123413
0.091768980026245
0.092772006988525
0.094147920608521
0.096776962280273
0.097996950149536
0.096199989318848
0.090270042419434
0.10529208183289
0.10659909248352
0.093875169754028
0.098448038101196
0.094882011413574
0.10373401641846
0.092561006546021
0.096027851104736
0.097979068756104
0.096237897872925
0.095485925674438
0.094060182571411
0.10192489624023
0.092039108276367
0.095057010650635
0.10529804229736
0.098628044128418
0.094573020935059
0.091490030288696
0.094143152236938
0.090290069580078
0.095901966094971
0.093966007232666
0.09896993637085
0.094955205917358
0.093178987503052
0.096301078796387
0.091607093811035
0.094243049621582
0.10022401809692
0.11118984222412
0.095571994781494
0.09809422492981
0.088576078414917
0.09083080291748
0.10393691062927
0.093896150588989
0.095028877258301
0.09551215171814
0.10427689552307
0.10615086555481
0.10163998603821
0.10396003723145
0.09224796295166
0.21949815750122
0.11221790313721
0.098714828491211
0.095937967300415
0.093315124511719
0.088191986083984
0.092692852020264
0.10968112945557
0.089289903640747
0.089643955230713
0.10041093826294
0.094347953796387
0.090807914733887
0.097963094711304
0.089685916900635
0.089733123779297
0.10238599777222
0.092200040817261
0.094597101211548
0.092278957366943
0.092794179916382
0.10634899139404
0.10045790672302
0.10151886940002
0.10410118103027
0.08961009979248
0.10633897781372
0.10035109519958
0.098321914672852
0.09443211555481
0.10288906097412
0.096524000167847
0.096305847167969
0.09769082069397
0.093871831893921
0.093873023986816
0.090489149093628
0.10078001022339
0.094686031341553
0.10593914985657
0.092078924179077
0.094193935394287
0.10143995285034
0.098484039306641
0.094559907913208
0.10514307022095
0.099080085754395
0.092630863189697
0.094381093978882
0.091490983963013
0.097423076629639
0.093330860137939
0.094599008560181
0.095227956771851
0.12077212333679
0.10057306289673
0.095066070556641
0.10455298423767
0.10285115242004
0.094489812850952
0.092505216598511
0.094134092330933
0.09580397605896
0.094236135482788
0.10811281204224
0.092494010925293
0.093516111373901
0.090255975723267
0.092664957046509
0.10353684425354
0.12112998962402
0.10292410850525
0.091950178146362
0.09740686416626
0.091318130493164
0.094115018844604
0.10028600692749
0.089294910430908
0.092636108398438
0.10192704200745
0.092150926589966
0.10270595550537
0.091464042663574
0.098953008651733
0.096766948699951
0.096842050552368
0.088282108306885
0.091207981109619
0.0990309715271
0.10437798500061
0.099555969238281
0.091431856155396
0.10783696174622
0.094627141952515
0.092620134353638
0.10088300704956
0.1056821346283
0.098748922348022
0.10502600669861
0.098220109939575
0.098900079727173
0.087908029556274
0.095607995986938
0.10086894035339
0.092494964599609
0.095257043838501
0.090524911880493
0.088629007339478
0.090840101242065
0.10244512557983
0.09858512878418
0.097913980484009
0.089998960494995
0.11088800430298
0.093053817749023
0.092181921005249
0.11814284324646
0.0936119556427
0.092303991317749
0.10299277305603
0.10061597824097
0.094558954238892
0.10125398635864
0.089682102203369
0.088819980621338
0.091168165206909
0.097092866897583
0.090147018432617
0.10175704956055
0.092643022537231
0.094377040863037
0.097779989242554
0.10052490234375
0.099637031555176
0.092844009399414
0.092440128326416
0.095417022705078
0.091216087341309
0.092411041259766
0.10000014305115
0.091537952423096
0.098551988601685
0.099961996078491
0.091023921966553
0.098351955413818
0.096558809280396
0.09279990196228
0.10160613059998
0.11124086380005
0.099941968917847
0.093513011932373
0.10342907905579
0.090260028839111
0.095102787017822
0.091009855270386
0.094032049179077
0.098690986633301
0.096832990646362
0.096072912216187
0.095946073532104
0.10648202896118
0.10200500488281
0.092910051345825
0.097217082977295
0.10294699668884
0.095703840255737
0.096590042114258
0.094640016555786
0.096054077148438
0.090383052825928
0.092533111572266
0.088770151138306
0.088949203491211
0.10114192962646
0.09617805480957
0.093136072158813
0.09788703918457
0.092698097229004
0.099942922592163
0.09079384803772
0.091984033584595
0.099129199981689
0.095963001251221
0.089668989181519
0.10473489761353
0.093237161636353
0.1269371509552
0.094821929931641
0.10266995429993
0.094969987869263
0.088923931121826
0.10270190238953
0.1061589717865
0.097388029098511
0.095778942108154
0.091361045837402
0.10059809684753
0.095283985137939
0.093158006668091
0.093600988388062
0.09463906288147
0.093852996826172
0.10073900222778
0.090380907058716
0.10547804832458
0.10486507415771
0.10607004165649
0.09666109085083
0.098995923995972
0.097588062286377
0.099088907241821
0.099683046340942
0.10376191139221
0.094123840332031
0.096785068511963
0.095853090286255
0.091521978378296
0.094749927520752
0.097245931625366
0.10072803497314
0.094229936599731
0.095202922821045
0.092788934707642
0.10788512229919
0.097342014312744
0.1069540977478
0.09577488899231
0.094264030456543
0.098819971084595
0.091850996017456
0.093137979507446
0.092101097106934
0.09185791015625
0.096344947814941
0.10034489631653
0.1007878780365
0.091712951660156
0.10569000244141
0.11439490318298
0.099351167678833
0.090000867843628
0.093546867370605
0.091967105865479
0.08886981010437
0.090205907821655
0.087048053741455
0.096747159957886
0.088721990585327
0.095040082931519
0.092052936553955
0.20737290382385
0.20285606384277
0.098394155502319
0.10042119026184
0.096285104751587
0.11529517173767
0.095856904983521
0.096122980117798
0.093801975250244
0.094461917877197
0.091241121292114
0.099661111831665
0.10034680366516
0.095066070556641
0.096714973449707
0.099496126174927
0.097639083862305
0.089483976364136
0.10266995429993
0.100506067276
0.094151973724365
0.21397304534912
0.094525098800659
0.090753078460693
0.092442989349365
0.099936008453369
0.098880052566528
0.099244832992554
0.095028877258301
0.089502096176147
0.090246915817261
0.10070109367371
0.10308384895325
0.095063924789429
0.11250901222229
0.094588994979858
0.09300684928894
0.092164993286133
0.091532945632935
0.10047912597656
0.10020804405212
0.095537900924683
0.089875936508179
0.092052936553955
0.094377040863037
0.093010902404785
0.098588943481445
0.097819089889526
0.1035840511322
0.094934940338135
0.095558881759644
0.098119974136353
0.11427092552185
0.090404987335205
0.09229302406311
0.096362829208374
0.10016107559204
0.096647024154663
0.097993850708008
0.096114873886108
0.10544300079346
0.098767995834351
0.09418797492981
0.098533868789673
0.097189903259277
0.11007595062256
0.095712900161743
0.10125398635864
0.098828077316284
0.092526197433472
0.099661827087402
0.094576120376587
0.099868059158325
0.097884178161621
0.094733953475952
0.39153718948364
0.097136974334717
0.096487998962402
0.094796895980835
0.1396369934082
0.10863995552063
0.092319965362549
0.097996950149536
0.10206294059753
0.099467039108276
0.094958066940308
0.10028195381165
0.097127914428711
0.090769052505493
0.095402002334595
0.092935085296631
0.096340894699097
0.094878911972046
0.093149185180664
0.10104203224182
0.09762716293335
0.090853929519653
0.10643696784973
0.10333919525146
0.088908910751343
0.094393968582153
0.094290971755981
0.096468925476074
0.101478099823
0.091299057006836
0.092141151428223
0.10050487518311
0.094990015029907
0.096323013305664
0.092827081680298
0.10388398170471
0.096127986907959
0.095531940460205
0.099654197692871
0.097702980041504
0.10087180137634
0.088023900985718
0.098222970962524
0.090968132019043
0.097705125808716
0.095848083496094
0.093822956085205
0.092421054840088
0.099958896636963
0.096776962280273
0.096399068832397
0.10047698020935
0.098116874694824
0.091739892959595
0.093530178070068
0.096370935440063
0.096620082855225
0.10432600975037
0.098176956176758
0.1056010723114
0.097325086593628
0.088671922683716
0.09232497215271
0.09949517250061
0.095715999603271
0.099710941314697
0.090471029281616
0.089723825454712
0.097584009170532
0.095889091491699
0.097267150878906
0.10045480728149
0.092391014099121
0.097750186920166
0.10173106193542
1.0936579704285
0.092957019805908
0.10364007949829
0.088920116424561
0.09279203414917
0.091055154800415
0.092973947525024
0.097264051437378
0.096451997756958
0.094545125961304
0.099008798599243
0.090847969055176
0.1019389629364
0.10088014602661
0.091085910797119
0.090640068054199
0.098021984100342
0.096321105957031
0.10776400566101
0.10413789749146
0.097300052642822
0.092926979064941
0.097904205322266
0.094949960708618
0.096316814422607
0.095792055130005
0.097385168075562
0.11417412757874
0.093713045120239
0.12315011024475
0.10225892066956
0.093232154846191
0.1054220199585
0.1220600605011
0.092280149459839
0.10149598121643
0.096266031265259
0.094893932342529
0.094545125961304
0.088633060455322
0.10925817489624
0.094786882400513
0.12521481513977
0.12711501121521
0.09994101524353
0.092629909515381
0.097908020019531
0.097842931747437
0.10476994514465
0.10039877891541
0.10701394081116
0.09965705871582
0.10025787353516
0.090933084487915
0.09668493270874
0.092123985290527
0.10004210472107
0.095467090606689
0.10245895385742
0.090845108032227
0.094649076461792
0.094810009002686
0.090852975845337
0.092794895172119
0.10166692733765
0.090279102325439
0.095238924026489
0.096829175949097
0.096052169799805
0.094877004623413
0.091291904449463
0.09890604019165
0.10161089897156
0.10762786865234
0.091161012649536
0.099549055099487
0.097167015075684
0.10319995880127
0.10128402709961
0.096563100814819
0.1010160446167
0.095770835876465
0.094727039337158
0.09642219543457
0.10046601295471
0.092164993286133
0.091295957565308
0.093882083892822
0.096930980682373
0.087969779968262
0.097748041152954
0.12550497055054
0.10546803474426
0.090143918991089
0.10535883903503
0.099149942398071
0.091834783554077
0.090917825698853
0.092416048049927
0.095633983612061
0.098598003387451
0.10611486434937
0.094237089157104
0.095333099365234
0.097594022750854
0.098026990890503
0.09830904006958
0.093950033187866
0.096750020980835
0.091915130615234
0.10239911079407
0.10163807868958
0.10359501838684
0.091794967651367
0.095628023147583
0.092680931091309
0.10190391540527
0.097904205322266
0.094115972518921
0.098392009735107
0.090898036956787
0.09382700920105
0.10198402404785
0.094856023788452
0.093997001647949
0.093011856079102
0.091871023178101
0.092304944992065
0.10375595092773
0.10048389434814
0.096526861190796
0.095649003982544
0.093998193740845
0.098875999450684
0.099119901657104
0.093224048614502
0.095453977584839
0.099914073944092
0.092526197433472
0.098209857940674
0.10583686828613
0.095230102539062
0.10244703292847
0.10639309883118
0.1018807888031
0.10335278511047
0.11479902267456
0.10102605819702
0.092298984527588
0.091373920440674
0.094732046127319
0.094940900802612
0.10617017745972
0.091055870056152
0.1048538684845
0.120285987854
0.091912031173706
0.1108980178833
0.11989092826843
0.11067008972168
0.097510814666748
0.099997043609619
0.099776983261108
0.093461990356445
0.094824075698853
0.10384702682495
0.10708999633789
0.094567060470581
0.089393138885498
0.098845958709717
0.091227054595947
0.10020804405212
0.12047386169434
0.088587045669556
0.097968101501465
0.092007875442505
0.10104990005493
0.090595006942749
0.095958948135376
0.091885089874268
0.096104145050049
0.093580961227417
0.10090208053589
0.15985989570618
0.10687899589539
0.08823299407959
0.093751907348633
0.094407081604004
0.090226888656616
0.098587989807129
0.10097098350525
0.10297179222107
0.099694013595581
0.091050148010254
0.097762107849121
0.10375905036926
0.10143113136292
0.097622871398926
0.093857049942017
0.09575891494751
0.097208976745605
0.092106103897095
0.089556932449341
0.090008020401001
0.10364484786987
0.098222017288208
0.09869909286499
0.11802005767822
0.092052936553955
0.097691059112549
0.09467601776123
0.10636591911316
0.097292900085449
0.093671083450317
0.099370002746582
0.095146179199219
0.095634937286377
0.090657949447632
0.098448038101196
0.095785140991211
0.089189052581787
0.089448928833008
0.093189001083374
0.092496871948242
0.093177795410156
0.10428690910339
0.10002422332764
0.091398000717163
0.093300819396973
0.097688913345337
0.10709500312805
0.095428943634033
0.099878072738647
0.099317073822021
0.092649936676025
0.09353494644165
0.094154119491577
0.096063137054443
0.095345020294189
0.094175100326538
0.094539880752563
0.10303592681885
0.10417509078979
0.098607063293457
0.091295957565308
0.099769115447998
0.10023593902588
0.09365701675415
0.11015105247498
0.09492301940918
0.10476613044739
0.096714019775391
0.098810911178589
0.099579811096191
0.10154604911804
0.10685205459595
0.099792003631592
0.088644981384277
0.097956895828247
0.098126888275146
0.096669912338257
0.098994970321655
0.10029482841492
0.099472045898438
0.10227179527283
0.092282772064209
0.12256217002869
0.097265005111694
0.091127872467041
0.098500967025757
0.10152196884155
0.096052885055542
0.098082065582275
0.12084197998047
0.093983173370361
0.10091590881348
0.09389591217041
0.093863010406494
0.089622020721436
0.094808101654053
0.10458898544312
0.10109901428223
0.10296893119812
0.095996141433716
0.089838981628418
0.10096096992493
0.099807024002075
0.093372821807861
0.096297025680542
0.093209981918335
0.097543001174927
0.097296953201294
0.08895206451416
0.10784292221069
0.10521197319031
0.09375
0.093441963195801
0.10159587860107
0.10801720619202
0.094494819641113
0.094052076339722
0.088805913925171
0.10535287857056
0.095026969909668
0.091844081878662
0.10507011413574
0.094238042831421
0.095021963119507
0.098504066467285
0.091727018356323
0.10232090950012
0.089187145233154
0.093071937561035
0.089583873748779
0.0886070728302
0.094774961471558
0.091249942779541
0.10106110572815
0.10114192962646
0.087677955627441
0.10132384300232
0.096024990081787
0.093930959701538
0.092767000198364
0.096076965332031
0.112389087677
0.097349882125854
0.093384027481079
0.093544960021973
0.10008311271667
0.1002140045166
0.096863985061646
0.10787892341614
0.099571943283081
0.094233989715576
0.10544610023499
0.090435981750488
0.09387993812561
0.089096069335938
0.097187995910645
0.091439962387085
0.099062919616699
0.10028195381165
0.1079409122467
0.094427108764648
0.098314046859741
0.1036901473999
0.095221996307373
0.094063997268677
0.094007968902588
0.093342065811157
0.093856811523438
0.093466997146606
0.093188047409058
0.10205602645874
0.10162091255188
0.10322713851929
0.095473051071167
0.11433005332947
0.10616493225098
0.096096992492676
0.096531867980957
0.10202193260193
0.20717978477478
0.089793920516968
0.092154979705811
0.10392308235168
0.10236406326294
0.092856884002686
0.097182035446167
0.09670877456665
0.1048948764801
0.10800981521606
0.092370986938477
0.10150003433228
0.10472083091736
0.10519289970398
0.088973045349121
0.091913938522339
0.093271017074585
0.096771955490112
0.098639965057373
0.10356998443604
0.099774837493896
0.10250401496887
0.08891487121582
0.090906143188477
0.10675811767578
0.099503993988037
0.095180034637451
0.087314128875732
0.10192704200745
0.096904993057251
0.09850811958313
0.10132098197937
0.091340065002441
0.093923807144165
0.092139005661011
0.1008780002594
0.10152912139893
0.098185062408447
0.095623970031738
0.10035705566406
0.095450162887573
0.097007036209106
0.092321157455444
0.099388122558594
0.09194016456604
0.095344066619873
0.097275972366333
0.095633983612061
0.095408916473389
0.10147905349731
0.093636989593506
0.098476886749268
0.096637010574341
0.093831062316895
0.092154979705811
0.10116291046143
0.085736036300659
0.097872018814087
0.091452121734619
0.092103004455566
0.099534034729004
0.10092496871948
0.091444969177246
0.099675178527832
0.097373008728027
0.10263419151306
0.094427824020386
0.093148946762085
0.093611001968384
0.092781066894531
0.091071128845215
0.101970911026
0.095415115356445
0.087760925292969
0.10336017608643
0.091272115707397
0.10007500648499
0.10315299034119
0.093607187271118
0.090626955032349
0.099423885345459
0.091275215148926
0.086818933486938
0.092542171478271
0.11467599868774
0.092868804931641
0.091713905334473
0.090545892715454
0.099068880081177
0.09479808807373
0.10186791419983
0.091699123382568
0.09834098815918
0.092139959335327
0.09155797958374
0.10022807121277
0.09653115272522
0.09641695022583
0.10395503044128
0.1031539440155
0.092262029647827
0.095988988876343
0.106281042099
0.097639083862305
0.090878963470459
0.090744972229004
0.094078063964844
0.099217176437378
0.096908092498779
0.091460943222046
0.098660945892334
0.10651111602783
0.099798917770386
0.097941160202026
0.10024809837341
0.095890998840332
0.0936598777771
0.092434883117676
0.095015048980713
0.10306000709534
0.092596054077148
0.093578815460205
0.10450100898743
0.096565961837769
0.1041259765625
0.094058036804199
0.092303991317749
0.10629200935364
0.10552096366882
0.098641872406006
0.092849969863892
0.095116853713989
0.10189509391785
0.098824977874756
0.11221718788147
0.097219944000244
0.092631101608276
0.090029954910278
0.098255157470703
0.094009876251221
0.098743915557861
0.098948955535889
0.10176682472229
0.090349912643433
0.099472999572754
0.10086894035339
0.09345006942749
0.096719980239868
0.093126058578491
0.092741012573242
0.098541975021362
0.088066101074219
0.096758127212524
0.092195987701416
0.097059965133667
0.090160131454468
0.10053205490112
0.099586963653564
0.10269689559937
0.092072010040283
0.095040082931519
0.091474056243896
0.098742961883545
0.097139120101929
0.08870792388916
0.091857194900513
0.098604917526245
0.094828128814697
0.10288095474243
0.092505931854248
0.099045038223267
0.094418048858643
0.089461803436279
0.11152100563049
0.091972827911377
0.093826055526733
0.094436168670654
0.097723960876465
0.1021511554718
0.090878963470459
0.10062289237976
0.094136953353882
0.096128940582275
0.094658136367798
0.096986055374146
0.24100494384766
0.09580397605896
0.092093944549561
0.097270011901855
0.11949896812439
0.10246706008911
0.099447011947632
0.10321187973022
0.1068639755249
0.097529172897339
0.08941912651062
0.092470169067383
0.095293998718262
0.093538999557495
0.095755100250244
0.092279195785522
0.096112966537476
0.10506796836853
0.095308065414429
0.092749118804932
0.097079992294312
0.096575975418091
0.095499992370605
0.089303970336914
0.093262910842896
0.098785877227783
0.096485137939453
0.096832990646362
0.097698211669922
0.098275899887085
0.14084792137146
0.10162806510925
0.098453998565674
0.096455812454224
0.098016977310181
0.09700083732605
0.097633838653564
0.092019081115723
0.10607719421387
0.098488807678223
0.10032796859741
0.087409973144531
0.096576929092407
0.10048794746399
0.092161893844604
0.096724033355713
0.09621787071228
0.094593048095703
0.095402002334595
0.091737031936646
0.094060182571411
0.097930908203125
0.10389804840088
0.097676992416382
0.094722986221313
0.092249870300293
0.089482069015503
0.0918288230896
0.090151071548462
0.089704990386963
0.097010850906372
0.088634014129639
0.10280013084412
0.099671125411987
0.097101926803589
0.097683906555176
0.093501091003418
0.095952033996582
0.092355012893677
0.096189022064209
0.092036008834839
0.088979005813599
0.09621000289917
0.097826957702637
0.096292972564697
0.090949058532715
0.093130111694336
0.15347003936768
0.09584379196167
0.10629606246948
0.10035014152527
0.093348026275635
0.10115790367126
0.091454982757568
0.10244989395142
0.098381996154785
0.10366296768188
0.11039519309998
0.096880912780762
0.10524392127991
0.10320615768433
0.095864057540894
0.092000961303711
0.097942113876343
0.090272903442383
0.092221975326538
0.093545913696289
0.097286939620972
0.10084700584412
0.088022947311401
0.090830087661743
0.10132384300232
0.098958015441895
0.089110136032104
0.1010308265686
0.091955184936523
0.092377185821533
0.10596704483032
0.11102795600891
0.10315489768982
0.090270042419434
0.1015419960022
0.099826097488403
0.097353935241699
0.092199087142944
0.091330051422119
0.10237789154053
0.093400001525879
0.091282844543457
0.096385955810547
0.09423303604126
0.09236478805542
0.10087299346924
0.098965167999268
0.093569040298462
0.093151092529297
0.10440301895142
0.095062971115112
0.093263864517212
0.095417976379395
0.10635805130005
0.093913078308105
0.096297025680542
0.099788904190063
0.097545862197876
0.10963201522827
0.094406127929688
0.10164785385132
0.096346855163574
0.091488838195801
0.093906879425049
0.10279512405396
0.098276138305664
0.099320888519287
0.093334913253784
0.10261797904968
0.10543608665466
0.090428829193115
0.10182595252991
0.10047197341919
0.094507217407227
0.10550117492676
0.10126495361328
0.0937659740448
0.10630798339844
0.098059177398682
0.098205089569092
0.10083889961243
0.094428062438965
0.096116065979004
0.10260701179504
0.096674919128418
0.10226988792419
0.095308065414429
0.10115098953247
0.10336780548096
0.090591907501221
0.091450929641724
0.093666076660156
0.093996047973633
0.092490911483765
0.095125198364258
0.091750860214233
0.097906112670898
0.097811937332153
0.09735894203186
0.094602108001709
0.097414970397949
0.10251402854919
0.094357967376709
0.098664999008179
0.095927953720093
0.089096069335938
0.095402002334595
0.090075969696045
0.091654062271118
0.092380046844482
0.10015797615051
0.10328912734985
0.098673105239868
0.10027384757996
0.090656042098999
0.095783948898315
0.10166001319885
0.39615201950073
0.088160991668701
0.10888719558716
0.12670302391052
0.098083972930908
0.10213899612427
0.093995094299316
0.1062479019165
0.095240116119385
0.10195708274841
0.098035097122192
0.093924999237061
0.099111795425415
0.091721057891846
0.1037609577179
0.096992969512939
0.10471391677856
0.093419075012207
0.091675996780396
0.092458963394165
0.40488791465759
0.14143204689026
0.10459399223328
0.099776983261108
0.093032121658325
0.099729776382446
0.099339962005615
0.095506906509399
0.089402914047241
0.095174074172974
0.096360921859741
0.10213804244995
0.093696117401123
0.092452049255371
0.10172200202942
0.099388122558594
0.10411405563354
0.10152411460876
0.09871506690979
0.099431037902832
0.09699010848999
0.090954065322876
0.091213226318359
0.095829010009766
0.090723037719727
0.098145008087158
0.10497713088989
0.091134071350098
0.098006010055542
0.098979949951172
0.094404935836792
0.096375942230225
0.10375499725342
0.093222141265869
0.088449001312256
0.091058969497681
0.097131013870239
0.097514867782593
0.098839998245239
0.092355966567993
0.091218948364258
0.100261926651
0.11168599128723
0.09265398979187
0.092656850814819
0.10420799255371
0.093946933746338
0.095471143722534
0.099123954772949
0.091181993484497
0.098185062408447
0.098847150802612
0.093126058578491
0.093799829483032
0.094514846801758
0.10070204734802
0.10451698303223
0.095592975616455
0.096496820449829
0.089805126190186
0.093843936920166
0.10191798210144
0.098570108413696
0.098742008209229
0.10152697563171
0.10170006752014
0.10140991210938
0.091120958328247
0.099553823471069
0.091039896011353
0.09320592880249
0.10637092590332
0.10079979896545
0.097697019577026
0.098528861999512
0.09014105796814
0.094460964202881
0.096045970916748
0.10131001472473
0.10490393638611
0.10192394256592
0.098145008087158
0.10405206680298
0.10085582733154
0.087687015533447
0.095929861068726
0.094067096710205
0.099731206893921
0.10950803756714
0.092520952224731
0.096671104431152
0.09987211227417
0.095475912094116
0.097851991653442
0.1080219745636
0.099776029586792
0.10010290145874
0.094017028808594
0.10258889198303
0.088505029678345
0.096369981765747
0.094403982162476
0.10196995735168
0.09784197807312
0.099632978439331
0.10370802879333
0.10247206687927
0.092473983764648
0.10599899291992
0.092205047607422
0.093617916107178
0.094190120697021
0.1002950668335
0.098006010055542
0.096208810806274
0.10343408584595
0.099920034408569
0.1014769077301
0.094527959823608
0.10713291168213
0.095826148986816
0.098113059997559
0.092223882675171
0.089613914489746
0.099406957626343
0.10223388671875
0.10072588920593
0.10345196723938
0.09196400642395
0.095273971557617
0.097142934799194
0.096540927886963
0.10285210609436
0.096689939498901
0.10977792739868
0.091140985488892
0.094293832778931
0.09793496131897
0.10391020774841
0.10232901573181
0.093961954116821
0.10364198684692
0.093883037567139
0.093451976776123
0.10208582878113
0.10187387466431
0.097965002059937
0.10200691223145
0.1014461517334
0.12573003768921
0.098246097564697
0.090034961700439
0.098759889602661
0.092413187026978
0.10366702079773
0.09959602355957
0.098798990249634
0.095415830612183
0.097654104232788
0.096153020858765
0.10133099555969
0.099447965621948
0.098881006240845
0.097297191619873
0.097733974456787
0.098784923553467
0.09657621383667
0.09973406791687
0.10363101959229
0.098114967346191
0.10070991516113
0.09265398979187
0.098900079727173
0.099141836166382
0.10009503364563
0.095044851303101
0.097748041152954
0.093285083770752
0.098201990127563
0.10050201416016
0.093707084655762
0.11319184303284
0.10168600082397
0.098800897598267
0.1072940826416
0.094842910766602
0.092221021652222
0.096947908401489
0.094173192977905
0.10356020927429
0.097071170806885
0.096112966537476
0.10305213928223
0.093730926513672
0.096791982650757
0.095079183578491
0.096709012985229
0.11257910728455
0.091126918792725
0.095993041992188
0.091030120849609
0.091670036315918
0.095592975616455
0.093911170959473
0.092746019363403
0.10688996315002
0.098767995834351
0.096189975738525
0.14125609397888
0.096400022506714
0.094046831130981
0.091913938522339
0.09396505355835
0.099283933639526
0.096885919570923
0.095654010772705
0.11126685142517
0.10177397727966
0.097522020339966
0.092645883560181
0.10339403152466
0.093338012695312
0.10406398773193
0.093448877334595
0.094075918197632
0.092401027679443
0.10500192642212
0.095453977584839
0.096969842910767
0.095759868621826
0.093158960342407
0.099330902099609
0.39487600326538
0.093700885772705
0.098562955856323
0.088685989379883
0.10581803321838
0.093041896820068
0.089689970016479
0.089407920837402
0.096474885940552
0.08931303024292
0.10697388648987
0.09461498260498
0.096498966217041
0.09538197517395
0.095790863037109
0.096465110778809
0.097540140151978
0.096772193908691
0.098271131515503
0.09709620475769
0.096588134765625
0.093377113342285
0.13066411018372
0.096408843994141
0.094263076782227
0.091350078582764
0.093345880508423
0.092414855957031
0.099750995635986
0.09180212020874
0.090403079986572
0.10386395454407
0.10472297668457
0.095710039138794
0.11967206001282
0.10098814964294
0.098385810852051
0.095838069915771
0.090385913848877
0.094136953353882
0.10210084915161
0.096120834350586
0.091283798217773
0.096550941467285
0.094903945922852
0.099746942520142
0.10544490814209
0.10580396652222
0.091078996658325
0.099212169647217
0.093630075454712
0.10033702850342
0.10069990158081
0.094771862030029
0.092751026153564
0.097710132598877
0.095860004425049
0.097550868988037
0.091750860214233
0.10379505157471
0.10094809532166
0.10324597358704
0.093446016311646
0.097141027450562
0.10615801811218
0.092994928359985
0.096283912658691
0.10677409172058
0.092895984649658
0.10042810440063
0.093385934829712
0.10647010803223
0.11166405677795
0.099285840988159
0.098906993865967
0.094750881195068
0.096804141998291
0.093343019485474
0.091572046279907
0.096957921981812
0.10406398773193
0.089863061904907
0.092597007751465
0.096894979476929
0.092979907989502
0.093150854110718
0.094629049301147
0.088279008865356
0.10453915596008
0.094356060028076
0.090878009796143
0.097391843795776
0.097043991088867
0.10661911964417
0.099129199981689
0.09375786781311
0.10096597671509
0.097068786621094
0.11048698425293
0.095728874206543
0.09575080871582
0.096025943756104
0.09965991973877
0.10610389709473
0.0989990234375
0.10227489471436
0.095798015594482
0.095875978469849
0.097187995910645
0.093010902404785
0.089689970016479
0.096446990966797
0.094422817230225
0.091696977615356
0.091963052749634
0.10339498519897
0.095792055130005
0.093974113464355
0.094032049179077
0.10149502754211
0.10315704345703
0.095664024353027
0.094228982925415
0.09731912612915
0.091599941253662
0.090943098068237
0.096390962600708
0.091096878051758
0.093487024307251
0.098554849624634
0.095782995223999
0.092887878417969
0.097089767456055
0.094665050506592
0.096547842025757
0.099316835403442
0.10343217849731
0.098796129226685
0.093658924102783
0.091286897659302
0.093313932418823
0.095795154571533
0.099771022796631
0.12276816368103
0.12992882728577
0.15323901176453
0.10133600234985
0.10347294807434
0.099107980728149
0.10186815261841
0.099586009979248
0.094376802444458
0.09599494934082
0.093740940093994
0.10501217842102
0.096765041351318
0.092298030853271
0.088557004928589
0.087018013000488
0.097458839416504
0.096478939056396
0.095107078552246
0.092222929000854
0.096511840820312
0.089451789855957
0.087733030319214
0.10951995849609
0.11234021186829
0.091182947158813
0.099996089935303
0.097676038742065
0.091759920120239
0.094932079315186
0.093078136444092
0.096318960189819
0.094939947128296
0.098697900772095
0.097822904586792
0.11041808128357
0.10758996009827
0.088905096054077
0.096188068389893
0.097774028778076
0.1012749671936
0.098458051681519
0.095722913742065
0.099114894866943
0.0937340259552
0.093964099884033
0.10368680953979
0.095481157302856
0.093049049377441
0.08919620513916
0.091318130493164
0.099740028381348
0.098221063613892
0.10383701324463
0.093141078948975
0.093932867050171
0.099183082580566
0.098220109939575
0.095883131027222
0.091936826705933
0.090686082839966
0.095051050186157
0.093501091003418
0.097403049468994
0.10203194618225
0.094139814376831
0.087986946105957
0.098788022994995
0.10508608818054
0.094084978103638
0.093009948730469
0.09260892868042
0.093179941177368
0.1051778793335
0.096328973770142
0.096528053283691
0.09781813621521
0.089306116104126
0.10101795196533
0.10345482826233
0.10485100746155
0.092330932617188
0.09393310546875
0.097981929779053
0.094414949417114
0.092067956924438
0.08964204788208
0.095005035400391
0.10046696662903
0.092187881469727
0.096267938613892
0.11670899391174
0.10703897476196
0.097936868667603
0.09514594078064
0.092801094055176
0.098132848739624
0.097225904464722
0.10038495063782
0.20474886894226
0.098067998886108
0.10014581680298
0.11079597473145
0.099305152893066
0.091701984405518
0.093955039978027
0.097245216369629
0.10109186172485
0.092030048370361
0.096758842468262
0.095031023025513
0.097354888916016
0.1046199798584
0.097213983535767
0.095242023468018
0.099890947341919
0.10788488388062
0.094938039779663
0.086865901947021
0.091114044189453
0.10612201690674
0.10916900634766
0.099321126937866
0.10224199295044
0.098830938339233
0.10174584388733
0.092144012451172
0.089709043502808
0.095334053039551
0.091957092285156
0.088627099990845
0.10420799255371
0.091312885284424
0.10090184211731
0.09639310836792
0.10162687301636
0.092489957809448
0.10216093063354
0.10017204284668
0.094352960586548
0.10090303421021
0.091040849685669
0.098988056182861
0.099560976028442
0.098542928695679
0.094983100891113
0.095721960067749
0.10011887550354
0.092187166213989
0.09788703918457
0.095378875732422
0.098254919052124
0.11205697059631
0.10304188728333
0.10273694992065
0.12701797485352
0.10066795349121
0.092623949050903
0.096039056777954
0.092029809951782
0.099339008331299
0.095736026763916
0.092328071594238
0.10578393936157
0.094490051269531
0.097187042236328
0.10593318939209
0.096713781356812
0.10056495666504
0.090673208236694
0.097163915634155
0.10112595558167
0.10375118255615
0.096789121627808
0.092483997344971
0.093688011169434
0.092484951019287
0.094921112060547
0.1044659614563
0.096705198287964
0.10135221481323
0.090121984481812
0.097905158996582
0.095619916915894
0.095978021621704
0.10624599456787
0.099808216094971
0.097579002380371
0.092031955718994
0.096719980239868
0.1007559299469
0.097913980484009
0.098999977111816
0.098576068878174
0.11015582084656
0.10504603385925
0.095548868179321
0.097053050994873
0.10009598731995
0.10104489326477
0.1125328540802
0.094628095626831
0.10066795349121
0.097249984741211
0.10280585289001
0.09566593170166
0.089734077453613
0.099068164825439
0.097143888473511
0.10378813743591
0.09821605682373
0.09634804725647
0.098201990127563
0.095988988876343
0.10450100898743
0.096985101699829
0.092641115188599
0.098114967346191
0.1000349521637
0.095325946807861
0.10150218009949
0.106693983078
0.10613083839417
0.10404396057129
0.092884063720703
0.093492984771729
0.097622156143188
0.097874164581299
0.10153889656067
0.094986915588379
0.094436168670654
0.090267896652222
0.094487905502319
0.10425114631653
0.094760894775391
0.09633994102478
0.098163843154907
0.089509963989258
0.091627836227417
0.094927072525024
0.10792899131775
0.089436054229736
0.098432064056396
0.09989595413208
0.098975896835327
0.095069169998169
0.10091185569763
0.096544027328491
0.089325904846191
0.091657876968384
0.096427917480469
0.093875169754028
0.098793029785156
0.089622974395752
0.10455393791199
0.09697413444519
0.094663143157959
0.10465717315674
0.091318845748901
0.09111213684082
0.10611486434937
0.096242904663086
0.090613126754761
0.092493057250977
0.10218286514282
0.10053205490112
0.093938827514648
0.093281984329224
0.097409009933472
0.099048137664795
0.092072010040283
0.08944296836853
0.101881980896
0.10696291923523
0.10031604766846
0.099394083023071
0.10344314575195
0.094649076461792
0.088886976242065
0.095386981964111
0.095935821533203
0.092396020889282
0.095086097717285
0.095746040344238
0.092636108398438
0.096148014068604
0.092947006225586
0.091743946075439
0.093358993530273
0.098468065261841
0.096088886260986
0.090131044387817
0.10400795936584
0.091341018676758
0.10488295555115
0.096669912338257
0.095209836959839
0.097259044647217
0.10426998138428
0.091033935546875
0.096194982528687
0.095870018005371
0.10126495361328
0.099176168441772
0.094667911529541
0.10947394371033
0.095180034637451
0.10233187675476
0.09814977645874
0.1070020198822
0.09346079826355
0.10020899772644
0.098526954650879
0.099309921264648
0.10172200202942
0.094238042831421
0.089086055755615
0.092501878738403
0.098331212997437
0.099945068359375
0.097687005996704
0.099094152450562
0.086973905563354
0.10205793380737
0.093038082122803
0.088685989379883
0.09983491897583
0.091491937637329
0.090533971786499
0.097532987594604
0.091140031814575
0.11155891418457
0.10927200317383
0.094815015792847
0.089372873306274
0.092198848724365
0.090952157974243
0.092794895172119
0.10097599029541
0.095847129821777
0.097896099090576
0.094696044921875
0.10098505020142
0.089301109313965
0.09312105178833
0.093769073486328
0.093049049377441
0.097162961959839
0.099447965621948
0.14609098434448
0.088499784469604
0.099613904953003
0.093151807785034
0.090955018997192
0.090065002441406
0.098280906677246
0.10860705375671
0.089421033859253
0.10421299934387
0.090136051177979
0.096784114837646
0.094702005386353
0.10106301307678
0.10432195663452
0.093842029571533
0.11414694786072
0.095655918121338
0.088281154632568
0.095093011856079
0.098900079727173
0.090045928955078
0.091164827346802
0.094279050827026
0.10287594795227
0.1032919883728
0.090524911880493
0.095927953720093
0.095547914505005
0.094202041625977
0.09047794342041
0.096580028533936
0.091367959976196
0.092442035675049
0.10075092315674
0.092586994171143
0.10424184799194
0.097860097885132
0.095242023468018
0.098601102828979
0.20450282096863
0.094218969345093
0.096390962600708
0.09447193145752
0.1008129119873
0.10033202171326
0.096817970275879
0.094866037368774
0.10018420219421
0.094038963317871
0.096890926361084
0.091012001037598
0.10064482688904
0.10426306724548
0.10704493522644
0.091808795928955
0.099323987960815
0.089669942855835
0.093281984329224
0.092901945114136
0.09942102432251
0.097460031509399
0.090612173080444
0.097791910171509
0.1061840057373
0.093723058700562
0.096319913864136
0.090996026992798
0.098867177963257
0.09256911277771
0.093069076538086
0.095088958740234
0.091232061386108
0.096017837524414
0.12300515174866
0.093018054962158
0.090919017791748
0.092276096343994
0.10158896446228
0.097733974456787
0.094159126281738
0.10392904281616
0.091322183609009
0.098702192306519
0.098131895065308
0.093292951583862
0.10464787483215
0.095652103424072
0.099943876266479
0.10611796379089
0.098220109939575
0.094219923019409
0.1003110408783
0.094292163848877
0.091504096984863
0.10774993896484
0.09312891960144
0.1015260219574
0.10091614723206
0.092950105667114
0.097579002380371
0.088126182556152
0.097878932952881
0.097150087356567
0.096086978912354
0.09427285194397
0.089824199676514
0.089164972305298
0.096848011016846
0.089757919311523
0.097933053970337
0.095602989196777
0.09396505355835
0.090420961380005
0.09996509552002
0.097002983093262
0.09302282333374
0.094671010971069
0.23992514610291
0.09418797492981
0.093057870864868
0.10268783569336
0.1023690700531
0.092952013015747
0.089739084243774
0.094763994216919
0.096931934356689
0.089411020278931
0.096632957458496
0.095438957214355
0.11150503158569
0.10116410255432
0.10390186309814
0.094357013702393
0.095124959945679
0.09299111366272
0.09406304359436
0.10268497467041
0.096712112426758
0.097994089126587
0.10615706443787
0.090996026992798
0.098963975906372
0.093593835830688
0.092164039611816
0.094757795333862
0.10076594352722
0.093904972076416
0.10278701782227
0.098083019256592
0.092928886413574
0.10188794136047
0.096431016921997
0.096503973007202
0.10810017585754
0.10496282577515
0.091161012649536
0.095638036727905
0.0972900390625
0.093945980072021
0.10340714454651
0.093333959579468
0.095795869827271
0.094151020050049
0.089432001113892
0.097843170166016
0.11450695991516
0.090611934661865
0.099448919296265
0.097582101821899
0.090664863586426
0.099866151809692
0.10887885093689
0.094022989273071
0.10235190391541
0.10534882545471
0.10089111328125
0.097985982894897
0.091406106948853
0.10114002227783
0.093290090560913
0.092303037643433
0.095541954040527
0.10213017463684
0.096090078353882
0.0936119556427
0.096525907516479
0.096050024032593
0.091631174087524
0.092555046081543
0.11325907707214
0.11513781547546
0.09685206413269
0.096153020858765
0.10123586654663
0.09490704536438
0.095826148986816
0.099854946136475
0.10488700866699
0.097257852554321
0.095288991928101
0.091652870178223
0.098850011825562
0.098104953765869
0.097702980041504
0.1384220123291
0.099252939224243
0.097172021865845
0.097464084625244
0.091685056686401
0.11052203178406
0.089715003967285
0.09804892539978
0.093736886978149
0.097060918807983
0.10080790519714
0.093876123428345
0.092844009399414
0.091037034988403
0.094487905502319
0.094913959503174
0.090194940567017
0.10073399543762
0.092067003250122
0.091208934783936
0.093164920806885
0.1034619808197
0.092236995697021
0.1052770614624
0.092016220092773
0.095129013061523
0.09137487411499
0.095849990844727
0.097510099411011
0.094093084335327
0.096716165542603
0.09784197807312
0.10190796852112
0.097101926803589
0.10129404067993
0.093736886978149
0.10489106178284
0.096524000167847
0.093640804290771
0.096071004867554
0.09456992149353
0.10794401168823
0.088685989379883
0.095678091049194
0.092941999435425
0.094283103942871
0.096670866012573
0.10122585296631
0.092989921569824
0.13019204139709
0.093132972717285
0.10120701789856
0.09881591796875
0.098077058792114
0.096283912658691
0.092311143875122
0.094759941101074
0.089879035949707
0.10424494743347
0.10020303726196
0.10306406021118
0.092185974121094
0.10096979141235
0.099117040634155
0.095019102096558
0.10060906410217
0.095715999603271
0.096889019012451
0.10563492774963
0.10229301452637
0.094112157821655
0.092609882354736
0.092066049575806
0.098919868469238
0.10264492034912
0.093539953231812
0.094404935836792
0.092427968978882
0.09509015083313
0.099557876586914
0.094592094421387
0.093811988830566
0.096538066864014
0.10302996635437
0.093514919281006
0.08906078338623
0.09575891494751
0.293781042099
0.10723805427551
0.09646201133728
0.089248180389404
0.098144054412842
0.097984075546265
0.10617113113403
0.088679075241089
0.094046115875244
0.094730854034424
0.091686010360718
0.089184999465942
0.10052704811096
0.091938018798828
0.097084045410156
0.094039916992188
0.095203876495361
0.099140882492065
0.11184692382812
0.10492086410522
0.10429191589355
0.10732197761536
0.090729951858521
0.10734510421753
0.093975067138672
0.099210977554321
0.10288119316101
0.098534107208252
0.1009681224823
0.098314046859741
0.10214114189148
0.10203289985657
0.093227863311768
0.098627090454102
0.096977949142456
0.093532800674438
0.10010004043579
0.095583915710449
0.095067024230957
0.091671943664551
0.089595079421997
0.094878911972046
0.10814380645752
0.094584941864014
0.10197806358337
0.096944093704224
0.10005903244019
0.096043109893799
0.090844869613647
0.09818696975708
0.091773986816406
0.098578214645386
0.099877119064331
0.094481945037842
0.1054859161377
0.097080945968628
0.097508907318115
0.095725059509277
0.10454988479614
0.093047857284546
0.096307992935181
0.096632957458496
0.098562955856323
0.092778921127319
0.096374988555908
0.10369396209717
0.099882841110229
0.096449851989746
0.1063380241394
0.10290002822876
0.10240697860718
0.096196174621582
0.090964078903198
0.095787048339844
0.0919189453125
0.098875045776367
0.098556995391846
0.10241079330444
0.091943025588989
0.10264992713928
0.1013650894165
0.098962068557739
0.096152067184448
0.10212707519531
0.099356889724731
0.10150790214539
0.093206882476807
0.1033399105072
0.095523118972778
0.09525990486145
0.098066091537476
0.092561006546021
0.10130381584167
0.092334985733032
0.099417924880981
0.091667175292969
0.103196144104
0.090039968490601
0.099265098571777
0.093173027038574
0.090286016464233
0.10555696487427
0.10404396057129
0.093457937240601
0.094097852706909
0.093461990356445
0.092108964920044
0.094793081283569
0.10786008834839
0.10299301147461
0.11255288124084
0.099071979522705
0.10084295272827
0.094729900360107
0.094137907028198
0.087652921676636
0.093432903289795
0.095082998275757
0.092046976089478
0.088669061660767
0.095122098922729
0.092236995697021
0.092344999313354
0.089031934738159
0.092612981796265
0.093341112136841
0.095930099487305
0.098301887512207
0.093719005584717
0.094295978546143
0.092607021331787
0.098150014877319
0.1010160446167
0.10036993026733
0.097025156021118
0.098020076751709
0.091870784759521
0.096423864364624
0.097517967224121
0.096606969833374
0.10224199295044
0.10336303710938
0.099931955337524
0.097774982452393
0.09985089302063
0.091211080551147
0.094662189483643
0.098190069198608
0.090372085571289
0.0939040184021
0.098948001861572
0.099998950958252
0.10061001777649
0.099247932434082
0.10919904708862
0.093774080276489
0.096330881118774
0.095211029052734
0.095473051071167
0.098456859588623
0.10359287261963
0.089794874191284
0.091588020324707
0.09663200378418
0.097289085388184
0.097016096115112
0.10288000106812
0.092613935470581
0.096969842910767
0.1027147769928
0.091401815414429
0.096025943756104
0.10126519203186
0.094150066375732
0.10454797744751
0.09972620010376
0.10719180107117
0.094113111495972
0.090243816375732
0.094466924667358
0.10045909881592
0.094029188156128
0.091938018798828
0.098253965377808
0.10079193115234
0.11098289489746
0.092923879623413
0.096735954284668
0.09594988822937
0.092704057693481
0.089900016784668
0.098900079727173
0.094244003295898
0.089607000350952
0.10500717163086
0.09583592414856
0.095911979675293
0.12463903427124
0.089910984039307
0.090685129165649
0.087759017944336
0.091475009918213
0.10301208496094
0.097879886627197
0.098290920257568
0.092365980148315
0.10064196586609
0.094450950622559
0.091056823730469
0.096987009048462
0.096101045608521
0.091776847839355
0.10383701324463
0.10127902030945
0.10070204734802
0.091758012771606
0.10464406013489
0.095886945724487
0.093204021453857
0.091241121292114
0.10771894454956
0.095840930938721
0.097482919692993
0.098984003067017
0.10226011276245
0.093309164047241
0.094691038131714
0.11684989929199
0.095063924789429
0.098139047622681
0.095288991928101
0.10281300544739
0.095880031585693
0.094279050827026
0.1036388874054
0.094380855560303
0.089181900024414
0.096174001693726
0.090084075927734
0.093199014663696
0.10490107536316
0.13270020484924
0.10412192344666
0.10548806190491
0.10440611839294
0.095412015914917
0.094935178756714
0.098180055618286
0.10182809829712
0.12209606170654
0.095629930496216
0.092981100082397
0.097319841384888
0.10418891906738
0.094353914260864
0.10945200920105
0.094220876693726
0.092716932296753
0.094444036483765
0.10205101966858
0.091835975646973
0.095040082931519
0.093076944351196
0.10136890411377
0.1031801700592
0.10520792007446
0.12124419212341
0.11117911338806
0.10248112678528
0.09580397605896
0.10438394546509
0.091346979141235
0.095062971115112
0.08994197845459
0.093981027603149
0.09394907951355
0.097913980484009
0.090318202972412
0.095161914825439
0.091037034988403
0.11601400375366
0.095555067062378
0.094035863876343
0.094609022140503
0.09829306602478
0.093280792236328
0.094063997268677
0.096760988235474
0.093776941299438
0.088834047317505
0.095890998840332
0.10616898536682
0.10189604759216
0.10087609291077
0.089881896972656
0.093990087509155
0.096035003662109
0.088376045227051
0.098437070846558
0.099946975708008
0.091526985168457
0.10462498664856
0.097822904586792
0.098495006561279
0.091746091842651
0.09670615196228
0.093016147613525
0.10128688812256
0.089846134185791
0.090920209884644
0.097301959991455
0.098234891891479
0.099426984786987
0.096576929092407
0.099370002746582
0.090429067611694
0.094857931137085
0.095021963119507
0.091551065444946
0.098511934280396
0.22131705284119
0.089156150817871
0.097239971160889
0.097538948059082
0.1103138923645
0.098307132720947
0.099086999893188
0.095029830932617
0.11394906044006
0.095920085906982
0.096461772918701
0.092890977859497
0.088587045669556
0.091334819793701
0.093629121780396
0.092061042785645
0.096795082092285
0.11034989356995
0.092974901199341
0.093285083770752
0.10329413414001
0.091760873794556
0.097768068313599
0.10251498222351
0.10301113128662
0.09463095664978
0.098809003829956
0.095119953155518
0.094207048416138
0.10398006439209
0.090030908584595
0.092512845993042
0.094312906265259
0.10092902183533
0.091162919998169
0.10665202140808
0.1010479927063
0.10195803642273
0.10324311256409
0.10176181793213
0.097297191619873
0.092235088348389
0.097241878509521
0.092296123504639
0.097797870635986
0.095057010650635
0.099050045013428
0.092795133590698
0.092421054840088
0.10101389884949
0.14019894599915
0.10639095306396
0.092501878738403
0.097003936767578
0.10230588912964
0.091070175170898
0.096946001052856
0.095256090164185
0.096012115478516
0.098571062088013
0.09410285949707
0.095066070556641
0.099936008453369
0.09810209274292
0.089040994644165
0.10163903236389
0.0937340259552
0.097662925720215
0.097362995147705
0.10074901580811
0.097437858581543
0.094077110290527
0.10017609596252
0.099154949188232
0.10405087471008
0.10119485855103
0.10483813285828
0.096235990524292
0.094134092330933
0.098499059677124
0.096853971481323
0.099225044250488
0.090273141860962
0.09773588180542
0.10079002380371
0.095637083053589
0.10622906684875
0.094960927963257
0.096260070800781
0.0990309715271
0.10342693328857
0.097751140594482
0.10597395896912
0.089961051940918
0.090559959411621
0.12366604804993
0.096354961395264
0.10349011421204
0.095905065536499
0.096934080123901
0.097440004348755
0.09640908241272
0.10541796684265
0.10779595375061
0.098675012588501
0.090675115585327
0.12186098098755
0.099603891372681
0.15555882453918
0.098405838012695
0.092113018035889
0.093486070632935
0.091153860092163
0.098632097244263
0.099692106246948
0.099093914031982
0.097048044204712
0.094106912612915
0.092227935791016
0.10407304763794
0.098109006881714
0.10494613647461
0.087800979614258
0.098920822143555
0.094178915023804
0.095587015151978
0.10349893569946
0.098110914230347
0.094552993774414
0.09922194480896
0.09600305557251
0.093281030654907
0.097117900848389
0.09642505645752
0.092367887496948
0.095264911651611
0.096357107162476
0.089976072311401
0.094725131988525
0.10318899154663
0.089816093444824
0.10078620910645
0.10254693031311
0.22064304351807
0.11373090744019
0.095818042755127
0.10115814208984
0.09150218963623
0.092615127563477
0.097563982009888
0.092694997787476
0.098968029022217
0.089962005615234
0.093358039855957
0.097162961959839
0.10251593589783
0.11656308174133
0.096155881881714
0.10680317878723
0.11025500297546
0.10517883300781
0.11227989196777
0.10378289222717
0.10058307647705
0.09861421585083
0.094779968261719
0.0986008644104
0.10873484611511
0.093697071075439
0.094488859176636
0.094635963439941
0.093769073486328
0.10488104820251
0.094552993774414
0.093784093856812
0.099506855010986
0.096280097961426
0.087522029876709
0.09906005859375
0.1006019115448
0.10157012939453
0.098703145980835
0.10416197776794
0.092944860458374
0.096287965774536
0.11861395835876
0.091729879379272
0.098059892654419
0.10459518432617
0.10297107696533
0.10734081268311
0.098503112792969
0.097243070602417
0.10186696052551
0.097532987594604
0.097746133804321
0.10382103919983
0.096565008163452
0.089987993240356
0.10929918289185
0.093459129333496
0.099925994873047
0.088790893554688
0.10232591629028
0.097110986709595
0.095804929733276
0.10719108581543
0.09574294090271
0.10539793968201
0.091209888458252
3.2230799198151
0.10015106201172
0.10331010818481
0.10768485069275
0.094645977020264
0.094039916992188
0.093563079833984
0.10931396484375
0.11636281013489
0.092242002487183
0.092625141143799
0.094811201095581
0.096582889556885
0.10656094551086
0.10069108009338
0.12293004989624
0.098860025405884
0.096912860870361
0.095044136047363
0.10627889633179
0.094241857528687
0.097700834274292
0.094858169555664
0.10036683082581
0.094181060791016
0.094464063644409
0.090561866760254
0.091374158859253
0.097326040267944
0.093118906021118
0.11234903335571
0.090342998504639
0.098146915435791
0.092906951904297
0.096791982650757
0.090342998504639
0.091600894927979
0.089938163757324
0.097852945327759
0.09636402130127
0.095663070678711
0.097359895706177
0.091511011123657
0.093218803405762
0.091021060943604
0.15793609619141
0.10064005851746
0.10454082489014
0.1018590927124
0.09265398979187
0.097579956054688
0.10618090629578
0.097311973571777
0.098891973495483
0.10233402252197
0.10039710998535
0.095699071884155
0.1032919883728
0.10386896133423
0.10300207138062
0.098080158233643
0.0900559425354
0.097304105758667
0.096233129501343
0.092369079589844
0.10341787338257
0.10085391998291
0.093029022216797
0.090367078781128
0.093969106674194
0.092926025390625
0.096941947937012
0.0939040184021
0.092957973480225
0.090808868408203
0.10211992263794
0.097230195999146
0.13144683837891
0.097157955169678
0.093048095703125
0.092188835144043
0.09281587600708
0.092092037200928
0.10290503501892
0.2042989730835
0.10179281234741
0.090707063674927
0.088589906692505
0.094849109649658
0.09943413734436
0.098034858703613
0.091527938842773
0.090944051742554
0.090278148651123
0.10013699531555
0.094501972198486
0.090672969818115
0.091327905654907
0.090157032012939
0.10208201408386
0.096886157989502
0.09281587600708
0.1018009185791
0.097829103469849
0.09173583984375
0.10762119293213
0.10658001899719
0.092363119125366
0.11159896850586
0.11345601081848
0.10768103599548
0.10269904136658
0.08976411819458
0.092329978942871
0.09605598449707
0.093754053115845
0.098410844802856
0.093744993209839
0.10433101654053
0.10416197776794
0.10057091712952
0.089915037155151
0.089878082275391
0.10386490821838
0.099277973175049
0.090157032012939
0.095142126083374
0.10080194473267
0.10103917121887
0.095820188522339
0.095202922821045
0.10104513168335
0.10177516937256
0.099340915679932
0.094067096710205
0.092285871505737
0.091546058654785
0.10518789291382
0.093590974807739
0.10420799255371
0.098062992095947
0.11526703834534
0.092658042907715
0.11364102363586
0.10434794425964
0.09827709197998
0.097162008285522
0.088260173797607
0.091762065887451
0.105229139328
0.094079971313477
0.1049530506134
0.1016218662262
0.23207306861877
0.10162806510925
0.095146894454956
0.094758033752441
0.098575115203857
0.09812593460083
0.093506097793579
0.0988609790802
0.092650175094604
0.093894958496094
0.10004997253418
0.10026812553406
0.090893030166626
0.10118818283081
0.10291004180908
0.091231107711792
0.094369888305664
0.10058617591858
0.09560489654541
0.095582962036133
0.09057092666626
0.10603809356689
0.10179901123047
0.099129915237427
0.093229055404663
0.098628997802734
0.094932794570923
0.096005916595459
0.10365414619446
0.10350894927979
0.10962104797363
0.094145059585571
0.090532064437866
0.09358286857605
0.096451044082642
0.096617937088013
0.091769218444824
0.099158048629761
0.099420070648193
0.094758987426758
0.10219597816467
0.099013805389404
0.092725992202759
0.10193705558777
0.099957942962646
0.097214937210083
0.091436147689819
0.094036102294922
0.089937925338745
0.099991083145142
0.092257976531982
0.094411849975586
0.091681003570557
0.090715169906616
0.10175490379333
0.093672037124634
0.10029411315918
0.096472024917603
0.098460912704468
0.094633817672729
0.096713066101074
0.097843170166016
0.090079069137573
0.09525203704834
0.15646886825562
0.096935033798218
0.13454508781433
0.10244703292847
0.091316223144531
0.097227096557617
0.121169090271
0.098072052001953
0.10173201560974
0.092864990234375
0.095305919647217
0.099309921264648
0.10093808174133
0.096287965774536
0.09232497215271
0.10191106796265
0.39391589164734
0.094942092895508
0.10004186630249
0.10985803604126
0.095976114273071
0.091715097427368
0.093966960906982
0.098648071289062
0.097434997558594
0.092371940612793
0.1169068813324
0.096211194992065
0.092344999313354
0.095348119735718
0.095959901809692
0.097965955734253
0.10598492622375
0.096989870071411
0.098586082458496
0.093684911727905
0.092610120773315
0.095039129257202
0.098623037338257
0.093927145004272
0.095968008041382
0.091958999633789
0.099211931228638
0.098644018173218
0.10870385169983
0.097242832183838
0.10477304458618
0.095795869827271
0.096644163131714
0.099294900894165
0.093568086624146
0.096282958984375
0.11983299255371
0.10002398490906
0.09562611579895
0.10455203056335
0.098137140274048
0.098417043685913
0.11184787750244
0.09636402130127
0.093951940536499
0.099371194839478
0.10660910606384
0.12213492393494
0.10177397727966
0.10708212852478
0.096940994262695
0.095793962478638
0.10411500930786
0.096066951751709
0.098367929458618
0.094271183013916
0.090769052505493
0.09306001663208
0.099139928817749
0.092266082763672
0.092561006546021
0.096594095230103
0.095782041549683
0.10822200775146
0.092014074325562
0.093798875808716
0.095308065414429
0.10783910751343
0.10635709762573
0.10216879844666
0.091277122497559
0.10893607139587
0.095219135284424
0.095257997512817
0.099349975585938
0.098078012466431
0.093311071395874
0.096837043762207
0.097738981246948
0.098039865493774
0.10222506523132
0.092683076858521
0.099859952926636
0.10503315925598
0.098347902297974
0.092499017715454
0.096207857131958
0.096896886825562
0.10080599784851
0.096390962600708
0.10458588600159
0.092093944549561
0.10233807563782
0.091893911361694
0.08980393409729
0.092881917953491
0.096603155136108
0.095791101455688
0.091405868530273
0.10046696662903
0.089671850204468
0.105299949646
0.10595202445984
0.098325967788696
0.097430229187012
0.093355894088745
0.095099925994873
0.096143007278442
0.097858190536499
0.12367987632751
0.10572504997253
0.10080790519714
0.10259580612183
0.10154700279236
0.095222949981689
0.099086046218872
0.093945980072021
0.094449996948242
0.10825300216675
0.0936119556427
0.089945793151855
0.096974849700928
0.095511913299561
0.10043501853943
0.09781289100647
0.1038510799408
0.10026907920837
0.092141151428223
0.10460782051086
0.095541954040527
0.095139026641846
0.097736120223999
0.098946094512939
0.091683864593506
0.093816995620728
0.094099998474121
0.099100112915039
0.090360879898071
0.10176587104797
0.09826397895813
0.090926885604858
0.092465877532959
0.10213184356689
0.098253011703491
0.10028386116028
0.092368841171265
0.089622020721436
0.088797092437744
0.092261075973511
0.092144966125488
0.091722011566162
0.10015392303467
0.10447096824646
0.094511985778809
0.099361181259155
0.095150947570801
0.10510015487671
0.085431098937988
0.095511198043823
0.098371982574463
0.09667181968689
0.089781999588013
0.090737104415894
0.093404054641724
0.097984075546265
0.094717979431152
0.09132719039917
0.09125280380249
0.094486951828003
0.09260106086731
0.095960855484009
0.099289178848267
0.10746312141418
0.091928005218506
0.092437028884888
0.0970618724823
0.089823007583618
0.089416027069092
0.09088397026062
0.094266891479492
0.095584154129028
0.099089860916138
0.094435930252075
0.091264009475708
0.10439705848694
0.095468997955322
0.099600076675415
0.10356688499451
0.10414910316467
0.093619108200073
0.097115993499756
0.11147403717041
0.10129523277283
0.098402976989746
0.090272188186646
0.10395407676697
0.097784996032715
0.22441411018372
0.093184947967529
0.096065044403076
0.099674940109253
0.097009181976318
0.096966028213501
0.095569849014282
0.10128593444824
0.10111498832703
0.097592115402222
0.098491191864014
0.091491937637329
0.095979928970337
0.11107897758484
0.10265111923218
0.097992897033691
0.10212707519531
0.095901966094971
0.091967821121216
0.1069700717926
0.095553159713745
0.10100698471069
0.09586501121521
0.093553066253662
0.097288131713867
0.090811014175415
0.099368095397949
0.1042799949646
0.091517210006714
0.099397897720337
0.096831083297729
0.098319053649902
0.10126113891602
0.097743034362793
0.091608047485352
0.091739892959595
0.096873998641968
0.091263771057129
0.093454122543335
0.095430135726929
0.095905780792236
0.092772960662842
0.10162401199341
0.098476886749268
0.093400001525879
0.089635133743286
0.10089588165283
0.10153913497925
0.095937967300415
0.10389399528503
0.10437202453613
0.093281984329224
0.098397016525269
0.40099811553955
0.090246915817261
0.099319934844971
0.09817099571228
0.090209007263184
0.098886966705322
0.095173835754395
0.097486972808838
0.09601879119873
0.10819911956787
0.10706281661987
0.093322038650513
0.096395969390869
0.096925020217896
0.10742402076721
0.093878030776978
0.094497919082642
0.091200113296509
0.09630298614502
0.098911046981812
0.095121145248413
0.10154390335083
0.11708617210388
0.097164869308472
0.10373187065125
0.1015260219574
0.088787794113159
0.096498012542725
0.09367299079895
0.10491108894348
0.091153860092163
0.097993135452271
0.097107887268066
0.099658012390137
0.092761039733887
0.096386909484863
0.094738006591797
0.092901945114136
0.095163106918335
0.090659856796265
0.10014581680298
0.10566401481628
0.099370002746582
0.093924999237061
0.099916219711304
0.11234307289124
0.10050916671753
0.091971158981323
0.10097908973694
0.09717583656311
0.092718124389648
0.1011209487915
0.098580121994019
0.09526515007019
0.094959020614624
0.090440988540649
0.098752021789551
0.098227977752686
0.14363408088684
0.09496021270752
0.10601902008057
0.090096950531006
0.092024087905884
0.096980094909668
0.092428922653198
0.096948146820068
0.099895000457764
0.099479913711548
0.096375226974487
0.093564987182617
0.092913866043091
0.09682297706604
0.092077970504761
0.099613189697266
0.096337080001831
0.096349000930786
0.10227203369141
0.097641944885254
0.096308946609497
0.094974994659424
0.39250111579895
0.093365907669067
0.095185995101929
0.093158960342407
0.093191146850586
0.095024108886719
0.10333585739136
0.089251041412354
0.096011877059937
0.092941999435425
0.10067915916443
0.096313953399658
0.09839391708374
0.097877979278564
0.10081791877747
0.095843076705933
0.095679044723511
0.14084601402283
0.094804048538208
0.098340034484863
0.094188928604126
0.097253084182739
0.096611022949219
0.10509705543518
0.090667009353638
0.092245817184448
0.11140584945679
0.095974206924438
0.1141049861908
0.088281154632568
0.093619108200073
0.10107898712158
0.096084117889404
0.10330986976624
0.092171907424927
0.098870038986206
0.099668025970459
0.095990180969238
0.098144054412842
0.095458984375
0.099666118621826
0.1053409576416
0.099477052688599
0.097037076950073
0.12093496322632
0.097779035568237
0.094396114349365
0.09385085105896
0.089745044708252
0.094182014465332
0.098836898803711
0.094985961914062
0.091590166091919
0.094997882843018
0.094219207763672
0.097476005554199
0.10551595687866
0.095538854598999
0.094519138336182
0.092223882675171
0.094391107559204
0.094114065170288
0.10475492477417
0.099395036697388
0.099622011184692
0.092838048934937
0.09675407409668
0.099290132522583
0.099052906036377
0.097289085388184
0.096827983856201
0.096828937530518
0.091753005981445
0.1063539981842
0.093163967132568
0.096757173538208
0.092824935913086
0.085745096206665
0.092376947402954
0.10421586036682
0.094520092010498
0.091361999511719
0.091121912002563
0.097061157226562
0.092823028564453
0.098139047622681
0.088436841964722
0.099472045898438
0.097020864486694
0.097695112228394
0.095275163650513
0.090548038482666
0.098530054092407
0.097621917724609
0.10172891616821
0.091131925582886
0.10393905639648
0.095353126525879
0.096611976623535
0.10155510902405
0.092833995819092
0.10056090354919
0.10638093948364
0.097920894622803
0.10238099098206
0.097028970718384
0.095077037811279
0.093177080154419
0.097273111343384
0.10903096199036
0.10941600799561
0.093754053115845
0.0988609790802
0.093350887298584
0.096673011779785
0.10675692558289
0.10344004631042
0.10850405693054
0.099668025970459
0.091766119003296
0.095155954360962
0.095445871353149
0.094439029693604
0.09640097618103
0.10179686546326
0.096951007843018
0.090152978897095
0.10270214080811
0.095906972885132
0.094896078109741
0.10323905944824
0.098790884017944
0.091068983078003
0.10528206825256
0.093516111373901
0.10029911994934
0.10189199447632
0.096088171005249
0.090431928634644
0.092008829116821
0.092205047607422
0.098615884780884
0.091176986694336
0.10284805297852
0.092090129852295
0.093894004821777
0.0989830493927
0.095882892608643
0.090820074081421
0.10048604011536
0.091892004013062
0.1008129119873
0.092709064483643
0.1029269695282
0.10174107551575
0.10249304771423
0.094851016998291
0.098417043685913
0.096487998962402
0.095776081085205
0.09801197052002
0.096511840820312
0.09696888923645
0.093286991119385
0.10510182380676
0.10394096374512
0.097103118896484
0.096605777740479
0.10953092575073
0.10406994819641
0.10019612312317
0.094025850296021
0.098122119903564
0.092978000640869
0.09791898727417
0.10891199111938
0.19809412956238
0.10000491142273
0.09716796875
0.099880933761597
0.089176893234253
0.095582008361816
0.095757961273193
0.097649097442627
0.099138975143433
0.10113000869751
0.091253995895386
0.096522092819214
0.09370493888855
0.099603176116943
0.092082023620605
0.10433506965637
0.098895072937012
0.095107078552246
0.095250129699707
0.10282015800476
0.10614418983459
0.090137958526611
0.093640804290771
0.093241930007935
0.092936992645264
0.097976922988892
0.090260028839111
0.093640089035034
0.093281984329224
0.20462107658386
0.097182035446167
0.097416877746582
0.10404682159424
0.10123801231384
0.096967935562134
0.10450100898743
0.096071004867554
0.10020089149475
0.097389936447144
0.094514131546021
0.092915058135986
0.097194910049438
0.098953008651733
0.094820976257324
0.10037183761597
0.09962797164917
0.09163498878479
0.10527396202087
0.092505931854248
0.099632024765015
0.096307039260864
0.1050169467926
0.097872972488403
0.099436044692993
0.098063945770264
0.099178075790405
0.097925901412964
0.097437858581543
0.094111919403076
0.091325044631958
0.095438957214355
0.10149383544922
0.10762596130371
0.097836971282959
0.092051982879639
0.10557389259338
0.099040031433105
0.095619916915894
0.10048794746399
0.11108803749084
0.10696697235107
0.10203504562378
0.097419023513794
0.090458869934082
0.097730159759521
0.099936962127686
0.093103170394897
0.091882944107056
0.095531940460205
0.095424890518188
0.097882986068726
0.099971055984497
0.094491958618164
0.094446897506714
0.1097948551178
0.10056805610657
0.092718124389648
0.089447975158691
0.097273111343384
0.096039056777954
0.099211931228638
0.098464965820312
0.087224960327148
0.091922044754028
0.10457491874695
0.098591089248657
0.097737073898315
0.093274116516113
0.09141993522644
0.094331979751587
0.090872049331665
0.092829942703247
0.10036611557007
0.098302125930786
0.090888023376465
0.096484899520874
0.095970869064331
0.097269058227539
0.11150002479553
0.090672016143799
0.096788883209229
0.097465991973877
0.09982705116272
0.096751928329468
0.10117101669312
0.096058130264282
0.098459005355835
0.10306215286255
0.091876029968262
0.098276138305664
0.096370220184326
0.094367980957031
0.099698066711426
0.10281109809875
0.097414970397949
0.098008155822754
0.10613107681274
0.094747066497803
0.098708868026733
0.096441030502319
0.097797870635986
0.1043529510498
0.2111189365387
0.093231916427612
0.092055082321167
0.10284686088562
0.1033730506897
0.090975046157837
0.090076923370361
0.10227799415588
0.11728310585022
0.10001087188721
0.10116910934448
0.10166907310486
0.090982913970947
0.09621000289917
0.091938018798828
0.0938720703125
0.096487998962402
0.095318078994751
0.09368896484375
0.096987009048462
0.10131311416626
0.11913394927979
0.10429406166077
0.097990989685059
0.096873044967651
0.095705986022949
0.09804892539978
0.10406684875488
0.090832233428955
0.094006061553955
0.093816041946411
0.10373282432556
0.16096687316895
0.096276044845581
0.094725131988525
0.10207390785217
0.092724084854126
0.12000107765198
0.095010995864868
0.093321084976196
0.095524072647095
0.098912954330444
0.093194007873535
0.10961222648621
0.1310830116272
0.1064178943634
0.090530157089233
0.10089683532715
0.090002059936523
0.10479187965393
0.10010194778442
0.099520206451416
0.10224008560181
0.092927932739258
0.095908164978027
0.095595121383667
0.097736835479736
0.098038911819458
0.11039400100708
0.09096097946167
0.089884996414185
0.099823951721191
0.093725919723511
0.093702077865601
0.096206903457642
0.12390184402466
0.096812963485718
0.097718000411987
0.095486879348755
0.095034122467041
0.096953868865967
0.099098920822144
0.10290598869324
0.091318845748901
0.10074090957642
0.10202503204346
0.099380970001221
0.10438513755798
0.1031539440155
0.094272136688232
0.09037709236145
0.10473704338074
0.099113941192627
0.10349011421204
0.08941912651062
0.091727018356323
0.39576101303101
0.10183095932007
0.097024917602539
0.093128204345703
0.096364974975586
0.11799383163452
0.092453956604004
0.095589876174927
0.1145281791687
0.092838048934937
0.10330700874329
0.097814083099365
0.10071802139282
0.096105098724365
0.10322904586792
0.10356092453003
0.10141587257385
0.10126805305481
0.22084999084473
0.09346604347229
0.096305131912231
0.098339080810547
0.095283985137939
0.097113132476807
0.094414949417114
0.098966121673584
0.094214916229248
0.10151791572571
0.098603963851929
0.095790863037109
0.10047221183777
0.095572948455811
0.1173689365387
0.10010981559753
0.095967054367065
0.10550999641418
0.10184407234192
0.096017122268677
0.093330144882202
0.093334197998047
0.092535018920898
0.094668865203857
0.096472024917603
0.098351955413818
0.095314025878906
0.092706918716431
0.10494899749756
0.10023188591003
0.097470045089722
0.10445213317871
0.10033202171326
0.095677852630615
0.09801983833313
0.096472978591919
0.090746164321899
0.093863010406494
0.094420909881592
0.095252990722656
0.093334913253784
0.095967054367065
0.091660022735596
0.10068297386169
0.098772048950195
0.090235948562622
0.096057891845703
0.09092903137207
0.089997053146362
0.097129106521606
0.095230102539062
0.097018957138062
0.097037792205811
0.096951961517334
0.096503973007202
0.10162401199341
0.095828771591187
0.095671892166138
0.09483003616333
0.092362880706787
0.093146085739136
0.090214014053345
0.09494686126709
0.097254991531372
0.10416603088379
0.091516017913818
0.10160303115845
0.10219502449036
0.099264860153198
0.098920822143555
0.095064163208008
0.10791397094727
0.11112499237061
0.1060049533844
0.094764947891235
0.09000301361084
0.10470604896545
0.097729206085205
0.092710018157959
0.097200870513916
0.091877937316895
0.094223022460938
0.092667102813721
0.098259925842285
0.10294890403748
0.10994911193848
0.092449903488159
0.1014838218689
0.092566013336182
0.14822793006897
0.091729879379272
0.099110126495361
0.096872091293335
0.10438179969788
0.10005688667297
0.089676856994629
0.099185943603516
0.095176935195923
0.10123109817505
0.093202829360962
0.10272312164307
0.10498809814453
0.098536014556885
0.093490839004517
0.098826169967651
0.093070030212402
0.096338033676147
0.091399192810059
0.10153889656067
0.10337615013123
0.09601902961731
0.093499898910522
0.096211910247803
0.11119103431702
0.10481405258179
0.10033202171326
0.096307039260864
0.097536087036133
0.097357034683228
0.099706888198853
0.091903924942017
0.10235500335693
0.090215921401978
0.10259604454041
0.095924139022827
0.11028289794922
0.10309410095215
0.098827123641968
0.095553159713745
0.099598169326782
0.094271898269653
0.10352516174316
0.1029748916626
0.098533153533936
0.099081993103027
0.088676929473877
0.12542796134949
0.10437893867493
0.093322038650513
0.09738302230835
0.10371804237366
0.09772515296936
0.091325044631958
0.094153881072998
0.10138297080994
0.1044328212738
0.1015989780426
0.10101389884949
0.099092960357666
0.10236501693726
0.099321842193604
0.09909200668335
0.094000816345215
0.097724914550781
0.10162091255188
0.090100049972534
0.11155700683594
0.090303897857666
0.093225002288818
0.098942041397095
0.10222911834717
0.091581106185913
0.09279990196228
0.094541072845459
0.12093710899353
0.10064601898193
0.094609975814819
0.11165285110474
0.091125965118408
0.091981172561646
0.093637943267822
0.089287996292114
0.091068029403687
0.090034008026123
0.098859786987305
0.09868597984314
0.10896706581116
0.093977928161621
0.09072208404541
0.098947048187256
0.088984966278076
0.11761999130249
0.094543218612671
0.089691877365112
0.087311983108521
0.09644889831543
0.094151973724365
0.092793941497803
0.10039520263672
0.11348485946655
0.089345932006836
0.10105085372925
0.093848943710327
0.094365119934082
0.10292291641235
0.09563684463501
0.09971809387207
0.1051299571991
0.096817970275879
0.092139005661011
0.096311092376709
0.091511011123657
0.095576047897339
0.099319934844971
0.10663795471191
0.093554019927979
0.10138297080994
0.090845108032227
0.10529804229736
0.10179305076599
0.098996162414551
0.096988201141357
0.096559047698975
0.12635803222656
0.099476099014282
0.098484039306641
0.096065044403076
0.095426082611084
0.107990026474
0.093791007995605
0.096881151199341
0.091923952102661
0.092668056488037
0.099093914031982
0.10846400260925
0.093086957931519
0.098399877548218
0.093905925750732
0.090975046157837
0.10650491714478
0.10070705413818
0.10536885261536
0.092248201370239
0.096224069595337
0.094616889953613
0.093123912811279
0.10300993919373
0.092347145080566
0.10344886779785
0.10474610328674
0.10624003410339
0.092483043670654
0.097970008850098
0.0951828956604
0.10085391998291
0.097657918930054
0.093276977539062
0.094242095947266
0.095321893692017
0.097007989883423
0.095190048217773
0.092069864273071
0.091938018798828
0.092293977737427
0.097762107849121
0.10702800750732
0.10943198204041
0.09228515625
0.10265183448792
0.10070490837097
0.089328050613403
0.090071201324463
0.09149694442749
0.094223976135254
0.092067003250122
0.093816041946411
0.097300052642822
0.09007716178894
0.095371961593628
0.098381042480469
0.087078094482422
0.09748387336731
0.10019302368164
0.093993186950684
0.1102819442749
0.093459844589233
0.09583306312561
0.094213962554932
0.09131383895874
0.1000599861145
0.092852830886841
0.098829030990601
0.091745138168335
0.096590042114258
0.090153932571411
0.10185813903809
0.096410036087036
0.09961986541748
0.097394943237305
0.099702119827271
0.098645925521851
0.20013093948364
0.21562099456787
0.093494176864624
0.09660005569458
0.093210935592651
0.10380411148071
0.10363793373108
0.097177982330322
0.10690784454346
0.092380046844482
0.096930980682373
0.10395693778992
0.10062789916992
0.099605083465576
0.1000988483429
0.097529888153076
0.099428176879883
0.096160888671875
0.090072154998779
0.097116947174072
0.091860055923462
0.0956871509552
0.10606789588928
0.089434862136841
0.095244169235229
0.096153974533081
0.099181890487671
0.092956066131592
0.098000049591064
0.090219020843506
0.097349882125854
0.094331026077271
0.092585802078247
0.091610908508301
0.092925071716309
0.094944000244141
0.099113941192627
0.089870929718018
0.094001054763794
0.099138975143433
0.091770172119141
0.091756105422974
0.091010093688965
0.095748901367188
0.10017490386963
0.087361812591553
0.098511934280396
0.10197401046753
0.091787099838257
0.097552061080933
0.091271162033081
0.093686103820801
0.095551013946533
0.093966007232666
0.098917961120605
0.090698957443237
0.091871976852417
0.095172882080078
0.095982074737549
0.09859299659729
0.096696138381958
0.10712599754333
0.094695806503296
0.094142198562622
0.090749025344849
0.098465919494629
0.096353054046631
0.097646951675415
0.10138487815857
0.099085092544556
0.094425201416016
0.096782922744751
0.09459400177002
0.092182159423828
0.10185694694519
0.10668706893921
0.098392963409424
0.10312104225159
0.095471143722534
0.10238790512085
0.097856044769287
0.10344290733337
0.093974828720093
0.09509801864624
0.099064111709595
0.096113920211792
0.096311092376709
0.096345901489258
0.097382068634033
0.096583843231201
0.096853971481323
0.091836929321289
0.096577167510986
0.090208053588867
0.097407102584839
0.090590000152588
0.10697507858276
0.089961051940918
0.091119050979614
0.21000719070435
0.098640918731689
0.10357594490051
0.093542814254761
0.10388112068176
0.093912839889526
0.093338966369629
0.10084915161133
0.090741157531738
0.10063099861145
0.091564178466797
0.091433048248291
0.096786022186279
0.098729848861694
0.097430944442749
0.093039989471436
0.093283891677856
0.096853017807007
0.093015909194946
0.09770393371582
0.098016977310181
0.094750881195068
0.11207389831543
0.10064697265625
0.098769903182983
0.099064826965332
0.10000586509705
0.10733914375305
0.10344696044922
0.095870971679688
0.094856977462769
0.090662002563477
0.097429037094116
0.094653129577637
0.096963167190552
0.097595930099487
0.10000514984131
0.10084080696106
0.11151385307312
0.089703798294067
0.094589948654175
0.088405847549438
0.09129810333252
0.11274003982544
0.097810983657837
0.092010974884033
0.093151092529297
0.099096059799194
0.098356962203979
0.098253011703491
0.099972009658813
0.091701030731201
0.091488122940063
0.10263204574585
0.098613977432251
0.092113018035889
0.09888482093811
0.14452910423279
0.094444036483765
0.093106985092163
0.088779926300049
0.097982883453369
0.096520900726318
0.096006155014038
0.091908931732178
0.099181175231934
0.094930171966553
0.090677976608276
0.10313606262207
0.10154008865356
0.095102071762085
0.096471071243286
0.096554040908813
0.1003999710083
0.098603010177612
0.098087072372437
0.093564987182617
0.10536599159241
0.091549158096313
0.096266031265259
0.095589160919189
0.097120046615601
0.087903022766113
0.089564085006714
0.095826864242554
0.10379409790039
0.10715293884277
0.098544120788574
0.090707063674927
0.12625694274902
0.092149972915649
0.096224784851074
0.089707851409912
0.098322153091431
0.095194101333618
0.098635196685791
0.10284900665283
0.10024881362915
0.10533118247986
0.20352983474731
0.096519947052002
0.094883918762207
0.096946001052856
0.091066122055054
0.11162209510803
0.099540948867798
0.10014295578003
0.093764066696167
0.090767860412598
0.098963975906372
0.10148286819458
0.091248989105225
0.097702980041504
0.099481821060181
0.10622310638428
0.10041904449463
0.096436977386475
0.10250687599182
0.092965841293335
0.092669010162354
0.098832845687866
0.098656892776489
0.09040904045105
0.093141078948975
0.099559783935547
0.10251903533936
0.099207878112793
0.10133004188538
0.10147595405579
0.10732293128967
0.091571807861328
0.094310998916626
0.1023051738739
0.093961954116821
0.10077691078186
0.097831964492798
0.097847938537598
0.10347604751587
0.20975303649902
0.10084080696106
0.10469794273376
0.09234094619751
0.10142683982849
0.090960025787354
0.10334396362305
0.099198818206787
0.10214781761169
0.092133045196533
0.10127091407776
0.09579610824585
0.10193300247192
0.099709033966064
0.092348098754883
0.096820116043091
0.093791961669922
0.094308853149414
0.104905128479
0.092013835906982
0.10623502731323
0.093504905700684
0.096152067184448
0.09456205368042
0.095924139022827
0.10578393936157
0.089714050292969
0.097100973129272
0.10011100769043
0.10770511627197
0.096978902816772
0.091632843017578
0.10060596466064
0.092341899871826
0.099250078201294
0.09834885597229
0.094434976577759
0.091939926147461
0.096234083175659
0.092677116394043
0.099683046340942
0.093583106994629
0.094068050384521
0.09769082069397
0.098841190338135
0.089702844619751
0.092750787734985
0.091869831085205
0.09567403793335
0.1026451587677
0.099262952804565
0.10485911369324
0.10071611404419
0.097844839096069
0.10323810577393
0.09724497795105
0.089555025100708
0.10299396514893
0.088686943054199
0.096037149429321
0.092612981796265
0.10509896278381
0.093339920043945
0.099541187286377
0.091564893722534
0.10769486427307
0.096419095993042
0.1031858921051
0.091101884841919
0.10166096687317
0.098139047622681
0.10737204551697
0.10021495819092
0.10138201713562
0.11100292205811
0.096652030944824
0.10081481933594
0.099514961242676
0.10040712356567
0.11090111732483
0.097718954086304
0.088832139968872
0.09865403175354
0.094180107116699
0.10671019554138
0.090888977050781
0.089493036270142
0.1274299621582
0.093770027160645
0.095276117324829
0.098360061645508
0.096359968185425
0.10768699645996
0.09099006652832
0.10290503501892
0.1067168712616
0.097790002822876
0.096656084060669
0.097118854522705
0.096697092056274
0.09478497505188
0.10144114494324
0.095307111740112
0.093349933624268
0.093290090560913
0.092482089996338
0.099025964736938
0.10178804397583
0.098796129226685
0.10332798957825
0.10331106185913
0.10831999778748
0.089612007141113
0.10555386543274
0.092077016830444
0.097086906433105
0.098875045776367
0.096158981323242
0.10259509086609
0.09076189994812
0.10135102272034
0.094027042388916
0.095707893371582
0.093923091888428
0.10167193412781
0.091477155685425
0.090458869934082
0.09285306930542
0.088483095169067
0.094415903091431
0.098122119903564
0.090957164764404
0.10173511505127
0.08937406539917
0.10307598114014
0.092054128646851
0.39540600776672
0.093571901321411
0.094834089279175
0.095384836196899
0.097814083099365
0.095299959182739
0.096503019332886
0.092623949050903
0.093549013137817
0.094344854354858
0.095623016357422
0.096369981765747
0.096590042114258
0.10316395759583
0.093354940414429
0.12204694747925
0.098574876785278
0.096151113510132
0.10054993629456
0.097450971603394
0.094845056533813
0.10167598724365
0.098950147628784
0.099481821060181
0.098093032836914
0.1056821346283
0.09642505645752
0.096621036529541
0.097480058670044
0.092994928359985
0.1116578578949
0.099897861480713
0.098489999771118
0.093110084533691
0.095062971115112
0.092849969863892
0.099575996398926
0.090636014938354
0.092132806777954
0.092783212661743
0.095557928085327
0.10110688209534
0.10167002677917
0.096297025680542
0.092549085617065
0.14264988899231
0.097548007965088
0.10281109809875
0.1017210483551
0.12267899513245
0.091897010803223
0.095547914505005
0.10100793838501
0.097012996673584
0.096144914627075
0.10345983505249
0.10498094558716
0.093194961547852
0.10606002807617
0.10032987594604
0.093220949172974
0.10163688659668
0.097100973129272
0.098244905471802
0.10157084465027
0.097494840621948
0.097331047058105
0.095134973526001
0.10523295402527
0.093191146850586
0.098795175552368
0.096656084060669
0.090590000152588
0.10016918182373
0.10324907302856
0.09741997718811
0.097688913345337
0.098037958145142
0.10106492042542
0.092983961105347
0.10259103775024
0.089386940002441
0.10096001625061
0.10486507415771
0.096174001693726
0.093123912811279
0.098394870758057
0.094625949859619
0.099961042404175
0.10323095321655
0.100172996521
0.094473123550415
0.098205089569092
0.1010410785675
0.098825931549072
0.095494985580444
0.10479617118835
0.098973989486694
0.091248035430908
0.099523067474365
0.093236923217773
0.099219799041748
0.095616102218628
0.10263609886169
0.10315585136414
0.090733051300049
0.091890096664429
0.095761775970459
0.093668937683105
0.10372591018677
0.096869945526123
0.096429109573364
0.0936119556427
0.093424081802368
0.09239387512207
0.088951110839844
0.10397505760193
0.1026930809021
0.098562002182007
0.1024911403656
0.099730968475342
0.09365701675415
0.10430002212524
0.097903966903687
0.11849403381348
0.096161127090454
0.092184066772461
0.09644603729248
0.091061115264893
0.0920569896698
0.09137487411499
0.10472917556763
0.10123109817505
0.10868692398071
0.09270191192627
0.096460819244385
0.09465503692627
0.10076212882996
0.10018014907837
0.1043689250946
0.095834016799927
0.093338012695312
0.093852996826172
0.10618114471436
0.10556507110596
0.094557046890259
0.091387033462524
0.107097864151
0.098607063293457
0.088911056518555
0.10080695152283
0.090106964111328
0.10177493095398
0.10350298881531
0.095402002334595
0.10891699790955
0.094174861907959
0.095287084579468
0.093639850616455
0.10476112365723
0.097465991973877
0.098449230194092
0.098366022109985
0.098260879516602
0.09165096282959
0.10223889350891
0.10085797309875
0.10807204246521
0.092583894729614
0.099755048751831
0.093671083450317
0.096500873565674
0.095242977142334
0.094426870346069
0.09052586555481
0.20621204376221
0.094392061233521
0.094370126724243
0.094500064849854
0.095480918884277
0.10362386703491
0.090724945068359
0.10175800323486
0.10157299041748
0.091831922531128
0.10102701187134
0.095844984054565
0.095054149627686
0.099284887313843
0.096995115280151
0.1066529750824
0.096819877624512
0.1002459526062
0.10116386413574
0.099302053451538
0.10503482818604
0.098854064941406
0.099272012710571
0.10197591781616
0.099239110946655
0.095304012298584
0.10778713226318
0.09407901763916
0.093981981277466
0.098537921905518
0.099932909011841
0.099277019500732
0.10761785507202
0.10032796859741
0.10409808158875
0.098771810531616
0.094818830490112
0.093307971954346
0.095768928527832
0.098722219467163
0.091238021850586
0.096872091293335
0.091629028320312
0.10044002532959
0.11651682853699
0.090667963027954
0.095417976379395
0.095854043960571
0.10222387313843
0.1000030040741
0.095392942428589
0.092558145523071
0.097471952438354
0.097769975662231
0.095139026641846
0.11514091491699
0.094931840896606
0.089797019958496
0.10000395774841
0.093919038772583
0.10090613365173
0.10714912414551
0.10133790969849
0.097172021865845
0.099906206130981
0.098875045776367
0.099540948867798
0.094944953918457
0.093601942062378
0.10611796379089
0.093291044235229
0.10441899299622
0.096349000930786
0.092840909957886
0.10489106178284
0.10067200660706
0.10115790367126
0.096770048141479
0.097558975219727
0.10016703605652
0.092622995376587
0.10058188438416
0.10277891159058
0.099042892456055
0.095059871673584
0.099067211151123
0.10562205314636
0.09239387512207
0.10902214050293
0.094928026199341
0.10094118118286
0.10259294509888
0.095672130584717
0.10135507583618
0.098422050476074
0.095005035400391
0.095493793487549
0.10891199111938
0.091632127761841
0.11126494407654
0.10201001167297
0.11474418640137
0.096831083297729
0.10714101791382
0.14366698265076
0.10064291954041
0.11938309669495
0.098796129226685
0.0953369140625
0.092360019683838
0.10017704963684
0.10140204429626
0.09321117401123
0.093847990036011
0.10462403297424
0.091932058334351
0.097400903701782
0.095552921295166
0.096346855163574
0.093411922454834
0.1062479019165
0.094163179397583
0.094990015029907
0.099601030349731
0.10360503196716
0.09895396232605
0.096369981765747
0.098829984664917
0.12762188911438
0.095321893692017
0.094954967498779
0.092530012130737
0.095927000045776
0.10286211967468
0.097777843475342
0.098126888275146
0.10760307312012
0.093861818313599
0.10031199455261
0.092252969741821
0.096145153045654
0.097337961196899
0.10713291168213
0.096593141555786
0.09114408493042
0.1037871837616
0.10133194923401
0.10349702835083
0.094638109207153
0.1007559299469
0.099893093109131
0.09512996673584
0.10700511932373
0.10454511642456
0.093023061752319
0.091432094573975
0.1029360294342
0.10075092315674
0.091722011566162
0.14294505119324
0.1041100025177
0.096047878265381
0.1084771156311
0.10026216506958
0.10016298294067
0.099413871765137
0.094255924224854
0.10265398025513
0.097230911254883
0.095905065536499
0.10407209396362
0.091595888137817
0.10114884376526
0.095940113067627
0.092900037765503
0.10021591186523
0.09843111038208
0.091861009597778
0.10090804100037
0.10360097885132
0.094774007797241
0.089760780334473
0.088141918182373
0.09384298324585
0.095544815063477
0.10186505317688
0.10419416427612
0.099065065383911
0.10150790214539
0.094917058944702
0.10620093345642
0.10182809829712
0.093636035919189
0.10349798202515
0.09443211555481
0.10054779052734
0.091590881347656
0.093260049819946
0.1007878780365
0.099615812301636
0.10179495811462
0.093559980392456
0.10492277145386
0.092997074127197
0.098871946334839
0.10020184516907
0.097951173782349
0.088418960571289
0.096749067306519
0.098226070404053
0.10404992103577
0.09669303894043
0.093080043792725
0.10648012161255
0.10014200210571
0.1034460067749
0.093264102935791
0.093162059783936
0.097254991531372
0.1161949634552
0.11335420608521
0.089092016220093
0.095866203308105
0.097675085067749
0.10004687309265
0.089468002319336
0.095152854919434
0.09097695350647
0.10213303565979
0.11159801483154
0.095402002334595
0.10027503967285
0.095292091369629
0.090345144271851
0.099009990692139
0.094367980957031
0.09661602973938
0.11261796951294
0.094043970108032
0.09778904914856
0.096642971038818
0.093983173370361
0.10243892669678
0.10247707366943
0.10221815109253
0.10713982582092
0.092839002609253
0.095103979110718
0.16009998321533
0.098229885101318
0.10134100914001
0.096883058547974
0.096760988235474
0.097697973251343
0.099402189254761
0.088235855102539
0.098840951919556
0.093111038208008
0.11213111877441
0.093022108078003
0.10329008102417
0.097860813140869
0.096034049987793
0.090583086013794
0.10090708732605
0.10308694839478
0.097826957702637
0.10192108154297
0.093024015426636
0.10124802589417
0.091572046279907
0.096518039703369
0.10030388832092
0.097341060638428
0.094912052154541
0.093431949615479
0.10495090484619
0.1031539440155
0.10178804397583
0.094549894332886
0.092681169509888
0.091292142868042
0.092211008071899
0.11060404777527
0.1050112247467
0.092760801315308
0.095428943634033
0.11387991905212
0.10131597518921
0.091099977493286
0.092724084854126
0.099061965942383
0.098400115966797
0.13186883926392
0.096091985702515
0.1018431186676
0.098256826400757
0.099554061889648
0.098039150238037
0.10040998458862
0.10301399230957
0.099992036819458
0.091730117797852
0.098587989807129
0.093212127685547
0.094464063644409
0.091581106185913
0.091460943222046
0.10210204124451
0.09050989151001
0.10073590278625
0.10223817825317
0.10179996490479
0.10239887237549
0.095927000045776
0.098159790039062
0.091691970825195
0.094844102859497
0.092816829681396
0.090168952941895
0.10769987106323
0.10058808326721
0.096072912216187
0.098045110702515
0.093190908432007
0.091424226760864
0.10862517356873
0.094331979751587
0.098582029342651
0.10802006721497
0.10074901580811
0.099264860153198
0.091454029083252
0.093580007553101
0.094640970230103
0.099082946777344
0.095514059066772
0.10054588317871
0.094795942306519
0.11352014541626
0.095256805419922
0.090229988098145
0.10033702850342
0.096827030181885
0.094483137130737
0.093891859054565
0.10356211662292
0.092633008956909
0.090814113616943
0.090810060501099
0.09748101234436
0.10082316398621
0.099143028259277
0.092813968658447
0.099516868591309
0.1005859375
0.092772006988525
0.10716009140015
0.091536998748779
0.099364995956421
0.097080945968628
0.092381000518799
0.09372615814209
0.096035003662109
0.10755610466003
0.10282301902771
0.093014001846313
0.1153130531311
0.091327905654907
0.099308013916016
0.092262983322144
0.090351104736328
0.096846103668213
0.093308925628662
0.10195994377136
0.094712972640991
0.10093212127686
0.10941195487976
0.10960507392883
0.090581893920898
0.097620010375977
0.095986127853394
0.096558094024658
0.092968940734863
0.099583148956299
0.097814083099365
0.10567688941956
0.10207390785217
0.099869012832642
0.094644069671631
0.10535287857056
0.097604036331177
0.093692064285278
0.093199968338013
0.099410057067871
0.09532904624939
0.091195106506348
0.097040891647339
0.096612930297852
0.10357308387756
0.1018660068512
0.099940061569214
0.10167598724365
0.10822796821594
0.092808961868286
0.093668937683105
0.10221910476685
0.092982053756714
0.093562126159668
0.091583013534546
0.095019102096558
0.10093092918396
0.093010902404785
0.091471195220947
0.096779108047485
0.091516971588135
0.091676950454712
0.09731388092041
0.1054961681366
0.098692893981934
0.093353033065796
0.091426134109497
0.093036890029907
0.10831189155579
0.097203969955444
0.39911603927612
0.10099101066589
0.095345020294189
0.091181039810181
0.098742008209229
0.1533100605011
0.09094500541687
0.097543954849243
0.10021591186523
0.095649003982544
0.094417095184326
0.10751509666443
0.09815788269043
0.089334011077881
0.10119390487671
0.089482069015503
0.098806858062744
0.10731291770935
0.096422910690308
0.10359501838684
0.095444917678833
0.11240792274475
0.090292930603027
0.10622596740723
0.10062289237976
0.093295097351074
0.10164785385132
0.096712112426758
0.10688209533691
0.091255903244019
0.093791961669922
0.10769414901733
0.097620010375977
0.092824935913086
0.097450017929077
0.11035180091858
0.10117697715759
0.098284006118774
0.09552001953125
0.10155200958252
0.085181951522827
0.097806930541992
0.090492963790894
0.091023921966553
0.091285943984985
0.1105170249939
0.092104196548462
0.094443798065186
0.10459685325623
0.10141897201538
0.088973999023438
0.099507808685303
0.093504905700684
0.092628002166748
0.095494031906128
0.096261024475098
0.091317892074585
0.094115018844604
0.096948862075806
0.094112157821655
0.095137119293213
0.095348119735718
0.095606088638306
0.10228705406189
0.0902099609375
0.097784996032715
0.10276412963867
0.091439008712769
0.097258806228638
0.095364093780518
0.091876983642578
0.095493078231812
0.092666149139404
0.093470811843872
0.092914819717407
0.092104196548462
0.097458839416504
0.10267996788025
0.092883110046387
0.091264009475708
0.10215997695923
0.099344968795776
0.096662998199463
0.10747480392456
0.10005807876587
0.092376947402954
0.10123896598816
0.10503005981445
0.090780019760132
0.090644121170044
0.095713138580322
0.095139980316162
0.098977088928223
0.1037609577179
0.096816062927246
0.094188928604126
0.09418797492981
0.095385074615479
0.098007917404175
0.09253716468811
0.10113406181335
0.10097980499268
0.10213208198547
0.11549401283264
0.089783906936646
0.097209930419922
0.092712163925171
0.093734979629517
0.099066972732544
0.097754001617432
0.10447597503662
0.098803997039795
0.10138607025146
0.094456911087036
0.097086906433105
0.089748859405518
0.11503100395203
0.098662853240967
0.094727993011475
0.089327096939087
0.093656778335571
0.094295978546143
0.10158205032349
0.11230111122131
0.097495794296265
0.10671710968018
0.098887920379639
0.10459089279175
0.10349202156067
0.095242977142334
0.093569040298462
0.09161901473999
0.096872091293335
0.097065925598145
0.096501111984253
0.21846604347229
0.10036396980286
0.092716932296753
0.093838930130005
0.095263004302979
0.09920597076416
0.095556020736694
0.091186046600342
0.09077787399292
0.098143100738525
0.099443912506104
0.091674089431763
0.090389013290405
0.091957807540894
0.092634201049805
0.09682297706604
0.095998048782349
0.093344926834106
0.1002790927887
0.096532821655273
0.10258197784424
0.1009521484375
0.09358811378479
0.10944700241089
0.088788032531738
0.09806489944458
0.09929895401001
0.099578142166138
0.09631609916687
0.095240831375122
0.097701787948608
0.095733880996704
0.099185943603516
0.098345994949341
0.11740112304688
0.096313953399658
0.10023403167725
0.098614931106567
0.10653305053711
0.098932981491089
0.10080003738403
0.095389842987061
0.093995094299316
0.093737125396729
0.094717025756836
0.090306043624878
0.093352079391479
0.1109631061554
0.10038995742798
0.095566987991333
0.10216593742371
0.10518503189087
0.11140489578247
0.089898109436035
0.097443103790283
0.10635089874268
0.097804069519043
0.094105005264282
0.1027238368988
0.099086046218872
0.09412407875061
0.098848104476929
0.092523097991943
0.094989061355591
0.097118854522705
0.10968208312988
0.092611074447632
0.096958160400391
0.1002881526947
0.11232876777649
0.097760915756226
0.095045804977417
0.0989830493927
0.09185004234314
0.093094110488892
0.097381830215454
0.092074155807495
0.099414825439453
0.095064878463745
0.092040061950684
0.088906049728394
0.096820116043091
0.098505973815918
0.10492086410522
0.10086798667908
0.093374013900757
0.10073304176331
0.096511125564575
0.10001397132874
0.10142111778259
0.095947980880737
0.098114013671875
0.090627908706665
0.093915939331055
0.11399483680725
0.10436010360718
0.088804006576538
0.095094203948975
0.09141206741333
0.093393087387085
0.091286897659302
0.088931083679199
0.09319019317627
0.10431408882141
0.097715854644775
0.10893583297729
0.098246097564697
0.093707799911499
0.09348201751709
0.09800386428833
0.093686103820801
0.10007786750793
0.087813854217529
0.097892045974731
0.096512079238892
0.098682880401611
0.09552001953125
0.095289945602417
0.097925901412964
0.092303991317749
0.090539932250977
0.091722965240479
0.098556041717529
0.094053983688354
0.097394943237305
0.099172830581665
0.10577797889709
0.092841863632202
0.095649003982544
0.099982023239136
0.092329025268555
0.091665983200073
0.10133194923401
0.090991973876953
0.094599008560181
0.098468065261841
0.11330008506775
0.10625290870667
0.10294699668884
0.097537040710449
0.093472957611084
0.09259819984436
0.092482089996338
0.090897083282471
0.098484992980957
0.09295392036438
0.099524974822998
0.098751068115234
0.1066620349884
0.10051488876343
0.1006178855896
0.10115194320679
0.39428806304932
0.095203161239624
0.093190908432007
0.12220907211304
0.092233896255493
0.094238042831421
0.09539008140564
0.10116600990295
0.10874700546265
0.098485946655273
0.39831209182739
0.095706939697266
0.099975109100342
0.10710310935974
0.097019195556641
0.099079132080078
0.10497307777405
0.09394907951355
0.10585689544678
0.11171412467957
0.091367959976196
0.10203909873962
0.10473108291626
0.095098972320557
0.10438895225525
0.095949172973633
0.22163200378418
0.10132598876953
0.094671010971069
0.09821891784668
0.096040964126587
0.09521484375
0.094278812408447
0.099118947982788
0.094345092773438
0.098847150802612
0.092149019241333
0.0968918800354
0.090023994445801
0.10152506828308
0.096185922622681
0.09456992149353
0.089756965637207
0.091087102890015
0.097337007522583
0.093997955322266
0.10181999206543
0.11995005607605
0.093789100646973
0.101322889328
0.10000610351562
0.10324215888977
0.10321998596191
0.091214179992676
0.093921184539795
0.14121508598328
0.099158048629761
0.098645925521851
0.099468946456909
0.10070514678955
0.092671155929565
0.090817928314209
0.10097599029541
0.098387956619263
0.096233129501343
0.090694904327393
0.092833042144775
0.092803001403809
0.097498893737793
0.099592924118042
0.092700004577637
0.094523191452026
0.10212278366089
0.09542989730835
0.093109846115112
0.10268998146057
0.090097188949585
0.092196941375732
0.09686803817749
0.093975067138672
0.096145153045654
0.11205291748047
0.098069906234741
0.10235214233398
0.10095310211182
0.09447979927063
0.090489864349365
0.093451976776123
0.090545892715454
0.10195899009705
0.096862077713013
0.092558860778809
0.098649024963379
0.099448919296265
0.10320901870728
0.095015048980713
0.093626976013184
0.20913195610046
0.10338997840881
0.10099387168884
0.098066091537476
0.097784042358398
0.095644950866699
0.095442056655884
0.0934739112854
0.10055613517761
0.096061944961548
0.09112286567688
0.090106010437012
0.10170984268188
0.089972972869873
0.093103170394897
0.098100900650024
0.14252495765686
0.095695018768311
0.10192012786865
0.089429140090942
0.10118198394775
0.090152025222778
0.093474149703979
0.10961008071899
0.089847087860107
0.099713087081909
0.098496913909912
0.095093011856079
0.09320592880249
0.098297119140625
0.096118927001953
0.10221099853516
0.090668916702271
0.088983058929443
0.095700979232788
0.099585056304932
0.095277070999146
0.093117952346802
0.091063976287842
0.097420930862427
0.09728479385376
0.087907075881958
0.14339995384216
0.10576915740967
0.096460819244385
0.096305847167969
0.092858076095581
0.1087818145752
0.093552827835083
0.096405029296875
0.090095996856689
0.10344195365906
0.10079383850098
0.09253191947937
0.096335172653198
0.10166192054749
0.098190069198608
0.10261106491089
0.10020589828491
0.089596033096313
0.098478078842163
0.094277858734131
0.098813056945801
0.10758090019226
0.095324993133545
0.090914011001587
0.093676805496216
0.097404003143311
0.10171699523926
0.09140682220459
0.099031925201416
0.096849918365479
0.098742961883545
0.097047090530396
0.092355966567993
0.097649812698364
0.09368896484375
0.088910818099976
0.1029679775238
0.10392189025879
0.094312906265259
0.098809957504272
0.10450387001038
0.10588383674622
0.12406086921692
0.091537952423096
0.098753929138184
0.10059189796448
0.11177587509155
0.10075092315674
0.092273950576782
0.088433027267456
0.11990690231323
0.10018706321716
0.10314297676086
0.095072984695435
0.10479807853699
0.09580397605896
0.096235036849976
0.097081899642944
0.092098236083984
0.091064929962158
0.10792016983032
0.091464042663574
0.096664905548096
0.097215890884399
0.09421706199646
0.10130095481873
0.10305690765381
0.10467481613159
0.10253691673279
0.092445850372314
0.10750603675842
0.10531616210938
0.092538118362427
0.096234083175659
0.094655990600586
0.096801042556763
0.10225105285645
0.098384857177734
0.10188102722168
0.097508907318115
0.10153794288635
0.094652891159058
0.096199989318848
0.096757173538208
0.094983100891113
0.094243049621582
0.089262962341309
0.097078084945679
0.090924978256226
0.10363793373108
0.096927881240845
0.099954843521118
0.095087051391602
0.088954925537109
0.10441303253174
0.094101905822754
0.090338945388794
0.09857702255249
0.1521201133728
0.095170974731445
0.10731101036072
0.098308086395264
0.094570875167847
0.096749067306519
0.095981121063232
0.094434022903442
0.09843897819519
0.092968940734863
0.093280076980591
0.097407817840576
0.10233783721924
0.10668897628784
0.10052180290222
0.10192918777466
0.10364198684692
0.10306096076965
0.10044097900391
0.10262203216553
0.095862150192261
0.097918033599854
0.095870018005371
0.092940092086792
0.097286939620972
0.097398042678833
0.091979026794434
0.1036810874939
0.10629510879517
0.099258184432983
0.093124151229858
0.09266996383667
0.095664978027344
0.098841905593872
0.097731113433838
0.098549842834473
0.10955810546875
0.13295793533325
0.091015100479126
0.093439102172852
0.097898960113525
0.088361024856567
0.10223817825317
0.097449064254761
0.12023305892944
0.094598054885864
0.099390029907227
0.088846921920776
0.094184875488281
0.096636772155762
0.096091985702515
0.092614889144897
0.10985684394836
0.10482382774353
0.10314798355103
0.098591089248657
0.092986106872559
0.090009927749634
0.095131874084473
0.09748101234436
0.091907024383545
0.095701932907104
0.091665983200073
0.099560022354126
0.11195611953735
0.10226702690125
0.1025857925415
0.097947835922241
0.099374055862427
0.095438003540039
0.10426497459412
0.10058784484863
0.10308599472046
0.096940994262695
0.097754001617432
0.094771862030029
0.094944953918457
0.09211802482605
0.11477088928223
0.094177961349487
0.089394807815552
0.10406899452209
0.23006081581116
0.095067977905273
0.091591835021973
0.10609221458435
0.10053515434265
0.092132091522217
0.099723100662231
0.1000280380249
0.09507417678833
0.090095996856689
0.10098195075989
0.094034194946289
0.095011234283447
0.14423990249634
0.095436096191406
0.091766834259033
0.096199989318848
0.098651170730591
0.09808611869812
0.092739820480347
0.091356992721558
0.098284959793091
0.10313510894775
0.098165988922119
0.096298933029175
0.096122026443481
0.091462135314941
0.093941926956177
0.0955810546875
0.093217134475708
0.099204063415527
0.092337846755981
0.094401121139526
0.16283011436462
0.093701839447021
0.097748994827271
0.092638969421387
0.10051321983337
0.090954065322876
0.10142779350281
0.097330093383789
0.098854064941406
0.10497999191284
0.093123197555542
0.097443819046021
0.10233998298645
0.1054220199585
0.09362006187439
0.095242023468018
0.095903873443604
0.091020107269287
0.09418797492981
0.090404987335205
0.099997043609619
0.09233283996582
0.094185829162598
0.098468065261841
0.10421705245972
0.089893102645874
0.09642481803894
0.092038154602051
0.090395927429199
0.10683417320251
0.091659069061279
0.096951007843018
0.10949301719666
0.09942102432251
0.10349297523499
0.099575042724609
0.092218160629272
0.094901084899902
0.092985153198242
0.099793910980225
0.094603061676025
0.10672187805176
0.10552191734314
0.094499111175537
0.10525298118591
0.094624996185303
0.097775936126709
0.10082411766052
0.093797922134399
0.092725992202759
0.10278415679932
0.097340106964111
0.092404842376709
0.10009980201721
0.1000189781189
0.092617988586426
0.10337495803833
0.094920873641968
0.090737104415894
0.096143007278442
0.093928098678589
0.097543001174927
0.090245962142944
0.11521315574646
0.097732067108154
0.092828989028931
0.10132098197937
0.089797973632812
0.096312999725342
0.11035990715027
0.105229139328
0.10638189315796
0.097284078598022
0.094408988952637
0.092771053314209
0.094717979431152
0.09001612663269
0.09173583984375
0.099801063537598
0.095892906188965
0.090275049209595
0.13152694702148
0.098344087600708
0.093574047088623
0.092164039611816
0.10025906562805
0.092669010162354
0.092657089233398
0.090536117553711
0.092675924301147
0.098855018615723
0.10409903526306
0.097054958343506
0.098704099655151
0.092339038848877
0.091431140899658
0.11360788345337
0.099171876907349
0.094197988510132
0.092737913131714
0.096521854400635
0.09265398979187
0.097266912460327
0.093663930892944
0.11575102806091
0.097388029098511
0.094815015792847
0.098912954330444
0.095504999160767
0.097815036773682
0.10024499893188
0.094500064849854
0.10232090950012
0.10322594642639
0.10246086120605
0.10099196434021
0.098556995391846
0.10358309745789
0.1018750667572
0.10221695899963
0.099480867385864
0.1019880771637
0.090058088302612
0.099357128143311
0.10272598266602
0.09755802154541
0.09123706817627
0.093487977981567
0.099764823913574
0.090419054031372
0.088799953460693
0.094288110733032
0.092890977859497
0.098942995071411
0.094474077224731
0.11162304878235
0.097546815872192
0.10635995864868
0.097037076950073
0.097927808761597
0.10788893699646
0.099069833755493
0.099901914596558
0.088160991668701
0.10344791412354
0.090668916702271
0.095160007476807
0.087456941604614
0.091842174530029
0.091181993484497
0.1020450592041
0.10184597969055
0.091140985488892
0.0954909324646
0.090959787368774
0.089925050735474
0.098631858825684
0.088907957077026
0.096992015838623
0.09097695350647
0.089794874191284
0.10439205169678
0.09116005897522
0.096323013305664
0.10057401657104
0.10367918014526
0.10077404975891
0.10395812988281
0.10075616836548
0.099423170089722
0.10131597518921
0.094122886657715
0.094291925430298
0.099425077438354
0.092013120651245
0.099128007888794
0.088850021362305
0.09135913848877
0.092767000198364
0.09770393371582
0.094911813735962
0.10029315948486
0.095665216445923
0.097102165222168
0.091284036636353
0.10095691680908
0.096306800842285
0.10411310195923
0.098607063293457
0.10136699676514
0.097095012664795
0.097363948822021
0.10107779502869
0.089585065841675
0.093698978424072
0.10242915153503
0.10116100311279
0.097493886947632
0.095387935638428
0.10482406616211
0.093086004257202
0.094130992889404
0.096601963043213
0.10161685943604
0.092830896377563
0.10043406486511
0.099234104156494
0.10300803184509
0.095674991607666
0.090297937393188
0.09682297706604
0.097085952758789
0.12723803520203
0.10027194023132
0.10567808151245
0.093492984771729
0.10108089447021
0.094660043716431
0.097128868103027
0.109050989151
0.09177303314209
0.093277215957642
0.1003680229187
0.097272157669067
0.090594053268433
0.094098091125488
0.14600396156311
0.097376108169556
0.10625910758972
0.10558915138245
0.1136040687561
0.1019229888916
0.09918999671936
0.092463970184326
0.092757940292358
0.099133968353271
0.090904951095581
0.090569019317627
0.098231077194214
0.093636989593506
0.090235948562622
0.091904878616333
0.088712930679321
0.089409828186035
0.10098600387573
0.096606016159058
0.097196817398071
0.089838027954102
0.097816944122314
0.093870878219604
0.095990896224976
0.097407817840576
0.09363579750061
0.10518479347229
0.10231900215149
0.089226007461548
0.088238954544067
0.10209798812866
0.10014414787292
0.093265056610107
0.096657037734985
0.10626006126404
0.096884965896606
0.092803955078125
0.095674991607666
0.10249996185303
0.11001706123352
0.098455905914307
0.10421299934387
0.10531401634216
0.094953060150146
0.10217690467834
0.092317819595337
0.10827803611755
0.089110851287842
0.10292816162109
0.090663909912109
0.10142588615417
0.1043119430542
0.094742059707642
0.091009140014648
0.095453977584839
0.096374034881592
0.096369981765747
0.10306882858276
0.094850063323975
0.094266891479492
0.088638067245483
0.089924097061157
0.099658966064453
0.09892201423645
0.11001896858215
0.10281705856323
0.10570001602173
0.098056077957153
0.10212016105652
0.10956001281738
0.096168994903564
0.11523008346558
0.10531687736511
0.097217082977295
0.096612930297852
0.09337306022644
0.10723686218262
0.10186791419983
0.22860789299011
0.10221791267395
0.092751979827881
0.092959880828857
0.099637985229492
0.094882011413574
0.092978000640869
0.099483966827393
0.098622798919678
0.10147285461426
0.10315179824829
0.0935959815979
0.093651056289673
0.09757399559021
0.093364000320435
0.098767995834351
0.099222898483276
0.1084201335907
0.10101509094238
0.10041689872742
0.10209012031555
0.091552972793579
0.1236720085144
0.10576915740967
0.10649585723877
0.093897104263306
0.12974309921265
0.098958969116211
0.10467886924744
0.090505123138428
0.092821836471558
0.093453884124756
0.092965126037598
0.09182596206665
0.092504978179932
0.10301804542542
0.090776920318604
0.1160089969635
0.096565008163452
0.091709852218628
0.095289945602417
0.10247993469238
0.096015930175781
0.096001148223877
0.10730195045471
0.09844183921814
0.10382413864136
0.097862005233765
0.097214937210083
0.10110592842102
0.10288906097412
0.091511011123657
0.098292827606201
0.10273599624634
0.099464178085327
0.098584175109863
0.093804121017456
0.089202880859375
0.1029851436615
0.10279202461243
0.11715412139893
0.091993093490601
0.096009969711304
0.088763952255249
0.093615055084229
0.097867965698242
0.097771167755127
0.098757982254028
0.098198890686035
0.094484090805054
0.090260028839111
0.14944100379944
0.10626006126404
0.097073078155518
0.10205316543579
0.099755048751831
0.10506200790405
0.31498503684998
0.10153913497925
0.089200019836426
0.097975969314575
0.095586776733398
0.094916105270386
0.39567995071411
0.098298072814941
0.093200206756592
0.095567941665649
0.097110986709595
0.094521999359131
0.091515064239502
0.09968900680542
0.092623949050903
0.10736012458801
0.10472416877747
0.092331886291504
0.094292163848877
0.10308790206909
0.11327695846558
0.095511913299561
0.09083080291748
0.098122119903564
0.089462995529175
0.1143491268158
0.097104787826538
0.099477052688599
0.097320795059204
0.096771955490112
0.097454071044922
0.090517044067383
0.093403816223145
0.093168973922729
0.10412287712097
0.094833135604858
0.092877864837646
0.099518060684204
0.097487926483154
0.10115003585815
0.096560001373291
0.098361968994141
0.089762926101685
0.10453796386719
0.093142986297607
0.093784093856812
0.09500789642334
0.096534967422485
0.096050024032593
0.09571385383606
0.091121196746826
0.091838121414185
0.099702835083008
0.104336977005
0.09931206703186
0.091593980789185
0.091531038284302
0.099968910217285
0.10294008255005
0.10196018218994
0.10456514358521
0.09998893737793
0.097854137420654
0.097908973693848
0.10349082946777
0.09650993347168
0.099255084991455
0.094963788986206
0.098057985305786
0.10944104194641
0.10302400588989
0.11465096473694
0.098451852798462
0.097671985626221
0.12351393699646
0.10348391532898
0.099507093429565
0.095973014831543
0.10313296318054
0.096511125564575
0.089653968811035
0.093983888626099
0.10678601264954
0.093876123428345
0.092707872390747
0.092664957046509
0.097953081130981
0.093209981918335
0.10145092010498
0.096211910247803
0.09366512298584
0.093060970306396
0.092862129211426
0.15362310409546
0.10355520248413
0.093654155731201
0.095522880554199
0.10561084747314
0.10172986984253
0.094511032104492
0.095116138458252
0.098130941390991
0.092702150344849
0.094782829284668
0.094112873077393
0.092823028564453
0.10343909263611
0.097675085067749
0.095547914505005
0.089473009109497
0.097120046615601
0.10076594352722
0.099957942962646
0.10058617591858
0.094725131988525
0.098040103912354
0.090839862823486
0.099707841873169
0.098091125488281
0.10123300552368
0.094316959381104
0.10679292678833
0.10370492935181
0.097863912582397
0.094068050384521
0.092433214187622
0.095342874526978
0.087750911712646
0.097311019897461
0.098803043365479
0.089647054672241
0.10067319869995
0.10870099067688
0.092693090438843
0.090823173522949
0.095221042633057
0.099327087402344
0.093400955200195
0.09215784072876
0.090774059295654
0.098713874816895
0.097131013870239
0.10162997245789
0.09180212020874
0.11363101005554
0.091493129730225
0.10020589828491
0.094817876815796
0.092962980270386
0.10025191307068
0.09686803817749
0.09827184677124
0.10612487792969
0.098258018493652
0.09986400604248
0.095721960067749
0.11129784584045
0.098719835281372
0.097995042800903
0.093846082687378
0.094556093215942
0.09809684753418
0.093511819839478
0.1075599193573
0.10404300689697
0.10309481620789
0.092704057693481
0.096992015838623
0.11259889602661
0.10724592208862
0.098748207092285
0.098814010620117
0.094836950302124
0.091665983200073
0.092437982559204
0.091663837432861
0.098534822463989
0.097366094589233
0.10314416885376
0.093225955963135
0.091034889221191
0.10410308837891
0.10011696815491
0.091670036315918
0.090879201889038
0.092900037765503
0.096398115158081
0.096119165420532
0.097090005874634
0.092935085296631
0.099461078643799
0.093323945999146
0.097269058227539
0.10029411315918
0.090635061264038
0.092931985855103
0.10043692588806
0.094285011291504
0.097090005874634
0.10010695457458
0.098269939422607
0.09153413772583
0.093225955963135
0.093250036239624
0.095327138900757
0.09834885597229
0.095255136489868
0.09958291053772
0.096467971801758
0.09821605682373
0.088680982589722
0.092406988143921
0.098939180374146
0.19965314865112
0.10610103607178
0.092267036437988
0.098662137985229
0.13747000694275
0.094310998916626
0.096873998641968
0.088848829269409
0.095780849456787
0.10210990905762
0.090183973312378
0.098600149154663
0.096415996551514
0.090965986251831
0.10253596305847
0.099068164825439
0.089334964752197
0.096054077148438
0.099597930908203
0.098475933074951
0.10496115684509
0.099001169204712
0.10989499092102
0.10111999511719
0.094125986099243
0.095832109451294
0.093575954437256
0.099952936172485
0.091361045837402
0.10210394859314
0.091178894042969
0.090781927108765
0.096368074417114
0.10864686965942
0.11987113952637
0.092341184616089
0.091939926147461
0.099171876907349
0.10349297523499
0.094116926193237
0.095386028289795
0.099824905395508
0.10375499725342
0.10164594650269
0.097356796264648
0.091629028320312
0.107666015625
0.090262174606323
0.10213494300842
0.10354614257812
0.094731092453003
0.11086201667786
1.1017761230469
0.10072994232178
0.09389591217041
0.09594988822937
0.093230962753296
0.099360227584839
0.094430923461914
0.09555196762085
0.10083985328674
0.089443922042847
0.094615936279297
0.097326993942261
0.10544610023499
0.096877813339233
0.094718933105469
0.10442709922791
0.097205877304077
0.098491907119751
0.099829912185669
0.097790956497192
0.10025811195374
0.10092210769653
0.10274291038513
0.093568801879883
0.089543104171753
0.092836856842041
0.096534967422485
0.10357904434204
0.098590850830078
0.095374822616577
0.096678972244263
0.093675136566162
0.093890905380249
0.09828782081604
0.098459959030151
0.093404054641724
0.10327291488647
0.10551309585571
0.10229897499084
0.10065102577209
0.09471607208252
0.092563152313232
0.092035055160522
0.10436606407166
0.090044021606445
0.10526299476624
0.090885162353516
0.098335027694702
0.10073399543762
0.10182595252991
0.10521197319031
0.098131895065308
0.089930057525635
0.094478845596313
0.092139005661011
0.098295927047729
0.10393714904785
0.096576929092407
0.096205949783325
0.10506916046143
0.10143995285034
0.095616102218628
0.093673229217529
0.0888831615448
0.094766139984131
0.09986400604248
0.099254131317139
0.098426818847656
0.092865943908691
0.089919805526733
0.093708992004395
0.099081993103027
0.10162806510925
0.099441051483154
0.09996509552002
0.10450410842896
0.10432600975037
0.098381042480469
0.093535900115967
0.096933126449585
0.094897031784058
0.10672211647034
0.091060876846313
0.10206699371338
0.09319019317627
0.095839023590088
0.098807811737061
0.094125032424927
0.10500001907349
0.10104584693909
0.096701860427856
0.095058917999268
0.092581033706665
0.10541296005249
0.089622974395752
0.10112190246582
0.095914125442505
0.095023155212402
0.089738130569458
0.09054708480835
0.098344087600708
0.1014621257782
0.097707986831665
0.10237503051758
0.092215061187744
0.092544078826904
0.10450410842896
0.090827941894531
0.096181869506836
0.095110893249512
0.10223317146301
0.092781066894531
0.11049008369446
0.095121145248413
0.099837064743042
0.096751928329468
0.093055963516235
0.094411849975586
0.10002398490906
0.089874982833862
0.10479116439819
0.098349094390869
0.091976165771484
0.10445880889893
0.093546152114868
0.095907926559448
0.092343091964722
0.10053205490112
0.091907024383545
0.098315000534058
0.10033392906189
0.090576887130737
0.092259883880615
0.097257852554321
0.093862056732178
0.095698833465576
0.10279607772827
0.10206389427185
0.11066913604736
0.099908113479614
0.088965177536011
0.10336995124817
0.099001884460449
0.095417976379395
0.10115790367126
0.093791007995605
0.097170829772949
0.10920405387878
0.089524984359741
0.10075497627258
0.091645002365112
0.096240997314453
0.098540067672729
0.096343040466309
0.10070705413818
0.092260837554932
0.11291408538818
0.094748020172119
0.1016788482666
0.096739053726196
0.091172933578491
0.088962078094482
0.13965606689453
0.10590410232544
0.095035076141357
0.093225955963135
0.09994101524353
0.095454931259155
0.095157146453857
0.10678291320801
0.096971988677979
0.099967002868652
0.094640016555786
0.09686279296875
0.10416102409363
0.095445871353149
0.094120025634766
0.094610929489136
0.095854043960571
0.10431313514709
0.095345973968506
0.094490051269531
0.097791910171509
0.092079877853394
0.09819507598877
0.099212884902954
0.096927165985107
0.093341827392578
0.10091209411621
0.09464693069458
0.092955112457275
0.092855215072632
0.092652797698975
0.099427223205566
0.090120077133179
0.089513063430786
0.093162059783936
0.099913835525513
0.10014486312866
0.099130868911743
0.092922210693359
0.094058990478516
0.10342383384705
0.092283964157104
0.10075688362122
0.098447799682617
0.10477495193481
0.090911149978638
0.09938907623291
0.094300985336304
0.1063859462738
0.099247932434082
0.093122005462646
0.096585988998413
0.094208955764771
0.098031044006348
0.10555505752563
0.092375993728638
0.095896005630493
0.096404075622559
0.15213894844055
0.094759941101074
0.096925973892212
0.10011911392212
0.096942186355591
0.10107803344727
0.10049104690552
0.098726034164429
0.095263957977295
0.090150833129883
0.094052076339722
0.095860958099365
0.093422889709473
0.10538482666016
0.093668937683105
0.10039901733398
0.097743034362793
0.094218969345093
0.095499038696289
0.10037183761597
0.099211931228638
0.11198997497559
0.099856853485107
0.092208862304688
0.095840930938721
0.10300183296204
0.098619937896729
0.094621896743774
0.21181607246399
0.095999956130981
0.092005014419556
0.12910795211792
0.095748901367188
0.099035024642944
0.096966028213501
0.10514712333679
0.10035395622253
0.089399814605713
0.097074031829834
0.096333026885986
0.092688083648682
0.092219114303589
0.099729061126709
0.092090845108032
0.091705083847046
0.096749067306519
0.10117411613464
0.096369981765747
0.10077309608459
0.099313974380493
0.09491491317749
0.11323094367981
0.12109398841858
0.11229300498962
0.096403837203979
0.094394207000732
0.090935945510864
0.093002080917358
0.095878124237061
0.092958211898804
0.094357013702393
0.095782995223999
0.093445062637329
0.09758996963501
0.093149900436401
0.095769882202148
0.15136384963989
0.093921899795532
0.095309972763062
0.098582983016968
0.098075866699219
0.089445114135742
0.10323286056519
0.093741893768311
0.097865104675293
0.1010799407959
0.098974943161011
0.100506067276
0.08906888961792
0.097392082214355
0.091203927993774
0.10238909721375
0.095346927642822
0.095983982086182
0.09630298614502
0.099828004837036
0.10095691680908
0.09321403503418
0.093957185745239
0.097056150436401
0.098314046859741
0.095453023910522
0.095293045043945
0.087939023971558
0.090960025787354
0.11742210388184
0.093812942504883
0.090522050857544
0.089599132537842
0.1016538143158
0.10327816009521
0.10246396064758
0.092426061630249
0.097095966339111
0.099541187286377
0.096851110458374
0.09572696685791
0.095741987228394
0.10410594940186
0.10082817077637
0.091953039169312
0.11196994781494
0.10419607162476
0.090331077575684
0.086841821670532
0.10517406463623
0.093008041381836
0.099291086196899
0.10222911834717
0.09485912322998
0.090917110443115
0.1019401550293
0.096553087234497
0.091912031173706
0.091023921966553
0.097409009933472
0.093878984451294
0.10265398025513
0.099740028381348
0.092786073684692
0.092602014541626
0.098607063293457
0.09172797203064
0.099253177642822
0.10001802444458
0.10470700263977
0.095736980438232
0.093961000442505
0.10424494743347
0.098028898239136
0.098083972930908
0.10109400749207
0.094949960708618
0.09765100479126
0.094832897186279
0.093335151672363
0.095039129257202
0.096318960189819
0.10705614089966
0.10389685630798
0.10417103767395
0.09647798538208
0.10350298881531
0.093723058700562
0.1023268699646
0.094622135162354
0.098012924194336
0.10226678848267
0.10201621055603
0.11040496826172
0.093554019927979
0.095500946044922
0.098113059997559
0.10416293144226
0.092655897140503
0.099174976348877
0.10599684715271
0.10388588905334
0.099114179611206
0.10204410552979
0.095545053482056
0.095424890518188
0.09606409072876
0.099087953567505
0.099714994430542
0.10023498535156
0.089046001434326
0.099254131317139
0.10089802742004
0.089232921600342
0.10288619995117
0.094856023788452
0.10482597351074
0.093916177749634
0.095227003097534
0.097845077514648
0.091288805007935
0.095473051071167
0.10318493843079
0.093125820159912
0.11008501052856
0.091638088226318
0.095063924789429
0.11679792404175
0.093821048736572
0.10251808166504
0.094141006469727
0.096587181091309
0.099730968475342
0.096382141113281
0.094842910766602
0.093258857727051
0.10185098648071
0.095594167709351
0.093762874603271
0.10566997528076
0.10617089271545
0.1079409122467
0.089398145675659
0.09161114692688
0.094894886016846
0.099380016326904
0.10003805160522
0.096503019332886
0.10150790214539
0.096190929412842
0.10146403312683
0.099313020706177
0.09952187538147
0.088732957839966
0.098433971405029
0.094032049179077
0.093487024307251
0.092540979385376
0.094085931777954
0.097032070159912
0.096588850021362
0.095317125320435
0.10031795501709
0.10286617279053
0.087875127792358
0.1090989112854
0.092648029327393
0.091880083084106
0.097414016723633
0.095223903656006
0.091174840927124
0.10612988471985
0.092166185379028
0.091552019119263
0.091726064682007
0.10531115531921
0.099406957626343
0.10137510299683
0.096133947372437
0.090215921401978
0.10242509841919
0.11111497879028
0.10396313667297
0.088500022888184
0.096111059188843
0.099696159362793
0.10121417045593
0.10139513015747
0.10021018981934
0.091644048690796
0.095685958862305
0.097788095474243
0.12652206420898
0.097058057785034
0.094445943832397
0.09772801399231
0.10187697410583
0.095815896987915
0.10125112533569
0.098078012466431
0.090586185455322
0.093786001205444
0.096369028091431
0.091247081756592
0.092700004577637
0.09339714050293
0.093805074691772
0.093153953552246
0.094153881072998
0.08797287940979
0.11000609397888
0.095204830169678
0.095743179321289
0.096469163894653
0.094893932342529
0.09830904006958
0.089930057525635
0.088150024414062
0.097357034683228
0.10297298431396
0.096132040023804
0.096354961395264
0.088428974151611
0.093752861022949
0.096246004104614
0.098489046096802
0.10715699195862
0.09431791305542
0.095587015151978
0.095579862594604
0.10224986076355
0.10285997390747
0.095131874084473
0.097501039505005
0.093287944793701
0.097165822982788
0.091217994689941
0.098833084106445
0.093163013458252
0.09286093711853
0.10028290748596
0.101322889328
0.087947845458984
0.09355902671814
0.092355012893677
0.097295045852661
0.094145059585571
0.10050678253174
0.09372091293335
0.091620206832886
0.09734582901001
0.095206022262573
0.10516119003296
0.10942006111145
0.10099911689758
0.096353054046631
0.094167947769165
0.09661078453064
0.096163988113403
0.10447406768799
0.097230911254883
0.10487008094788
0.092429876327515
0.092551946640015
0.087119102478027
0.09948205947876
0.097779989242554
0.092185974121094
0.11299300193787
0.098316192626953
0.10470104217529
0.09177303314209
0.097659826278687
0.098961114883423
0.10008788108826
0.097375154495239
0.094873905181885
0.096018075942993
0.10093903541565
0.090430021286011
0.092360019683838
0.10425090789795
0.099104166030884
0.096673965454102
0.10310387611389
0.093270778656006
0.09785008430481
0.092982053756714
0.096025943756104
0.09971284866333
0.099263906478882
0.11894798278809
0.096957921981812
0.097383975982666
0.094462156295776
0.10082793235779
0.097856044769287
0.11027503013611
0.097496032714844
0.096756935119629
0.10199213027954
0.11005306243896
0.09981894493103
0.093821048736572
0.093482971191406
0.088872909545898
0.096014976501465
0.097239971160889
0.094993829727173
0.090761184692383
0.1044659614563
0.095525979995728
0.098606109619141
0.10845303535461
0.089483976364136
0.092164993286133
0.099252939224243
0.10110688209534
0.10061097145081
0.0987389087677
0.095454931259155
0.092114925384521
0.10090708732605
0.099196195602417
0.097869157791138
0.098718881607056
0.10060715675354
0.092407941818237
0.094672918319702
0.10480093955994
0.10422801971436
0.098644971847534
0.098904848098755
0.099283933639526
0.10390281677246
0.096467018127441
0.097488880157471
0.099143028259277
0.10799193382263
0.094624042510986
0.11098217964172
0.098142147064209
0.09325098991394
0.092696905136108
0.098056077957153
0.096427917480469
0.095216035842896
0.12847900390625
0.095251083374023
0.098381042480469
0.096498012542725
0.10029697418213
0.088974952697754
0.094793081283569
0.098115205764771
0.098905086517334
0.099117994308472
0.097391128540039
0.10576295852661
0.092499017715454
0.098653078079224
0.093333959579468
0.094377040863037
0.099756002426147
0.10156512260437
0.10487413406372
0.097776889801025
0.098433971405029
0.090204000473022
0.097009897232056
0.095052003860474
0.20354199409485
0.103590965271
0.098916053771973
0.10061502456665
0.094856977462769
0.092582941055298
0.090115785598755
0.097471952438354
0.098289966583252
0.095681190490723
0.099491119384766
0.095918893814087
0.098140954971313
0.097208976745605
0.09838080406189
0.090573072433472
0.091726064682007
0.097953081130981
0.10746502876282
0.10505199432373
0.1065719127655
0.094521999359131
0.09274697303772
0.098353862762451
0.096021890640259
0.099328994750977
0.099058866500854
0.093868970870972
0.093477964401245
0.10557818412781
0.099702119827271
0.091660976409912
0.097135066986084
0.094480037689209
0.090476036071777
0.10062408447266
0.10043597221375
0.086904048919678
0.099539041519165
0.10677003860474
0.09294605255127
0.093563795089722
0.09831690788269
0.098899126052856
0.10030889511108
0.093796968460083
0.095108985900879
0.09198522567749
0.091901063919067
0.095637083053589
0.089018106460571
0.10142397880554
0.099366903305054
0.10049104690552
0.10119199752808
0.10121703147888
0.099761009216309
0.091594219207764
0.10020899772644
0.097292900085449
0.098325967788696
0.09643292427063
0.096770048141479
0.091893911361694
0.093564987182617
0.10954904556274
0.10469102859497
0.10155582427979
0.099852800369263
0.10227203369141
0.091629981994629
0.10419011116028
0.095508813858032
0.090265989303589
0.088298082351685
0.092525959014893
0.10646319389343
0.096709012985229
0.092716932296753
0.09001612663269
0.10144805908203
0.099035024642944
0.096822023391724
0.098793983459473
0.099107027053833
0.10520386695862
0.1063449382782
0.092702150344849
0.20518898963928
0.10218095779419
0.11032295227051
0.090600967407227
0.10986304283142
0.098556041717529
0.10177707672119
0.098154067993164
0.097659826278687
0.1088809967041
0.10205602645874
0.092526197433472
0.095822095870972
0.095422029495239
0.09483790397644
0.09553599357605
0.09886908531189
0.10200381278992
0.095695018768311
0.090363025665283
0.09706711769104
0.093472003936768
0.090404033660889
0.10436320304871
0.11308884620667
0.095152854919434
0.11316084861755
0.12687683105469
0.10008192062378
0.10098886489868
0.097134828567505
0.09628701210022
0.088927984237671
0.097348928451538
0.090056180953979
0.095203876495361
0.090583801269531
0.098092079162598
0.10176801681519
0.098134994506836
0.090468883514404
0.10163116455078
0.098074197769165
0.094380140304565
0.10610198974609
0.091849088668823
0.094300985336304
0.090042114257812
0.10013604164124
0.10640811920166
0.097840070724487
0.09125804901123
0.099000930786133
0.10527896881104
0.10561108589172
0.09273099899292
0.09817099571228
0.093130111694336
0.091354846954346
0.10404396057129
0.10396122932434
0.10324597358704
0.093073129653931
0.097232103347778
0.095221996307373
0.099349021911621
0.097681045532227
0.097978115081787
0.10619783401489
0.093293905258179
0.089411020278931
0.089601039886475
0.10244393348694
0.097831010818481
0.096009969711304
0.096094846725464
0.10540890693665
0.096412897109985
0.090272903442383
0.096818923950195
0.095380067825317
0.095692157745361
0.091665983200073
0.092385053634644
0.095407009124756
0.094511032104492
0.09595799446106
0.10068798065186
0.091145992279053
0.10684323310852
0.09009313583374
0.097812175750732
0.11105680465698
0.097660064697266
0.09136700630188
0.096513032913208
0.096753120422363
0.091594934463501
0.098891973495483
0.096916198730469
0.094731092453003
0.094621181488037
0.096243143081665
0.09804105758667
0.1066038608551
0.099981069564819
0.09488320350647
0.087458848953247
0.095324993133545
0.098864078521729
0.092050075531006
0.092213869094849
0.088683128356934
0.097179889678955
0.10309100151062
0.095499038696289
0.095327138900757
0.10001087188721
0.094107151031494
0.098640203475952
0.091038942337036
0.091933012008667
0.096556901931763
0.091836929321289
0.097761154174805
0.094951152801514
0.096947193145752
0.10088109970093
0.097293853759766
0.093082904815674
0.099451065063477
0.10386300086975
0.090723991394043
0.093935966491699
0.090524911880493
0.094141960144043
0.094989061355591
0.093950986862183
0.090175151824951
0.086015939712524
0.09677791595459
0.10481286048889
0.090131998062134
0.10214304924011
0.094515085220337
0.093463897705078
0.09709095954895
0.092692136764526
0.098132848739624
0.091454982757568
0.096405982971191
0.096543073654175
0.10330605506897
0.090362071990967
0.09738302230835
0.091226100921631
0.09972095489502
0.099408864974976
0.10217499732971
0.097839832305908
0.10086393356323
0.099771022796631
0.098623991012573
0.11260604858398
0.091953992843628
0.093456983566284
0.10176110267639
0.089887142181396
0.097397804260254
0.098742961883545
0.092330932617188
0.098541975021362
0.094434976577759
0.097326040267944
0.098613977432251
0.098739147186279
0.092099905014038
0.10267996788025
0.10113096237183
0.11489081382751
0.093303203582764
0.093914985656738
0.091583967208862
0.098533868789673
0.088903903961182
0.10513305664062
0.10577487945557
0.099333047866821
0.096750020980835
0.10233306884766
0.10031580924988
0.089255094528198
0.10357594490051
0.20716714859009
0.100919008255
0.098721027374268
0.20576095581055
0.097339153289795
0.09584903717041
0.093066215515137
0.095194101333618
0.093991994857788
0.094974040985107
0.088977098464966
0.10088610649109
0.093254089355469
0.09204888343811
0.095218896865845
0.092849016189575
0.10388278961182
0.092108964920044
0.10341501235962
0.091779947280884
0.0920250415802
0.091479063034058
0.096900939941406
0.10388898849487
0.092641115188599
0.099552154541016
0.095813035964966
0.08892297744751
0.088865995407104
0.090752840042114
0.098384857177734
0.10088682174683
0.099853992462158
0.096273899078369
0.094677925109863
0.13884806632996
0.093148946762085
0.097378969192505
0.099250078201294
0.10964512825012
0.092640161514282
0.090536117553711
0.095889091491699
0.095466136932373
0.091578960418701
0.091198921203613
0.10177397727966
0.095203161239624
0.091267824172974
0.095179080963135
0.092080116271973
0.093199968338013
0.10480403900146
0.22197580337524
0.098891973495483
0.090360879898071
0.093164205551147
0.10352802276611
0.091963052749634
0.094067811965942
0.10799884796143
0.089609861373901
0.096329927444458
0.093675136566162
0.096215009689331
0.10320401191711
0.09325098991394
0.094877004623413
0.10155582427979
0.090704917907715
0.10032296180725
0.092010021209717
0.10369801521301
0.091787099838257
0.092281818389893
0.093571186065674
0.10497689247131
0.094770908355713
0.095844030380249
0.096839904785156
0.091910839080811
0.098915100097656
0.10652589797974
0.10323095321655
0.089843988418579
0.09509801864624
0.089572906494141
0.099762916564941
0.10237598419189
0.094499111175537
0.095130920410156
0.095950841903687
0.09784197807312
0.094583988189697
0.1000018119812
0.091447114944458
0.098333120346069
0.10580110549927
0.090787887573242
0.097240924835205
0.089008092880249
0.10436415672302
0.09290599822998
0.092890977859497
0.096586942672729
0.098795175552368
0.093909025192261
0.095897912979126
0.098964214324951
0.096023082733154
0.093178987503052
0.098131895065308
0.093773126602173
0.10388207435608
0.095970869064331
0.091670036315918
0.099987983703613
0.1004159450531
0.11171698570251
0.095541954040527
0.090901851654053
0.1449658870697
0.10219287872314
0.10886096954346
0.10419201850891
0.098829984664917
0.089792966842651
0.10493898391724
0.10124015808105
0.098391056060791
0.10173201560974
0.11323881149292
0.09748101234436
0.093637943267822
0.096833944320679
0.10159182548523
0.10323810577393
0.10191607475281
0.093991994857788
0.097900152206421
0.09810209274292
0.10097217559814
0.10217213630676
0.097309112548828
0.090957880020142
0.10211610794067
0.10978603363037
0.1010639667511
0.098517179489136
0.10170292854309
0.10055088996887
0.10043907165527
0.094365119934082
0.096253871917725
0.1004319190979
0.096059799194336
0.10071206092834
0.10480904579163
0.10156798362732
0.10208106040955
0.10924696922302
0.087640047073364
0.096301078796387
0.096527099609375
0.10201811790466
0.097224950790405
0.095300912857056
0.096817016601562
0.091699838638306
0.095787048339844
0.093115091323853
0.095617055892944
0.09937310218811
0.089509963989258
0.10319495201111
0.099427938461304
0.092098951339722
0.11044192314148
0.09548807144165
0.096708059310913
0.10710501670837
0.10028100013733
0.09629487991333
0.13728713989258
0.099860906600952
0.10655188560486
0.096446990966797
0.098259925842285
0.093195199966431
0.096441984176636
0.090528964996338
0.094995975494385
0.090606927871704
0.09498119354248
0.095321893692017
0.098519802093506
0.094882965087891
0.090358018875122
0.09457802772522
0.095571041107178
0.094659090042114
0.10265898704529
0.097752809524536
0.10433506965637
0.10335612297058
0.09851598739624
0.098955154418945
0.095999956130981
0.097434997558594
0.10320401191711
0.11628699302673
0.093183994293213
0.097968101501465
0.11806678771973
0.10074210166931
0.090862989425659
0.093948125839233
0.08988094329834
0.089821100234985
0.10750699043274
0.098253965377808
0.089606046676636
0.1008768081665
0.099902153015137
0.096149921417236
0.091768980026245
0.090492010116577
0.095500230789185
0.10333800315857
0.09443998336792
0.093427896499634
0.094356060028076
0.1044328212738
0.10054302215576
0.097820997238159
0.094171047210693
0.094981908798218
0.10584998130798
0.088400840759277
0.1009259223938
0.14056897163391
0.10136580467224
0.095628023147583
0.097470045089722
0.09796404838562
0.096818923950195
0.096251010894775
0.09692907333374
0.4507999420166
0.093842029571533
0.096177101135254
0.092206001281738
0.091881990432739
0.093600034713745
0.096311092376709
0.096556901931763
0.10178589820862
0.089729070663452
0.087846040725708
0.10205817222595
0.10578012466431
0.098098039627075
0.092594861984253
0.092144012451172
0.10165691375732
0.10360097885132
0.10140299797058
0.09381103515625
0.090740919113159
0.091059923171997
0.095230102539062
0.089707136154175
0.09869384765625
0.10265707969666
0.095252990722656
0.099401950836182
0.091330051422119
0.10521602630615
0.093929052352905
0.091531991958618
0.098867177963257
0.093908071517944
0.099654912948608
0.097080945968628
0.089862108230591
0.096774101257324
0.091529846191406
0.09728479385376
0.098973035812378
0.10274195671082
0.097651958465576
0.094612836837769
0.096300840377808
0.089816093444824
0.10000777244568
0.10036492347717
0.095398902893066
0.095863103866577
0.094409227371216
0.096086978912354
0.090607881546021
0.092154026031494
0.092213869094849
0.10448884963989
0.10379385948181
0.09411096572876
0.093183994293213
0.097482919692993
0.097967147827148
0.09736180305481
0.10179805755615
0.10255289077759
0.09654688835144
0.086841106414795
0.098737001419067
0.10085201263428
0.096632957458496
0.095180988311768
0.098060131072998
0.098002910614014
0.090584993362427
0.095625877380371
0.097748041152954
0.097276926040649
0.094549894332886
0.094165086746216
0.095847845077515
0.092169046401978
0.10181093215942
0.10807299613953
0.096057891845703
0.095763206481934
0.11020278930664
0.095777034759521
0.098809003829956
0.095150947570801
0.092234134674072
0.11196708679199
0.091034889221191
0.10567879676819
0.092043876647949
0.091862201690674
0.093902111053467
0.10125708580017
0.090433120727539
0.089246034622192
0.091521978378296
0.099400043487549
0.10361003875732
0.094460964202881
0.10642695426941
0.10032796859741
0.094517946243286
0.10391116142273
0.091403961181641
0.094169139862061
0.093154907226562
0.096246957778931
0.089152097702026
0.096831083297729
0.094135999679565
0.10488200187683
0.094258069992065
0.095016002655029
0.096534013748169
0.098185062408447
0.09831690788269
0.093111038208008
0.10011601448059
0.10384798049927
0.095607042312622
0.097671985626221
0.092026948928833
0.12223601341248
0.092400074005127
0.091621875762939
0.098433971405029
0.10103607177734
0.092245101928711
0.091804027557373
0.11112284660339
0.097816944122314
0.095544099807739
0.094506978988647
0.091073989868164
0.39452910423279
0.096359968185425
0.095798969268799
0.093951940536499
0.093085050582886
0.10012698173523
0.095469951629639
0.098668813705444
0.096395015716553
0.13267183303833
0.095187902450562
0.10472893714905
0.097490072250366
0.11881303787231
0.097302913665771
0.091165065765381
0.091630935668945
0.1070990562439
0.097487926483154
0.14814400672913
0.097631931304932
0.089180946350098
0.096168041229248
0.099777221679688
0.093338012695312
0.093818187713623
0.08967113494873
0.092418909072876
0.099797010421753
0.10219621658325
0.092619895935059
0.099658966064453
0.094749927520752
0.10155701637268
0.098261117935181
0.097935914993286
0.095911026000977
0.089850902557373
0.096500873565674
0.10907411575317
0.091984987258911
0.091609954833984
0.099455833435059
0.092694997787476
0.097060918807983
0.10082387924194
0.093626022338867
0.098587036132812
0.096075057983398
0.095380067825317
0.095639228820801
0.10761404037476
0.098011016845703
0.090199947357178
0.095978021621704
0.099509000778198
0.090105056762695
0.090271949768066
0.0870680809021
0.10113716125488
0.092267990112305
0.10354495048523
0.10252785682678
0.096946001052856
0.11089682579041
0.099498987197876
0.097337007522583
0.09018611907959
0.093538999557495
0.093209028244019
0.094779014587402
0.10987710952759
0.087445020675659
0.096237897872925
0.098798036575317
0.10132217407227
0.10031890869141
0.1010320186615
0.095557928085327
0.09508204460144
0.095638036727905
0.096800804138184
0.10325813293457
0.097007036209106
0.098017930984497
0.10166501998901
0.1001410484314
0.098644018173218
0.098231077194214
0.096439838409424
0.098249197006226
0.096541881561279
0.099326848983765
0.092732191085815
0.093790054321289
0.11971783638
0.10313582420349
0.10840106010437
0.10158801078796
0.1033411026001
0.092988014221191
0.1042959690094
0.089639902114868
0.10291886329651
0.095139026641846
0.098371028900146
0.10011196136475
0.09608793258667
0.093111991882324
0.10077381134033
0.12027907371521
0.09758186340332
0.10644602775574
0.096866130828857
0.092099905014038
0.093127012252808
0.096226930618286
0.094385862350464
0.10298299789429
0.091556072235107
0.093888998031616
0.08964204788208
0.10357403755188
0.09815502166748
0.096391916275024
0.09142804145813
0.10884308815002
0.10386300086975
0.090555906295776
0.090729951858521
0.096394777297974
0.095540046691895
0.099303007125854
0.097510099411011
0.098782062530518
0.095753908157349
0.11092901229858
0.096535921096802
0.093283891677856
0.10356092453003
0.10555291175842
0.093175888061523
0.10350894927979
0.090807199478149
0.091423988342285
0.097202062606812
0.1046290397644
0.09912896156311
0.095432996749878
0.10457181930542
0.10702395439148
0.10576605796814
0.10054516792297
0.091546058654785
0.094407081604004
0.098245859146118
0.10092210769653
0.096002101898193
0.10888695716858
0.089164018630981
0.097724199295044
0.087469100952148
0.096019983291626
0.09496808052063
0.09764289855957
0.089895963668823
0.10491299629211
0.10182404518127
0.093156099319458
0.090795040130615
0.090816974639893
0.095344066619873
0.10511803627014
0.1085410118103
0.089075803756714
0.10310983657837
0.094347953796387
0.092947006225586
0.10062789916992
0.093979120254517
0.10020709037781
0.10190010070801
0.10038614273071
0.11143398284912
0.11690092086792
0.097726106643677
0.10260200500488
0.09696888923645
0.10325813293457
0.10126090049744
0.093683958053589
0.091909885406494
0.093510866165161
0.11226987838745
0.104896068573
0.095795869827271
0.092289924621582
0.11188197135925
0.09503698348999
0.099940061569214
0.099647998809814
0.10178589820862
0.090173959732056
0.097292184829712
0.90552592277527
0.094323873519897
0.098097085952759
0.10637998580933
0.098392963409424
0.096073865890503
0.10079503059387
0.092418909072876
0.092739105224609
0.098471879959106
0.10286903381348
0.094681978225708
0.093513011932373
0.093876123428345
0.098513841629028
0.09782886505127
0.10015392303467
0.096273899078369
0.094942092895508
0.1012179851532
0.092653036117554
0.10039496421814
0.098248958587646
0.094556093215942
0.11865997314453
0.092810869216919
0.094917058944702
0.090839147567749
0.10294795036316
0.091745138168335
0.092584848403931
0.093492984771729
0.09515905380249
0.10436987876892
0.10096597671509
0.096024036407471
0.090740919113159
0.10354614257812
0.096624135971069
0.099416017532349
0.10251188278198
0.10893297195435
0.094453811645508
0.091134071350098
0.1021409034729
0.09771203994751
0.09877610206604
0.096979141235352
0.091336965560913
0.098888874053955
0.1002209186554
0.095922946929932
0.097117900848389
0.09033989906311
0.10408496856689
0.092077970504761
0.09261417388916
0.090240001678467
0.090476989746094
0.092127084732056
0.089787006378174
0.093957901000977
0.089629173278809
0.10305786132812
0.099407911300659
0.093504905700684
0.097076892852783
0.098436832427979
0.097650051116943
0.09481406211853
0.093658924102783
0.094303131103516
0.09026312828064
0.097940921783447
0.09290599822998
0.096867084503174
0.091470956802368
0.09418511390686
0.094067096710205
0.099567890167236
0.093310832977295
0.098391056060791
0.12572693824768
0.095749855041504
0.10323095321655
0.093045949935913
0.093245029449463
0.11212015151978
0.10135102272034
0.095727205276489
0.098448038101196
0.097753047943115
0.090462923049927
0.10194206237793
0.10238289833069
0.099149942398071
0.12125611305237
0.091973066329956
0.096817016601562
0.092708110809326
0.10145592689514
0.096101999282837
0.091665983200073
0.10266900062561
0.089102983474731
0.099863052368164
0.094451904296875
0.099783897399902
0.092674016952515
0.10231184959412
0.097198009490967
0.097287178039551
0.098257064819336
0.099109888076782
0.097364902496338
0.095345020294189
0.095952033996582
0.1000189781189
0.09449315071106
0.10909199714661
0.10996198654175
0.093689203262329
0.09080696105957
0.15323114395142
4.0020608901978
0.11268210411072
0.10244297981262
0.096565008163452
0.096152067184448
0.099934816360474
0.090466976165771
0.10186982154846
0.10882616043091
0.09470009803772
0.089015960693359
0.097269058227539
0.091322898864746
0.089179039001465
0.10099005699158
0.095853090286255
0.090404033660889
0.10148501396179
0.09981894493103
0.09961199760437
0.097990036010742
0.09097695350647
0.092544078826904
0.094676971435547
0.10157799720764
0.096817016601562
0.093029022216797
0.10575795173645
0.094608068466187
0.093248844146729
0.093914031982422
0.10453915596008
0.10100102424622
0.092162847518921
0.092066049575806
0.097363948822021
0.10023307800293
0.097779989242554
0.39600419998169
0.096199989318848
0.10339498519897
0.091070175170898
0.09495210647583
0.091970920562744
0.098639011383057
0.10539102554321
0.095001935958862
0.095566987991333
0.093412160873413
0.095024108886719
0.101567029953
0.09163498878479
0.096139907836914
0.091974020004272
0.11073303222656
0.090779066085815
0.096162796020508
0.098807096481323
0.10343599319458
0.10293197631836
0.095146894454956
0.12013411521912
0.09125280380249
0.095407009124756
0.097702980041504
0.099415063858032
0.099771976470947
0.10435700416565
0.089829921722412
0.091241121292114
0.089907169342041
0.095197916030884
0.095592021942139
0.096223115921021
0.091140985488892
0.094458103179932
0.096997022628784
0.095083951950073
0.097774982452393
0.093991994857788
0.0953049659729
0.10132503509521
0.097373962402344
0.093836069107056
0.093981981277466
0.09292197227478
0.095489978790283
0.099959135055542
0.094996929168701
0.097882986068726
0.098374128341675
0.092839956283569
0.094888925552368
0.092784881591797
0.095838069915771
0.099416971206665
0.096771955490112
0.10111379623413
0.10069680213928
0.1037130355835
0.10939502716064
0.10085606575012
0.097620964050293
0.097657203674316
0.1065239906311
0.10449695587158
0.09151816368103
0.096514940261841
0.09831690788269
0.10755109786987
0.092778921127319
0.095153093338013
0.097660064697266
0.096265077590942
0.099278926849365
0.10219287872314
0.10138416290283
0.10040497779846
0.10562801361084
0.10060691833496
0.092772006988525
0.098532915115356
0.13022303581238
0.093027114868164
0.095798969268799
0.097779989242554
0.10046195983887
0.098901987075806
0.10413312911987
0.093611001968384
0.094857931137085
0.099266052246094
0.092588901519775
0.2228798866272
0.095333814620972
0.092868804931641
0.090629100799561
0.31358885765076
0.10980010032654
0.10184121131897
0.089101076126099
0.090541124343872
0.089560985565186
0.10567283630371
0.099143981933594
0.10435700416565
0.098509073257446
0.10547494888306
0.10089802742004
0.1030068397522
0.090713977813721
0.098237037658691
0.09978199005127
0.096812009811401
0.097208976745605
0.094506978988647
0.10422897338867
0.096046924591064
0.099207162857056
0.10378408432007
0.09100079536438
0.09038782119751
0.093520879745483
0.092144966125488
0.092995882034302
0.097625970840454
0.098610162734985
0.091314077377319
0.090667009353638
0.10126304626465
0.11785793304443
0.10098791122437
0.10162615776062
0.10961699485779
0.098236083984375
0.09472393989563
0.10207414627075
0.09824800491333
0.095060110092163
0.10109996795654
0.10814380645752
0.093211889266968
0.13652801513672
0.10138893127441
0.11146712303162
0.092852115631104
0.098005056381226
0.087922096252441
0.098570823669434
0.09400486946106
0.09108304977417
0.089026927947998
0.11197185516357
0.091815948486328
0.10580801963806
0.10264492034912
0.1012270450592
0.10982799530029
0.095515966415405
0.093334913253784
0.098567962646484
0.094161033630371
0.098289966583252
0.10753107070923
0.093991994857788
0.086166858673096
0.095762014389038
0.097538948059082
0.095104932785034
0.094295978546143
0.099406957626343
0.093319892883301
0.098252058029175
0.094400882720947
0.091622114181519
0.099192142486572
0.10779714584351
0.094097137451172
0.095678806304932
0.09173321723938
0.089257001876831
0.093388080596924
0.10023498535156
0.10765099525452
0.09495997428894
0.091806888580322
0.092333793640137
0.098465919494629
0.09493088722229
0.093234062194824
0.096198081970215
0.090399980545044
0.10714387893677
0.10291910171509
0.10229301452637
0.09451699256897
0.093950033187866
0.091392993927002
0.095174074172974
0.092572927474976
0.09501314163208
0.089852094650269
0.095041990280151
0.098194122314453
0.09491491317749
0.099671840667725
0.099823951721191
0.10118007659912
0.10102009773254
0.10108089447021
0.094565153121948
0.094647169113159
0.091733932495117
0.094002962112427
0.097663164138794
0.11214303970337
0.10457515716553
0.1016321182251
0.090198993682861
0.09354305267334
0.093142032623291
0.10186505317688
0.10680794715881
0.10711598396301
0.094534873962402
0.10164785385132
0.10301899909973
0.10578513145447
0.090898990631104
0.099416017532349
0.094779014587402
0.098436117172241
0.095820188522339
0.094048976898193
0.091037034988403
0.095123052597046
0.097896099090576
0.090336084365845
0.096522092819214
0.093026876449585
0.091093063354492
0.1009681224823
0.11335301399231
0.10162377357483
0.10051989555359
0.097995042800903
0.091390132904053
0.096628904342651
0.10307598114014
0.10339498519897
0.091109037399292
0.098168849945068
0.098956108093262
0.096179962158203
0.09176778793335
0.089469909667969
0.095239877700806
0.092031002044678
0.10342502593994
0.094419002532959
0.092242956161499
0.09943413734436
0.10419106483459
0.10232210159302
0.099116802215576
0.095601081848145
0.1351900100708
0.10377883911133
0.092798948287964
0.10203099250793
0.10426092147827
0.091639041900635
0.10484719276428
0.10057806968689
0.10873699188232
0.092207908630371
0.089748859405518
0.10099196434021
0.088701009750366
0.097486972808838
0.094990968704224
0.10284996032715
0.1118950843811
0.094658136367798
0.091408014297485
0.10230112075806
0.094780921936035
0.095312118530273
0.091207027435303
0.089868068695068
0.090528011322021
0.10027480125427
0.095119953155518
0.089342832565308
0.09510612487793
0.094014883041382
0.096596956253052
0.10249090194702
0.092947959899902
0.095094919204712
0.10468101501465
0.10292291641235
0.09253716468811
0.095095157623291
0.10395002365112
0.098593950271606
0.11812710762024
0.098537921905518
0.094799041748047
0.09475302696228
0.094789028167725
0.10344505310059
0.091082096099854
0.094838857650757
0.096575021743774
0.11337780952454
0.089378118515015
0.097574949264526
0.10127377510071
0.099035978317261
0.090224027633667
0.096791982650757
0.098085880279541
0.097847938537598
0.096869945526123
0.092445850372314
0.096210956573486
0.10248899459839
0.090435981750488
0.092507123947144
0.093575000762939
0.095098972320557
0.097342967987061
0.097662925720215
0.10071396827698
0.087408065795898
0.10088801383972
0.10112500190735
0.093076944351196
0.093535900115967
0.092164039611816
0.10527896881104
0.091521024703979
0.10295510292053
0.092589139938354
0.090754985809326
0.091019868850708
0.094637870788574
0.093285083770752
0.10209321975708
0.096760988235474
0.096659898757935
0.10225892066956
0.096579074859619
0.098840951919556
0.093876123428345
0.10116386413574
0.095056056976318
0.11386203765869
0.10537600517273
0.11406302452087
0.096177101135254
0.093231916427612
0.090993881225586
0.10094094276428
0.10113406181335
0.090194940567017
0.095702886581421
0.09483003616333
0.098398923873901
0.10029101371765
0.092137098312378
0.096530914306641
0.094687938690186
0.10060095787048
0.093632936477661
0.098217010498047
0.095011949539185
0.09512186050415
0.093358039855957
0.11295795440674
0.093746900558472
0.10490703582764
0.10193300247192
0.093259811401367
0.096524953842163
0.095458984375
0.10098814964294
0.094161033630371
0.1048321723938
0.094125986099243
0.094868183135986
0.099829912185669
0.099693059921265
0.093425989151001
0.089229822158813
0.091831922531128
0.095292091369629
0.091268062591553
0.097150087356567
0.091063022613525
0.10149788856506
0.10485100746155
0.089904069900513
0.095968008041382
0.096641063690186
0.089054822921753
0.10886693000793
0.092947959899902
0.091105937957764
0.098007917404175
0.09096097946167
0.093528032302856
0.10113000869751
0.097481966018677
0.096132040023804
0.10828399658203
0.09632682800293
0.10046982765198
0.098596096038818
0.10219693183899
0.11163806915283
0.094852924346924
0.093510150909424
0.090584993362427
0.097403764724731
0.094538927078247
0.12154817581177
0.098978996276855
0.092236995697021
0.096652030944824
0.10175704956055
0.089915990829468
0.089309930801392
0.091817140579224
0.10653591156006
0.099541187286377
0.094151973724365
0.10038495063782
0.094906806945801
0.099150896072388
0.10241317749023
0.10020780563354
0.10246086120605
0.10086011886597
0.093386888504028
0.097236156463623
0.098898887634277
0.092528104782104
0.091089963912964
0.097766876220703
0.095792055130005
0.094360113143921
0.14099717140198
0.099658966064453
0.10410904884338
0.097813129425049
0.10060787200928
0.11271595954895
0.091952085494995
0.11334800720215
0.10355401039124
0.091434955596924
0.093065977096558
0.095376968383789
0.15183520317078
0.10247397422791
0.099135160446167
0.096591949462891
0.10471105575562
0.10718607902527
0.097048044204712
0.10089707374573
0.10022711753845
0.095752000808716
0.093514204025269
0.09865403175354
0.097549915313721
0.095970869064331
0.095082998275757
0.091700077056885
0.093257904052734
0.091025829315186
0.097225189208984
0.10692095756531
0.092586040496826
0.092245101928711
0.10336685180664
0.095041990280151
0.15328979492188
0.097338914871216
0.10312509536743
0.094374895095825
0.092426061630249
0.10683608055115
0.097775936126709
0.09297513961792
0.093033075332642
0.098923921585083
0.092936992645264
0.093261957168579
0.098338842391968
0.098644018173218
0.10069298744202
0.093958139419556
0.10045790672302
0.095232963562012
0.095319986343384
0.093919038772583
0.099215984344482
0.10047388076782
0.10210800170898
0.095824956893921
0.090814113616943
0.091659069061279
0.094107151031494
0.095741987228394
0.092856168746948
0.098299026489258
0.094801187515259
0.092545032501221
0.098309993743896
0.092214107513428
0.096719026565552
0.093717098236084
0.096781015396118
0.099471092224121
0.099281072616577
0.095371961593628
0.092545986175537
0.092757940292358
0.10173511505127
0.09598708152771
0.10489106178284
0.10501194000244
0.096713066101074
0.091007947921753
0.10052299499512
0.10176396369934
0.096161842346191
0.092147827148438
0.11160898208618
0.094198942184448
0.10267281532288
0.091599941253662
0.094642162322998
0.092751979827881
0.096345186233521
0.10014605522156
0.10558605194092
0.12661194801331
0.092164039611816
0.095825910568237
0.10178589820862
0.10790205001831
0.094964981079102
0.21868085861206
0.1020839214325
0.094775915145874
0.096376180648804
0.088932991027832
0.092931032180786
0.092082977294922
0.10327196121216
0.099113941192627
0.092727184295654
0.091775894165039
0.10140609741211
0.1063928604126
0.10252499580383
0.10416579246521
0.089416980743408
0.10128903388977
0.09930682182312
0.097939014434814
0.10248208045959
0.093808889389038
0.093227863311768
0.094204187393188
0.10230684280396
0.094681978225708
0.095984935760498
0.097711086273193
0.10448694229126
0.094228982925415
0.097937822341919
0.095824003219604
0.11350393295288
0.099200010299683
0.11912798881531
0.090767860412598
0.099292993545532
0.096772193908691
0.11699295043945
0.091236114501953
0.092999935150146
0.09077787399292
0.096426010131836
0.11013412475586
0.097179889678955
0.092057228088379
0.098018884658813
0.094419002532959
0.2007110118866
0.098931074142456
0.10464906692505
0.10232996940613
0.098543167114258
0.094730138778687
0.097134828567505
0.099704027175903
0.10023093223572
0.12084984779358
0.10416007041931
0.096271991729736
0.10209202766418
0.092909097671509
0.099786043167114
0.095793962478638
0.093580007553101
0.12251091003418
0.096235036849976
0.093065023422241
0.097475051879883
0.09937310218811
0.090549945831299
0.099437952041626
0.098582983016968
0.093392848968506
0.090044021606445
0.096770048141479
0.095196008682251
0.097861051559448
0.094109058380127
0.098158836364746
0.091069936752319
0.089927911758423
0.32135701179504
0.10332608222961
0.096333026885986
0.092667102813721
0.09794807434082
0.1096351146698
0.089534044265747
0.094101905822754
0.093626022338867
0.099463939666748
0.10378789901733
0.092024087905884
0.10567116737366
0.094365835189819
0.097564220428467
0.090739965438843
0.097017049789429
0.093362092971802
0.096712112426758
0.097888946533203
0.092619895935059
0.096971988677979
0.10627603530884
0.09407901763916
0.091896057128906
0.11023712158203
0.098091125488281
0.10067391395569
0.096863985061646
0.092888832092285
0.10151410102844
0.090965032577515
0.091101169586182
0.097641944885254
0.10415506362915
0.090953826904297
0.10134196281433
0.099152088165283
0.09585976600647
0.091662883758545
0.09987998008728
0.090939998626709
0.1037449836731
0.095860958099365
0.10296487808228
0.094811201095581
0.095201015472412
0.10385298728943
0.092235803604126
0.092607021331787
0.097702980041504
0.09440803527832
0.096292972564697
0.096867799758911
0.098356962203979
0.094846963882446
0.098789930343628
0.097080945968628
0.098379135131836
0.096858978271484
0.10291600227356
0.091645956039429
0.098546981811523
0.10064506530762
0.095783948898315
0.094381809234619
0.094573020935059
0.1004478931427
0.098005056381226
0.094747066497803
0.098444938659668
0.097766160964966
0.10335087776184
0.091088056564331
0.09856390953064
0.088089942932129
0.095139980316162
0.10072207450867
0.10377907752991
0.10543990135193
0.091593980789185
0.095039129257202
0.10116100311279
0.098133087158203
0.10511493682861
0.10130882263184
0.39564609527588
0.10127401351929
0.096977949142456
0.092765092849731
0.0900719165802
0.10827779769897
0.099208116531372
0.093494892120361
0.092959880828857
0.094011068344116
0.10031390190125
0.090958833694458
0.095458030700684
0.097934007644653
0.14047598838806
0.098078012466431
0.096975088119507
0.10091495513916
0.092934131622314
0.094828844070435
0.09960412979126
0.093854904174805
0.093141078948975
0.093765020370483
0.088255882263184
0.099647998809814
0.093794107437134
0.097568988800049
0.099768161773682
0.091228008270264
0.10458898544312
0.098947048187256
0.096296072006226
0.09840989112854
0.091900825500488
0.09387993812561
0.097023010253906
0.10886192321777
0.098998069763184
0.092468976974487
0.10720109939575
0.11452603340149
0.10298991203308
0.096096038818359
0.092043161392212
0.088466882705688
0.094701051712036
0.10515093803406
0.096126079559326
0.10316705703735
0.10557079315186
0.097671031951904
0.092036008834839
0.092677116394043
0.1315701007843
0.1036639213562
0.10141015052795
0.093626022338867
0.093561887741089
0.09139609336853
0.11282396316528
0.094590187072754
0.095997095108032
0.095322132110596
0.095683097839355
0.099453926086426
0.091294050216675
0.10620188713074
0.091491222381592
0.091348886489868
0.091295003890991
0.1008608341217
0.095727920532227
0.10342192649841
0.097651958465576
0.094076871871948
0.1124861240387
0.096176147460938
0.11743903160095
0.095026969909668
0.09666109085083
0.091033935546875
0.093400001525879
0.104572057724
0.094955921173096
0.097960948944092
0.10954713821411
0.092971801757812
0.10000205039978
0.090909004211426
0.097532987594604
0.097517013549805
0.093557119369507
0.097069978713989
0.10114097595215
0.10059189796448
0.10437488555908
0.09379506111145
0.096077919006348
0.094725847244263
0.098323106765747
0.10092401504517
0.10250902175903
0.099749088287354
0.09625506401062
0.0992591381073
0.10621500015259
0.088636159896851
0.10137510299683
0.10450220108032
0.10344004631042
0.10192799568176
0.093989133834839
0.1008620262146
0.096256971359253
0.11166501045227
0.10402202606201
0.092843055725098
0.094573974609375
0.092943906784058
0.10860896110535
0.094758033752441
0.098315954208374
0.09500789642334
0.089038848876953
0.093760013580322
0.095292091369629
0.090276002883911
0.091776847839355
0.099838018417358
0.09492301940918
0.10313510894775
0.094802856445312
0.10451984405518
0.10782480239868
0.089076042175293
0.10392999649048
0.097562074661255
0.095253944396973
0.11357092857361
0.098606824874878
0.1375150680542
0.09869122505188
0.096091032028198
0.10898590087891
0.11116695404053
0.10194396972656
0.097172975540161
0.10128498077393
0.10111689567566
0.096045970916748
0.10750293731689
0.15840792655945
0.097498893737793
0.090856075286865
0.094377040863037
0.090935945510864
0.092519044876099
0.096238136291504
0.093873023986816
0.099695920944214
0.092140913009644
0.099502086639404
0.10635209083557
0.10320591926575
0.092145919799805
0.09281587600708
0.15819597244263
0.097515106201172
0.093281030654907
0.095599889755249
0.098243951797485
0.098829030990601
0.10355710983276
0.097710132598877
0.10108804702759
0.092392921447754
0.096966028213501
0.10842490196228
0.094175100326538
0.098193168640137
0.10111689567566
0.099459171295166
0.095211029052734
0.099720001220703
0.10166788101196
0.093411922454834
0.09477686882019
0.11027908325195
0.097483158111572
0.089389801025391
0.11328601837158
0.092695951461792
0.090457916259766
0.11006903648376
0.092336893081665
0.095633029937744
0.098836898803711
0.093233108520508
0.098082780838013
0.095461130142212
0.090232133865356
0.096362113952637
0.095426082611084
0.10512185096741
0.11796593666077
0.10515999794006
0.097368001937866
0.11541819572449
0.10755896568298
0.10050106048584
0.090471029281616
0.10521292686462
0.09958815574646
0.090801000595093
0.092999935150146
0.091864109039307
0.098653793334961
0.095566034317017
0.10965204238892
0.098962068557739
0.10405397415161
0.099205017089844
0.093245983123779
0.10016798973083
0.091947078704834
0.096011877059937
0.097853899002075
0.14472103118896
0.092252969741821
0.10009908676147
0.096062898635864
0.098629951477051
0.093993902206421
0.10563683509827
0.098966836929321
0.098681926727295
0.091089010238647
0.088803052902222
0.099225997924805
0.099764823913574
0.10365605354309
0.10161185264587
0.098223924636841
0.09843897819519
0.097578048706055
0.091548919677734
0.090926885604858
0.10480499267578
0.096602916717529
0.091482877731323
0.094434976577759
0.1156690120697
0.090091943740845
0.095021963119507
0.092017889022827
0.092606067657471
0.093719005584717
0.10855984687805
0.1010799407959
0.089154005050659
0.10013198852539
0.096529006958008
0.09766411781311
0.10040807723999
0.09542989730835
0.09064793586731
0.096803903579712
0.096904039382935
0.10148596763611
0.10001492500305
0.11261415481567
0.094618082046509
0.10177183151245
0.10076808929443
0.097622156143188
0.091040134429932
0.096503019332886
0.14508986473083
0.11186385154724
0.09117317199707
0.096946954727173
0.10396885871887
0.095026969909668
0.094018936157227
0.095890998840332
0.096781969070435
0.10074496269226
0.096467971801758
0.09616494178772
0.091607093811035
0.10740900039673
0.091484069824219
0.098835945129395
0.089636087417603
0.096827030181885
0.10153293609619
0.095242977142334
0.097215890884399
0.094492197036743
0.094077110290527
0.098244905471802
0.092988014221191
0.1014769077301
0.093326807022095
0.091093063354492
0.10029911994934
0.10397100448608
0.098634004592896
0.10121893882751
0.1045458316803
0.1043381690979
0.10026001930237
0.11265802383423
0.098211050033569
0.11282896995544
0.098496913909912
0.11008095741272
0.10411286354065
0.092190027236938
0.10032105445862
0.098269939422607
0.09921407699585
0.093573093414307
0.094249963760376
0.10615491867065
0.092572927474976
0.094686985015869
0.09969687461853
0.10037803649902
0.093449115753174
0.09571385383606
0.10091185569763
0.10164904594421
0.095353126525879
0.099193096160889
0.093138933181763
0.096018075942993
0.10393285751343
0.095832109451294
0.095513105392456
0.10511898994446
0.09493088722229
0.095809936523438
0.094078063964844
0.10703611373901
4.0013258457184
0.097979068756104
0.099341154098511
0.10357522964478
0.094568014144897
0.099803924560547
0.090275049209595
0.10199308395386
0.097433090209961
0.099738121032715
0.092468023300171
0.091561079025269
0.093014001846313
0.09424090385437
0.095242977142334
0.096970081329346
0.097768068313599
0.095295906066895
0.10298895835876
0.10149693489075
0.090560913085938
0.093440055847168
0.10288500785828
0.091568946838379
0.10117483139038
0.090921878814697
0.10499477386475
0.090204000473022
0.091344833374023
0.09881591796875
0.11431694030762
0.098404884338379
0.10008192062378
0.091815948486328
0.10123109817505
0.093308210372925
0.095332860946655
0.092221021652222
0.097295999526978
0.10138201713562
0.10407185554504
0.094104051589966
0.10006999969482
0.090062856674194
0.092100858688354
0.096431016921997
0.10143089294434
0.098886013031006
0.091590881347656
0.10777401924133
0.093174934387207
0.10080599784851
0.12364506721497
0.090724945068359
0.1063859462738
0.097092151641846
0.091750144958496
0.13078904151917
0.092278957366943
0.10484600067139
0.093703985214233
0.098004817962646
0.09157395362854
0.096577167510986
0.095861196517944
0.094493865966797
0.089344024658203
0.095031023025513
0.094332933425903
0.10384297370911
0.097645998001099
0.091788053512573
0.092958927154541
0.0885910987854
0.097330093383789
0.10547685623169
0.090095043182373
0.096800088882446
0.10629796981812
0.090595006942749
0.10176706314087
0.092197895050049
0.090137004852295
0.094315052032471
0.093594074249268
0.095877885818481
0.093369007110596
0.099583864212036
0.096544027328491
0.092303037643433
0.092054128646851
0.095299005508423
0.096474170684814
0.089828014373779
0.093174934387207
0.094939947128296
0.092988967895508
0.096818923950195
0.091635942459106
0.09790301322937
0.093860864639282
0.09142804145813
0.091941833496094
0.089284896850586
0.092063903808594
0.10119485855103
0.090764045715332
0.11831402778625
0.10146689414978
0.10717415809631
0.089986801147461
0.10102415084839
0.097760915756226
0.098854780197144
0.099692106246948
0.091376781463623
0.089049100875854
0.088290929794312
0.092298030853271
0.091802835464478
0.092532873153687
0.091223001480103
0.10362219810486
0.097330093383789
0.10195279121399
0.091856002807617
0.099714994430542
0.092305898666382
0.093940019607544
0.094527006149292
0.11221098899841
0.093636035919189
0.095370054244995
0.089693069458008
0.10038900375366
0.089572906494141
0.10101389884949
0.091766119003296
0.093824148178101
0.097142219543457
0.10078287124634
0.097699880599976
0.092811107635498
0.09964394569397
0.095152854919434
0.095887899398804
0.090920925140381
0.089482069015503
0.10079288482666
0.10152792930603
0.08737587928772
0.091510057449341
0.093734979629517
0.10520505905151
0.10037112236023
0.091128826141357
0.10504078865051
0.097047090530396
0.099457025527954
0.096694946289062
0.094415903091431
0.093303203582764
0.096914052963257
0.089287042617798
0.097208023071289
0.088680028915405
0.098110914230347
0.098873853683472
0.097221851348877
0.10179805755615
0.096005916595459
0.094239950180054
0.10006499290466
0.09472393989563
0.092697858810425
0.092084884643555
0.094232082366943
0.090171098709106
0.099981069564819
0.090599060058594
0.09892201423645
0.096727132797241
0.092621088027954
0.094765901565552
0.090800046920776
0.099879026412964
0.39214897155762
0.11966109275818
0.095966100692749
0.090407133102417
0.10267210006714
0.097247838973999
0.093947887420654
0.097059011459351
0.090390920639038
0.10060596466064
0.11413788795471
0.095924139022827
0.096044778823853
0.093921899795532
0.093757152557373
0.091571092605591
0.092164993286133
0.099202156066895
0.097741842269897
0.094119787216187
0.095664978027344
0.08948802947998
0.10179090499878
0.099853038787842
0.099173069000244
0.1028299331665
0.095666170120239
0.10720801353455
0.10359978675842
0.095732927322388
0.091807842254639
0.093492031097412
0.089552164077759
0.10369205474854
0.098586797714233
0.095103979110718
0.087691068649292
0.095458030700684
0.097885131835938
0.093388080596924
0.1036331653595
0.10160994529724
0.091597080230713
0.11786603927612
0.09737491607666
0.092689037322998
0.1025378704071
0.091047048568726
0.099303007125854
0.097593069076538
0.12372994422913
0.093908071517944
0.089563846588135
0.10304713249207
0.099820137023926
0.12184190750122
0.096956014633179
0.097027063369751
0.10440802574158
0.09378981590271
0.092903852462769
0.10953211784363
0.10459899902344
0.092957973480225
0.089689970016479
0.10680484771729
0.095221996307373
0.098663091659546
0.097913980484009
0.092291831970215
0.094977855682373
0.10130500793457
0.098169088363647
0.0919189453125
0.091665983200073
0.099475145339966
0.096508026123047
0.095864057540894
0.09266209602356
0.096143007278442
0.10077905654907
0.091243982315063
0.11068201065063
0.10118985176086
0.10564184188843
0.09900689125061
0.095809936523438
0.1000669002533
0.10015392303467
0.094944000244141
0.094880104064941
0.22122001647949
0.11407899856567
0.097919940948486
0.095574140548706
0.094720125198364
0.10125398635864
0.10325002670288
0.090219974517822
0.10245203971863
0.093509912490845
0.096901893615723
0.099416971206665
0.087961912155151
0.092289924621582
0.10167598724365
0.091946840286255
0.094949007034302
0.093748092651367
0.10027408599854
0.092447996139526
0.10175490379333
0.10028195381165
0.092575073242188
0.096773147583008
0.097917079925537
0.091385126113892
0.09113597869873
0.093878984451294
0.092704057693481
0.10198211669922
0.1022641658783
0.1021900177002
0.107017993927
0.091399192810059
0.098843097686768
0.096025943756104
0.097677946090698
0.11998295783997
0.10423493385315
0.098272800445557
0.088640928268433
0.11256098747253
0.096367120742798
0.11098885536194
0.093703985214233
0.089547872543335
0.098725080490112
0.10390210151672
0.098164796829224
0.093661069869995
0.09840202331543
0.09157395362854
0.10777592658997
0.096803903579712
0.093615055084229
0.092901945114136
0.10423612594604
0.093351125717163
0.099672079086304
0.097989082336426
0.093245983123779
0.099185943603516
0.090854167938232
0.10434699058533
0.098119020462036
0.091264963150024
0.089931964874268
0.092702150344849
0.093796014785767
0.094621896743774
0.11060690879822
0.096252202987671
0.10245203971863
0.096837043762207
0.10164213180542
0.094547986984253
0.096625089645386
0.10131287574768
0.11261606216431
0.089491128921509
0.090938091278076
0.10079598426819
0.098204135894775
0.093059062957764
0.096505880355835
0.095058917999268
0.092649936676025
0.091706991195679
0.094475984573364
0.095568895339966
0.091967105865479
0.10404801368713
0.095022916793823
0.099376201629639
0.090720891952515
0.093964099884033
0.0939040184021
0.093086004257202
0.098565101623535
0.10191416740417
0.098330974578857
0.10072898864746
0.09259295463562
0.089869022369385
0.088819980621338
0.099531888961792
0.097398996353149
0.08988618850708
0.098871231079102
0.093407869338989
0.094545841217041
0.092465877532959
0.090900897979736
0.096386909484863
0.091148138046265
0.08954906463623
0.093787908554077
0.095937013626099
0.094667196273804
0.09614086151123
0.088582038879395
0.097749948501587
0.091973066329956
0.096984148025513
0.093024015426636
0.099598169326782
0.12112593650818
0.11556601524353
0.095683097839355
0.091485977172852
0.098510026931763
0.099759101867676
0.097373008728027
0.09902286529541
0.092358112335205
0.092761993408203
0.096760034561157
0.100417137146
0.097434043884277
0.09406304359436
0.096402168273926
0.091997861862183
0.10444402694702
0.093783855438232
0.096153974533081
0.096946001052856
0.10707783699036
0.089661836624146
0.10214018821716
0.09697699546814
0.090703010559082
0.12003207206726
0.10629487037659
0.10369896888733
0.10433292388916
0.091125011444092
0.098572015762329
0.092839956283569
0.10007810592651
0.10119795799255
0.097339868545532
0.09126615524292
0.10107898712158
0.098301887512207
0.096652030944824
0.092755079269409
0.10465717315674
0.090901851654053
0.098966836929321
0.092338085174561
0.098061800003052
0.10582304000854
0.10431313514709
0.094872951507568
0.096781015396118
0.090199947357178
0.10263895988464
0.097994089126587
0.089614868164062
0.093797922134399
0.099795818328857
0.091768026351929
0.1029109954834
0.095121145248413
0.10075283050537
0.093345880508423
0.096250057220459
0.10174322128296
0.09929895401001
0.09688401222229
0.10009598731995
0.097223997116089
0.088712930679321
0.08983588218689
0.093394994735718
0.094022989273071
0.092800855636597
0.099770069122314
0.094969034194946
0.098781108856201
0.097959995269775
0.095715045928955
0.098573923110962
0.10000085830688
0.09220814704895
0.095679044723511
0.092046022415161
0.39497399330139
0.091941118240356
0.094265937805176
0.10059905052185
0.095981121063232
0.088525772094727
0.098972082138062
0.093140840530396
0.10297203063965
0.094503164291382
0.092399120330811
0.093544006347656
0.097660064697266
0.094643115997314
0.096951961517334
0.095741987228394
0.10536003112793
0.10575699806213
0.096481084823608
0.091263055801392
0.10148000717163
0.09063196182251
0.097133874893188
0.10649394989014
0.097747087478638
0.094600200653076
0.098783016204834
0.09171986579895
0.093410015106201
0.10100412368774
0.089741945266724
0.091399908065796
0.098536968231201
0.099267959594727
0.12197709083557
0.094649076461792
0.095003128051758
0.10074901580811
0.090439796447754
0.0935959815979
0.091708898544312
0.097903966903687
0.1028368473053
0.09224796295166
0.093559980392456
0.095299005508423
0.10642409324646
0.093322992324829
0.097005844116211
0.095690011978149
0.095520973205566
0.11778998374939
0.096088886260986
0.11373996734619
0.11108899116516
0.088372945785522
0.088527917861938
0.093283176422119
0.093236207962036
0.099477052688599
0.096259832382202
0.088401079177856
0.096155166625977
0.09492301940918
0.096889972686768
0.098157167434692
0.092192888259888
0.095046043395996
0.095909833908081
0.096196174621582
0.088531017303467
0.095440149307251
0.10558891296387
0.096714019775391
0.11107206344604
0.10064196586609
0.090795040130615
0.089108943939209
0.095438003540039
0.097069025039673
0.098033905029297
0.089689970016479
0.095702886581421
0.098814010620117
0.089725971221924
0.090366125106812
0.094775199890137
0.097961902618408
0.10479784011841
0.10160207748413
0.095299959182739
0.091143846511841
0.090903997421265
0.089370965957642
0.09341287612915
0.096269845962524
0.20799398422241
0.11494517326355
0.097615003585815
0.09322190284729
0.10084295272827
0.10744094848633
0.09820294380188
0.093940019607544
0.10251903533936
0.098821878433228
0.10940599441528
0.091015100479126
0.096917867660522
0.090033054351807
0.099879026412964
0.10212802886963
0.097865104675293
0.099072217941284
0.096976041793823
0.22515511512756
0.0939040184021
0.10595107078552
0.097896099090576
0.094536066055298
0.089167833328247
0.093533039093018
0.097124814987183
0.087583065032959
0.094775915145874
0.10018396377563
0.11306977272034
0.091629028320312
0.097854137420654
0.096148014068604
0.11443305015564
0.094228982925415
0.091576099395752
0.096473932266235
0.099629878997803
0.10432100296021
0.097580194473267
0.10207104682922
0.093364000320435
0.090683937072754
0.11899995803833
0.10041880607605
0.10039019584656
0.09186315536499
0.099070072174072
0.089092016220093
0.10083103179932
0.093893051147461
0.095271110534668
0.092774868011475
0.09548282623291
0.090268135070801
0.10203194618225
0.10025382041931
0.090561866760254
0.098085880279541
0.092912912368774
0.09598708152771
0.10414505004883
0.1217679977417
0.29351305961609
0.090410947799683
0.094214916229248
0.094618082046509
0.092653036117554
0.09060001373291
0.096257925033569
0.10418891906738
0.10255599021912
0.098001003265381
0.10897588729858
0.099359035491943
0.095484972000122
0.090999126434326
0.093560934066772
0.099717855453491
0.092206954956055
0.092114210128784
0.096174955368042
0.10702395439148
0.098889112472534
0.094235897064209
0.090876817703247
0.094313859939575
0.094295978546143
0.089900970458984
0.097239971160889
0.095807075500488
0.094761848449707
0.090101957321167
0.091409206390381
0.091190099716187
0.097643136978149
0.092715978622437
0.092406988143921
0.093700885772705
0.095332860946655
0.10108590126038
0.093080043792725
0.094316005706787
0.097107887268066
0.090739965438843
0.09060001373291
0.089506864547729
0.099009990692139
0.096635103225708
0.096063852310181
0.090004205703735
0.096652984619141
0.092710018157959
0.097882032394409
0.094993114471436
0.094197034835815
0.09060001373291
0.10649108886719
0.097146987915039
0.097357034683228
0.094408988952637
0.10502004623413
0.096640825271606
0.088196992874146
0.095417976379395
0.099976062774658
0.092626094818115
0.10203289985657
0.092077016830444
0.097326040267944
0.090193033218384
0.097437143325806
0.097312211990356
0.11788511276245
0.11191701889038
0.096988916397095
0.09991192817688
0.097657918930054
0.098489046096802
0.093173027038574
0.090306997299194
0.098160028457642
0.091982126235962
0.10072708129883
0.096908807754517
0.091947078704834
0.089089155197144
0.10778498649597
0.094205141067505
0.094869136810303
0.093679904937744
0.097935199737549
0.10741400718689
0.10033702850342
0.092593908309937
0.1001250743866
0.10001993179321
0.097856044769287
0.099954128265381
0.0903480052948
0.11236691474915
0.10292100906372
0.094583988189697
0.093468189239502
0.089977025985718
0.094624042510986
0.10747909545898
0.10549116134644
0.092903137207031
0.096256971359253
0.094200849533081
0.097840070724487
0.10724186897278
0.090964078903198
0.099649906158447
0.10228395462036
0.092044115066528
0.12348794937134
0.089781999588013
0.098298788070679
0.10609412193298
0.095777988433838
0.094820022583008
0.092465877532959
0.092349052429199
0.099078893661499
0.099568128585815
0.093809843063354
0.091701030731201
0.091580152511597
0.094503164291382
0.091935873031616
0.095808029174805
0.10368919372559
0.09475302696228
0.11289095878601
0.090276002883911
0.094409942626953
0.096064805984497
0.10164594650269
0.10019087791443
0.092496156692505
0.092119932174683
0.10417008399963
0.11033010482788
0.093382120132446
0.092350006103516
0.09348201751709
0.091655969619751
0.094913959503174
0.087147951126099
0.099409103393555
0.10776495933533
0.093502044677734
0.091645956039429
0.09972095489502
0.093332052230835
0.093002796173096
0.094062805175781
0.098958015441895
0.08910083770752
0.090806007385254
0.093991041183472
0.090820074081421
0.093708992004395
0.097090005874634
0.097279071807861
0.098176002502441
0.10272097587585
0.1017382144928
0.098323106765747
0.094888925552368
0.094238042831421
0.10130596160889
0.1058669090271
0.09419322013855
0.09139609336853
0.10106205940247
0.08829402923584
0.093628883361816
0.09972095489502
0.10141086578369
0.20844006538391
0.093706130981445
0.096858024597168
0.093825101852417
0.090878963470459
0.09982705116272
0.11229109764099
0.095801115036011
0.090775012969971
0.10493612289429
0.094865083694458
0.09035587310791
0.091486930847168
0.092575073242188
0.098303079605103
0.09121298789978
0.093302011489868
0.093837022781372
0.093281984329224
0.21503901481628
0.091073036193848
0.09306001663208
0.092669010162354
0.096683979034424
0.093551158905029
0.10604095458984
0.097285032272339
0.088592052459717
0.098299980163574
0.094789028167725
0.099752902984619
0.10562300682068
0.094660997390747
0.0957350730896
0.099644899368286
0.089678764343262
0.10102701187134
0.10126304626465
0.09230899810791
0.10183215141296
0.10250115394592
0.098261833190918
0.093950033187866
0.098877906799316
0.089608907699585
0.10905790328979
0.097133874893188
0.097009897232056
0.10432291030884
0.09912896156311
0.10355806350708
0.092574119567871
0.097156047821045
0.088144063949585
0.1052417755127
0.099021196365356
0.094146966934204
0.098687887191772
0.093955993652344
0.092180967330933
0.099052906036377
0.10315895080566
0.10318207740784
0.097560882568359
0.09487509727478
0.091903924942017
0.10418510437012
0.099216938018799
0.09688401222229
0.096274852752686
0.10170006752014
0.092941045761108
0.090528964996338
0.092674016952515
0.096942901611328
0.090207099914551
0.088778972625732
0.087997913360596
0.089784860610962
0.09840989112854
0.098615884780884
0.094511985778809
0.099961042404175
0.099502086639404
0.097688913345337
0.10641503334045
0.097038984298706
0.097048997879028
0.09647011756897
0.10353994369507
0.097936868667603
0.095113039016724
0.092175960540771
0.092818021774292
0.097251892089844
0.096177101135254
0.093365907669067
0.10005593299866
0.1290647983551
0.095341920852661
0.089987993240356
0.099321842193604
0.1245539188385
0.096136093139648
0.1028528213501
0.099159002304077
0.096179008483887
0.094722032546997
0.099095106124878
0.092067003250122
0.10243010520935
0.095529079437256
0.092877864837646
0.096398830413818
0.090329170227051
0.097102880477905
0.1025218963623
0.08928394317627
0.10139894485474
0.1045618057251
0.095041036605835
0.096955060958862
0.094960927963257
0.09874701499939
0.098755121231079
0.096644878387451
0.091898918151855
0.090715169906616
0.092061996459961
0.098897933959961
0.099220037460327
0.093918085098267
0.099605083465576
0.098443984985352
0.090575933456421
0.10606694221497
0.098533153533936
0.098691940307617
0.09001898765564
0.10128092765808
0.10458588600159
0.09292197227478
0.094101190567017
0.094169855117798
0.092300891876221
0.091877937316895
0.098092079162598
0.10683298110962
0.09729790687561
0.098412990570068
0.094811916351318
0.09614896774292
0.09848690032959
0.11086201667786
0.091927051544189
0.10432291030884
0.10164904594421
0.09928297996521
0.09126615524292
0.092005014419556
0.093735218048096
0.095892190933228
0.091742992401123
0.091354846954346
0.10015487670898
0.098773002624512
0.093073844909668
0.10215902328491
0.39389705657959
0.11287212371826
0.10703587532043
0.094550132751465
0.099523067474365
0.098088979721069
0.097288846969604
0.10293316841125
0.098994970321655
0.10034418106079
0.099005937576294
0.094832897186279
0.095499992370605
0.091784000396729
0.094476938247681
0.099219083786011
0.094232082366943
0.096317052841187
0.095442056655884
0.11735010147095
0.095128059387207
0.10115909576416
0.09391713142395
0.093719959259033
0.1065502166748
0.10604405403137
0.098606109619141
0.1023051738739
0.092117071151733
0.097622156143188
0.092330932617188
0.093738079071045
0.097779989242554
0.10528087615967
0.092732906341553
0.094887971878052
0.10160398483276
0.098834991455078
0.10089707374573
0.11117315292358
0.096739053726196
0.093119859695435
0.092869997024536
0.094053030014038
0.10004806518555
0.10098910331726
0.097257137298584
0.1018180847168
0.093939065933228
0.092726945877075
0.096883058547974
0.09506893157959
0.097459077835083
0.10402989387512
0.10509705543518
0.094705104827881
0.13716793060303
0.095160007476807
0.094886064529419
0.090366125106812
0.09463095664978
0.1044180393219
0.09246301651001
0.098037004470825
0.10185694694519
0.10121512413025
0.101557970047
0.087171077728271
0.092190027236938
0.10485792160034
0.096276998519897
0.10121178627014
0.10007619857788
0.11506295204163
0.096935987472534
0.095801115036011
0.092427968978882
0.096789121627808
0.1013879776001
0.090473890304565
0.094999074935913
0.099392175674438
0.09564208984375
0.13544392585754
0.093467950820923
0.10962104797363
0.095022916793823
0.099700927734375
0.098992109298706
0.094421863555908
0.097250938415527
0.1000018119812
0.11154699325562
0.091779947280884
0.094802141189575
0.095480918884277
0.097960948944092
0.095717906951904
0.10040903091431
0.097651958465576
0.10217905044556
0.090726852416992
0.095701932907104
0.092675924301147
0.094084024429321
0.11171293258667
0.091742992401123
0.097269058227539
0.096146821975708
0.090587139129639
0.091455936431885
0.093837022781372
0.098510026931763
0.094171047210693
0.10496401786804
0.094642877578735
0.11493706703186
0.096008062362671
0.10639095306396
0.096207857131958
0.10916185379028
0.092504978179932
0.09343409538269
0.10678720474243
0.093794107437134
0.10074281692505
0.099673986434937
0.10837697982788
0.10863208770752
0.095705032348633
0.099436044692993
0.096495151519775
0.0971519947052
0.095551013946533
0.097080945968628
0.091191053390503
0.091106176376343
0.092267036437988
0.091511964797974
0.099771022796631
0.10077404975891
0.097095012664795
0.095696926116943
0.095520973205566
0.095571994781494
0.091108083724976
0.10173201560974
0.091521978378296
0.099440813064575
0.090713977813721
0.10039496421814
0.094583034515381
0.14373588562012
0.089316844940186
0.093346118927002
0.10597395896912
0.093256950378418
0.095960855484009
0.090399026870728
0.097380876541138
0.10268807411194
0.10557413101196
0.092238903045654
0.10767292976379
0.10078191757202
0.1019070148468
0.099043846130371
0.095617771148682
0.1049280166626
0.097032070159912
0.097454071044922
0.098289012908936
0.099651098251343
0.097116947174072
0.10800790786743
0.10107398033142
0.089620113372803
0.095885992050171
0.097298860549927
0.089772939682007
0.098456144332886
0.096905946731567
0.091087102890015
0.099736213684082
0.1067430973053
0.089766979217529
0.097648143768311
0.10125398635864
0.095113039016724
0.097711086273193
0.092296123504639
0.093858003616333
0.10647702217102
0.091317176818848
0.10742783546448
0.10419511795044
0.099097013473511
0.095881938934326
0.091401815414429
0.092123985290527
0.091203927993774
0.10427498817444
0.095936059951782
0.089133977890015
0.093481063842773
0.096592903137207
0.094670057296753
0.09201192855835
0.09508204460144
0.099113941192627
0.098991870880127
0.10433888435364
0.093899965286255
0.11471605300903
0.091376066207886
0.091967105865479
0.096857070922852
0.093945980072021
0.1079740524292
0.10311102867126
0.099246978759766
0.1006908416748
0.093714952468872
0.096147060394287
0.090897083282471
0.092509984970093
0.10512399673462
0.10939288139343
0.094389915466309
0.09461522102356
0.10101795196533
0.091598987579346
0.096601009368896
0.091689109802246
0.10364699363708
0.097548961639404
0.098988056182861
0.098364114761353
0.091320991516113
0.092674970626831
0.095448017120361
0.090045928955078
0.092926025390625
0.096948146820068
0.091650009155273
0.097116947174072
0.090458869934082
0.094552993774414
0.097761154174805
0.10337686538696
0.1065731048584
0.098345994949341
0.099771022796631
0.093842029571533
0.097135066986084
0.089250087738037
0.093677997589111
0.095892906188965
0.10021495819092
0.10289216041565
0.094558000564575
0.1009578704834
0.10216593742371
0.098062992095947
0.099837064743042
0.093235015869141
0.095170974731445
0.095232963562012
0.117103099823
0.1046781539917
0.10647010803223
0.096505880355835
0.094882965087891
0.10489296913147
0.096593856811523
0.094403028488159
0.10226511955261
0.097774028778076
0.095693111419678
0.097862005233765
0.10284781455994
0.090778827667236
0.094028234481812
0.093672037124634
0.099942922592163
0.090310096740723
0.097076892852783
0.10443592071533
0.1022789478302
0.11672592163086
0.10398197174072
0.093922138214111
0.095547914505005
0.11169099807739
0.095695972442627
0.11012601852417
0.10088801383972
0.098208904266357
0.10329580307007
0.10238695144653
0.098541975021362
0.10802602767944
0.091814041137695
0.10716414451599
0.094732046127319
0.10320401191711
0.093808889389038
0.097733020782471
0.096819877624512
0.099272966384888
0.10094094276428
0.096613168716431
0.088994979858398
0.10012412071228
0.095330953598022
0.098372220993042
0.092952966690063
0.09815502166748
0.09069299697876
0.099333047866821
0.096518993377686
0.09486198425293
0.097556114196777
0.097913026809692
0.096072912216187
0.092957019805908
0.10172891616821
0.097697973251343
0.097311019897461
0.094900846481323
0.10282492637634
0.091821908950806
0.093498945236206
0.094203948974609
0.10430788993835
0.092886924743652
0.10106205940247
0.10300803184509
0.10196685791016
0.10883903503418
0.093116044998169
0.10056400299072
0.10428500175476
0.11459898948669
0.1000988483429
0.10497689247131
0.093476057052612
0.1046450138092
0.10253190994263
0.092761993408203
0.1002459526062
0.1012749671936
0.097655057907104
0.09531307220459
0.099058151245117
0.092344999313354
0.095783948898315
0.1026759147644
0.092451095581055
0.096281051635742
0.097908020019531
0.096435070037842
0.10423707962036
0.093059062957764
0.093721866607666
0.099555015563965
0.096045970916748
0.093916177749634
0.10223793983459
0.092496871948242
0.091378927230835
0.092867136001587
0.089087009429932
0.10851192474365
0.096691131591797
0.095379829406738
0.09509015083313
0.096329927444458
0.093797922134399
0.092648029327393
0.099452018737793
0.094210863113403
0.098538160324097
0.10104894638062
0.10418391227722
0.096498012542725
0.091794967651367
0.093581914901733
0.095394134521484
0.093896865844727
0.099730968475342
0.098299026489258
0.10916519165039
0.092676162719727
0.094900846481323
0.095290899276733
0.09965181350708
0.10572099685669
0.094948053359985
0.097277164459229
0.097028017044067
0.098634958267212
0.098443031311035
0.093506813049316
0.089209079742432
0.10560894012451
0.09869384765625
0.095348119735718
0.11473512649536
0.099051952362061
0.10564208030701
0.094858884811401
0.09500789642334
0.097754955291748
0.1026599407196
0.10547590255737
0.092097997665405
0.092461109161377
0.10471987724304
0.10853099822998
0.088679075241089
0.10076808929443
0.10601997375488
0.095183849334717
0.10162591934204
0.10691404342651
0.10694289207458
0.095357894897461
0.14637804031372
0.10384297370911
0.10245513916016
0.096778869628906
0.096941947937012
0.098289012908936
0.096335887908936
0.093844890594482
0.097347974777222
0.094120979309082
0.10036993026733
0.089071989059448
0.09946608543396
0.09498119354248
0.093736171722412
0.092485904693604
0.09076189994812
0.10083699226379
0.092947006225586
0.096498012542725
0.091347217559814
0.10352802276611
0.091001033782959
0.093774080276489
0.096533060073853
0.094683170318604
0.093826055526733
0.096946954727173
0.098259925842285
0.092612028121948
0.091681957244873
0.092899084091187
0.099091053009033
0.10682201385498
0.11295199394226
0.092798948287964
0.10146713256836
0.090003967285156
0.094465017318726
0.09426212310791
0.093207836151123
0.09961986541748
0.10991811752319
0.099929094314575
0.10029292106628
0.095736980438232
0.086238861083984
0.10554909706116
0.10134983062744
0.099808931350708
0.093831062316895
0.095859050750732
0.09109902381897
0.093349933624268
0.098976850509644
0.096210956573486
0.094125986099243
0.10184788703918
0.094318866729736
0.094561100006104
0.099035978317261
0.096324920654297
0.089907884597778
0.094182014465332
0.10033321380615
0.095630884170532
0.098178863525391
0.096457004547119
0.10515189170837
0.10635185241699
0.103590965271
0.11309218406677
0.095899105072021
0.10055088996887
0.094635009765625
0.10277986526489
0.092548131942749
0.095751047134399
0.097527027130127
0.090540170669556
0.093816995620728
0.101567029953
0.09856104850769
0.095695018768311
0.099442958831787
0.096518993377686
0.093099117279053
0.10232782363892
0.10021615028381
0.10348987579346
0.093238830566406
0.10151696205139
0.091683864593506
0.0903639793396
0.10313081741333
0.092375040054321
0.092229843139648
0.10111308097839
0.099947929382324
0.09105396270752
0.097748994827271
0.094714164733887
0.095148801803589
0.098912000656128
0.094931840896606
0.09697413444519
0.098536014556885
0.10897994041443
0.096621036529541
0.095041990280151
0.096901893615723
0.098405122756958
0.091681957244873
0.092621088027954
0.096654891967773
0.094879865646362
0.095823049545288
0.096251964569092
0.091820955276489
0.096283912658691
0.096215009689331
0.093775033950806
0.099788904190063
0.092276096343994
0.093168973922729
0.091408967971802
0.096492052078247
0.10060095787048
0.090772151947021
0.095319986343384
0.10092711448669
0.093510866165161
0.10145306587219
0.095777988433838
0.097630977630615
0.10247111320496
0.097203969955444
0.091984033584595
0.097649097442627
0.093002080917358
0.096820116043091
0.100909948349
0.098648071289062
0.096773862838745
0.092449903488159
0.098382949829102
0.10097885131836
0.093141078948975
0.10327196121216
0.092010021209717
0.09601616859436
0.09964394569397
0.092870950698853
0.094439029693604
0.092182159423828
0.10631513595581
0.094766139984131
0.090052843093872
0.098262071609497
0.095161914825439
0.10810303688049
0.098249912261963
0.0988450050354
0.20673799514771
0.10090208053589
0.1021990776062
0.094074964523315
0.099953889846802
0.14992308616638
0.10597896575928
0.096091985702515
0.09913182258606
0.096343040466309
0.094455003738403
0.1019229888916
0.096313953399658
0.096915006637573
0.14963603019714
0.090824127197266
0.10129690170288
0.090698957443237
0.099547863006592
0.093922138214111
0.11089706420898
0.096921920776367
0.096614837646484
0.099669933319092
0.10394787788391
0.099226236343384
0.096673011779785
0.099784135818481
0.13380908966064
0.10065102577209
0.098171949386597
0.092759132385254
0.10406613349915
0.098804950714111
0.096909046173096
0.091856956481934
0.098669052124023
0.090476036071777
0.091064929962158
0.097315073013306
0.094686031341553
0.092950105667114
0.10181188583374
0.092128992080688
0.098671913146973
0.099086046218872
0.095324993133545
0.095399141311646
0.10558700561523
0.10248613357544
0.10007691383362
0.096773862838745
0.10519504547119
0.09952187538147
0.10099101066589
0.091560125350952
0.092432975769043
0.095978975296021
0.093284845352173
0.097499132156372
0.10424423217773
0.10479998588562
0.092507839202881
0.090749025344849
0.095587968826294
0.095597982406616
0.10355401039124
0.097163915634155
0.10198998451233
0.10018992424011
0.097391128540039
0.096801042556763
0.095440149307251
0.090557098388672
0.097116947174072
0.089924097061157
0.09874701499939
0.096006870269775
0.09816312789917
0.094302892684937
0.098474025726318
0.095527172088623
0.089840173721313
0.095669984817505
0.10274696350098
0.093448877334595
0.098660945892334
0.097653150558472
0.10119605064392
0.10935688018799
0.096486806869507
0.096765041351318
0.098972082138062
0.096200942993164
0.092933893203735
0.093751192092896
0.090333223342896
0.097593784332275
0.097616910934448
0.099025964736938
0.10236191749573
0.097337007522583
0.096943855285645
0.10309100151062
0.10259199142456
0.098963975906372
0.099759817123413
0.089975118637085
0.097217082977295
0.091306209564209
0.094254970550537
0.089960098266602
0.10230398178101
0.10028004646301
0.098659992218018
0.090430974960327
0.10050296783447
0.1003270149231
0.091917037963867
0.096001863479614
0.092029809951782
0.092475891113281
0.091184854507446
0.100172996521
0.091667890548706
0.10325193405151
0.098689079284668
0.10879707336426
0.093449115753174
0.10154891014099
0.094470977783203
0.098286867141724
0.097088098526001
0.10586190223694
0.09812593460083
0.09853720664978
0.097393989562988
0.10866808891296
0.090816020965576
0.099500179290771
0.089977979660034
0.091825008392334
0.10798907279968
0.092286825180054
0.10131096839905
0.09673285484314
0.098382949829102
0.096271991729736
0.0920090675354
0.10703110694885
0.094939947128296
0.10597705841064
0.09524393081665
0.093070983886719
0.092668056488037
0.094866037368774
0.098476886749268
0.10523509979248
0.097368955612183
0.098706007003784
0.10581207275391
0.10439610481262
0.091668844223022
0.095961093902588
0.094347953796387
0.09782600402832
0.097627878189087
0.31269502639771
0.097611904144287
0.090307950973511
0.09294605255127
0.088943958282471
0.092298984527588
0.09266996383667
0.10550594329834
0.097033977508545
0.090376853942871
0.098051071166992
0.09819507598877
0.093107938766479
0.09800910949707
0.099874019622803
0.10398292541504
0.10280585289001
0.10258293151855
0.096052169799805
0.096956968307495
0.094557046890259
0.096000909805298
0.094425916671753
0.10141611099243
0.093391895294189
0.10517287254333
0.092461824417114
0.1002938747406
0.090529918670654
0.093311071395874
0.097064018249512
0.094033002853394
0.10663104057312
0.094985961914062
0.10293698310852
0.11427712440491
0.10107016563416
0.094463109970093
0.091847896575928
0.10453796386719
0.094786167144775
0.094002962112427
0.10047006607056
0.095474004745483
0.095839023590088
0.096508979797363
0.098262071609497
0.10176515579224
0.099884033203125
0.1025230884552
0.090298891067505
0.093015193939209
0.10524296760559
0.09733510017395
0.10656905174255
0.09949517250061
0.097657918930054
0.10105895996094
0.099920988082886
0.097424983978271
0.090917825698853
0.090993881225586
0.095180988311768
0.094778776168823
0.10939598083496
0.094615936279297
0.097111940383911
0.092031955718994
0.098328828811646
0.097887992858887
0.091521978378296
0.094915866851807
0.095439910888672
0.092113018035889
0.095262050628662
0.098210096359253
0.098094940185547
0.10759806632996
0.09253191947937
0.092396020889282
0.2199718952179
0.091866016387939
0.089676856994629
0.099939823150635
0.10560894012451
0.10491800308228
0.090065956115723
0.094402074813843
0.098310947418213
0.10861611366272
0.096397876739502
0.0903480052948
0.086957931518555
0.094221830368042
0.0933518409729
0.10035109519958
0.093684911727905
0.09770393371582
0.092038869857788
0.09137487411499
0.093384027481079
0.099537134170532
0.093585968017578
0.091614961624146
0.1044819355011
0.091753005981445
0.095035076141357
0.10267686843872
0.091618061065674
0.099597930908203
0.10327911376953
0.091979026794434
0.094789981842041
0.094690084457397
0.090188980102539
0.092252016067505
0.094730138778687
0.090050935745239
0.093569993972778
0.091620922088623
0.096192836761475
0.092222213745117
0.096796035766602
0.091587066650391
0.099238157272339
0.099246025085449
0.10475397109985
0.098542928695679
0.10278296470642
0.094103813171387
0.0934898853302
0.095586061477661
0.095423936843872
0.096124887466431
0.095339059829712
0.090452909469604
0.094266891479492
0.10093808174133
0.10266280174255
0.099097967147827
0.10621500015259
0.10100507736206
0.091968059539795
0.1015350818634
0.09375
0.093583822250366
0.095983028411865
0.09620213508606
0.093628168106079
0.09483790397644
0.10041689872742
0.098028182983398
0.10096883773804
0.096633195877075
0.10256290435791
0.09617805480957
0.098387002944946
0.090294122695923
0.094703912734985
0.10677194595337
0.10072898864746
0.092521905899048
0.10293292999268
0.10043406486511
0.10289907455444
0.09613299369812
0.10843586921692
0.11663317680359
0.09963321685791
0.10528993606567
0.093052864074707
0.09563422203064
0.091686010360718
0.09069299697876
0.094329118728638
0.091181993484497
0.097762107849121
0.092456102371216
0.096215963363647
0.091500043869019
0.10286903381348
0.098754167556763
0.096939086914062
0.10060000419617
0.096392869949341
0.095907926559448
0.099929094314575
0.096776008605957
0.091899871826172
0.10568284988403
0.095778942108154
0.095142841339111
0.095309019088745
0.097872972488403
0.092803001403809
0.098834037780762
0.098045110702515
0.095536947250366
0.10501599311829
0.10598087310791
0.098036766052246
0.10723400115967
0.090934991836548
0.11300897598267
0.10192799568176
0.10231399536133
0.1040940284729
0.098628044128418
0.094937801361084
0.10221219062805
0.094250917434692
0.09965991973877
0.09601092338562
0.091827154159546
0.095861911773682
0.090924024581909
0.09986400604248
0.091752052307129
0.098075866699219
0.1037929058075
0.093961954116821
0.099412202835083
0.096173048019409
0.096801042556763
0.097728967666626
0.090526819229126
0.091057777404785
0.096230983734131
0.097301006317139
0.0921950340271
0.11081790924072
0.098842859268188
0.098677158355713
0.098050832748413
0.094791889190674
0.098228931427002
0.0936119556427
0.10085487365723
0.097198009490967
0.09653115272522
0.10650205612183
0.10271811485291
0.090422868728638
0.089631080627441
0.098342180252075
0.099959135055542
0.099205017089844
0.10053300857544
0.097238063812256
0.10000514984131
0.096151113510132
0.093295097351074
0.093921899795532
0.093255996704102
0.09419584274292
0.10232305526733
0.10090708732605
0.094605922698975
0.10227012634277
0.091932058334351
0.093189001083374
0.17298197746277
0.09707498550415
0.11880993843079
0.087631940841675
0.090305089950562
0.093851089477539
0.097404956817627
0.098012924194336
0.10106205940247
0.098251104354858
0.095867156982422
0.11728096008301
0.10685610771179
0.10052299499512
0.095288991928101
0.092763900756836
0.092047929763794
0.099863052368164
0.094625949859619
0.10860395431519
0.088151931762695
0.10047912597656
0.096998929977417
0.090328931808472
0.1038498878479
0.099246978759766
0.10540103912354
0.097537040710449
0.10835194587708
0.098026990890503
0.10267496109009
0.10887122154236
0.097323894500732
0.10239601135254
0.093516111373901
0.097634792327881
0.091612815856934
0.10523509979248
0.10014510154724
0.094742059707642
0.10311388969421
0.090785980224609
0.092788934707642
0.095357894897461
0.090268850326538
0.096588850021362
0.098937034606934
0.098506927490234
0.099175930023193
0.098953008651733
0.095353841781616
0.096824169158936
0.10535097122192
0.095247030258179
0.10759305953979
0.1018328666687
0.09252405166626
0.097491979598999
0.094113111495972
0.094997882843018
0.093551874160767
0.092217922210693
0.10072898864746
0.097981929779053
0.0971360206604
0.10159707069397
0.098819971084595
0.10425496101379
0.10263586044312
0.096033096313477
0.1081120967865
0.099322080612183
0.090488910675049
0.091330051422119
0.10011792182922
0.10091710090637
0.098239183425903
0.095999002456665
0.093564987182617
0.097069978713989
0.095641851425171
0.094321966171265
0.098858118057251
0.098181962966919
0.098418951034546
0.097647905349731
0.095004081726074
0.10316491127014
0.10980200767517
0.093125104904175
0.099485158920288
0.097392797470093
0.09591817855835
0.11189389228821
0.094498872756958
0.10138702392578
0.098957061767578
0.095343828201294
0.090521097183228
0.094034194946289
0.099252939224243
0.091572999954224
0.094027996063232
0.11422109603882
0.09744119644165
0.092724084854126
0.089540004730225
0.10196495056152
0.10154104232788
0.096213102340698
0.095237016677856
0.10494613647461
0.10064601898193
0.10120010375977
0.099184036254883
0.094928979873657
0.089766025543213
0.10890412330627
0.099241971969604
0.094208955764771
0.099936008453369
0.098973035812378
0.092239856719971
0.098228216171265
0.094357967376709
0.099122047424316
0.093953132629395
0.09353494644165
0.090714931488037
0.099357128143311
0.092702865600586
0.10762882232666
0.087438106536865
0.1000599861145
0.093719959259033
0.09470009803772
0.1056489944458
0.089077949523926
0.097028017044067
0.096714019775391
0.10276794433594
0.10454988479614
0.0972900390625
0.096693992614746
0.09750509262085
0.10468006134033
0.10138607025146
0.095736980438232
0.090384960174561
0.093487024307251
0.096489906311035
0.10303902626038
0.09786581993103
0.38975191116333
0.092801094055176
0.091883897781372
0.094100952148438
0.094490051269531
0.087954044342041
0.10112190246582
0.098833084106445
0.090574979782104
0.092456817626953
0.091253042221069
0.10278987884521
0.094686985015869
0.10194396972656
0.096796035766602
0.088585138320923
0.098643064498901
0.097204923629761
0.09232497215271
0.099310874938965
0.091317892074585
0.099128007888794
0.10168600082397
0.098110914230347
0.10271811485291
0.090752124786377
0.11403012275696
0.094220161437988
0.091243028640747
0.10041117668152
0.0953369140625
0.094855070114136
0.090926885604858
0.095389842987061
0.097747087478638
0.097153186798096
0.094476222991943
0.09428882598877
0.09462308883667
0.097302913665771
0.095489025115967
0.096511840820312
0.090070009231567
0.10275292396545
0.09344220161438
0.092328071594238
0.10692501068115
0.10258793830872
0.093194961547852
0.093656063079834
0.096296072006226
0.096642971038818
0.094941139221191
0.095696926116943
0.098731994628906
0.094734191894531
0.092951059341431
0.090151071548462
0.090437889099121
0.10002398490906
0.099227905273438
0.091198921203613
0.10223698616028
0.10712099075317
0.094203948974609
0.10486698150635
0.09382700920105
0.098976135253906
0.10047101974487
0.098316192626953
0.099187135696411
0.090775966644287
0.094425201416016
0.094902992248535
0.097033023834229
0.093103170394897
0.094913005828857
0.095319032669067
0.09525990486145
0.1078839302063
0.098716974258423
0.094825983047485
0.098723173141479
0.10494995117188
0.10343599319458
0.09778094291687
0.097615957260132
0.09644603729248
0.096433162689209
0.08775806427002
0.10928106307983
0.10012006759644
0.094434022903442
0.11224794387817
0.089282989501953
0.091264009475708
0.097591876983643
0.096670866012573
0.095243215560913
0.10182285308838
0.091971874237061
0.094924211502075
0.098231792449951
0.095582008361816
0.090826988220215
0.094721078872681
0.090779066085815
0.092875957489014
0.090756893157959
0.09027099609375
0.091746091842651
0.090011835098267
0.10148000717163
0.094391822814941
0.097142219543457
0.10042095184326
0.08883810043335
0.10280895233154
0.096877098083496
0.092901945114136
0.10087490081787
0.09822416305542
0.095834970474243
0.10377812385559
0.3952488899231
0.089848041534424
0.09226393699646
0.098864078521729
0.10463094711304
0.091007947921753
0.093648910522461
0.094377994537354
0.09158992767334
0.092571020126343
0.096943140029907
0.1053159236908
0.092993021011353
0.099003076553345
0.099195957183838
0.095679044723511
0.096312999725342
0.098948001861572
0.095810890197754
0.099110126495361
0.092564105987549
0.094431161880493
0.091791868209839
0.09843921661377
0.091103076934814
0.096731901168823
0.092871189117432
0.09605598449707
0.096683025360107
0.092183828353882
0.094023942947388
0.093882083892822
0.10036087036133
0.099899053573608
0.093185901641846
0.098206996917725
0.089834928512573
0.097750902175903
0.092138051986694
0.098170042037964
0.10048508644104
0.086831092834473
0.11334991455078
0.094460010528564
0.10198187828064
0.20779490470886
0.092916011810303
0.093897104263306
0.095633983612061
0.094053983688354
0.096868991851807
0.13980197906494
0.10911011695862
0.098958969116211
0.097488880157471
0.10023307800293
0.10188293457031
0.092065811157227
0.092338085174561
0.09401798248291
0.092887878417969
0.10196900367737
0.10272812843323
0.098320007324219
0.093134880065918
0.088647127151489
0.087117195129395
0.097419023513794
0.096773147583008
0.095618009567261
0.091566801071167
0.089147090911865
0.097027778625488
0.095218896865845
0.096992969512939
0.091098070144653
0.094265937805176
0.09578800201416
0.093547105789185
0.093025922775269
0.095231056213379
0.095886945724487
0.10557198524475
0.096070051193237
0.10951614379883
0.091724157333374
0.10400080680847
0.097143888473511
0.096246957778931
0.098188161849976
0.095050096511841
0.093375205993652
0.097127914428711
0.099806070327759
0.093400955200195
0.10407900810242
0.095741987228394
0.10001993179321
0.10717511177063
0.095319032669067
0.094503164291382
0.097399950027466
0.091743946075439
0.098948001861572
0.095887899398804
0.10036206245422
0.10015892982483
0.096195936203003
0.090257883071899
0.090391159057617
0.098228931427002
0.098689794540405
0.098372936248779
0.098546028137207
0.096835136413574
0.099230051040649
0.096601009368896
0.1000759601593
0.09833812713623
0.092708110809326
0.098039865493774
0.095043897628784
0.1000030040741
0.10127902030945
0.093448162078857
0.091980934143066
0.094035148620605
0.10054206848145
0.089836835861206
0.10135912895203
0.10542011260986
0.096209049224854
0.095463991165161
0.10003399848938
0.096273899078369
0.094604015350342
0.094564199447632
0.10432696342468
0.089412212371826
0.095202922821045
0.095843076705933
0.091150999069214
0.091547966003418
0.095139980316162
0.099833965301514
0.096118927001953
0.096144914627075
0.095331907272339
0.10514807701111
0.10442805290222
0.10005402565002
0.091554880142212
0.0954270362854
0.10582208633423
0.09595799446106
0.090548992156982
0.097081899642944
0.09909200668335
0.11441612243652
0.095844030380249
0.095181941986084
0.094287872314453
0.094679117202759
0.099668979644775
0.098093032836914
0.094882965087891
0.10311102867126
0.10600590705872
0.1026599407196
0.092712163925171
0.099138975143433
0.10044479370117
0.10875701904297
0.092196941375732
0.094688892364502
0.09120512008667
0.099540948867798
0.090744018554688
0.09601616859436
0.099884986877441
0.10016202926636
0.089698076248169
0.093255043029785
0.12086391448975
0.098302125930786
0.097308158874512
0.10093903541565
0.094397068023682
0.10218214988708
0.084845066070557
0.11015486717224
0.09489893913269
0.10103106498718
0.10068988800049
0.095515966415405
0.10471606254578
0.093008995056152
0.093626976013184
0.097548007965088
0.092658996582031
0.10140204429626
0.1159610748291
0.10235619544983
0.10065889358521
0.099411964416504
0.094327926635742
0.10916709899902
0.09476113319397
0.10848307609558
0.094941139221191
0.10565614700317
0.092589139938354
0.097724199295044
0.10919189453125
0.10456991195679
0.097287893295288
0.093019008636475
0.10058403015137
0.10390496253967
0.10198092460632
0.097234964370728
0.095685005187988
0.093819141387939
0.10749101638794
0.099498987197876
0.1014358997345
0.099513053894043
0.094315052032471
0.10510301589966
0.10785102844238
0.10506582260132
0.10217308998108
0.10316491127014
0.095288991928101
0.095180988311768
0.094772100448608
0.094542980194092
0.098299026489258
0.094733953475952
0.40175414085388
0.096168994903564
0.095504999160767
0.091238021850586
0.09289288520813
0.090507030487061
0.097822904586792
0.10099291801453
0.099994897842407
0.099442005157471
0.095564126968384
0.099084138870239
0.091050863265991
0.097862958908081
0.10311913490295
0.095401048660278
0.11650204658508
0.093555927276611
0.09798002243042
0.0924391746521
0.098581790924072
0.091610908508301
0.096711874008179
0.10569596290588
0.097382068634033
0.091044902801514
0.091006994247437
0.10195207595825
0.099945068359375
0.093635082244873
0.10244703292847
0.10261702537537
0.097166061401367
0.097926139831543
0.10178685188293
0.095768928527832
0.098832130432129
0.091840028762817
0.11402106285095
0.10052394866943
0.095785856246948
0.092140913009644
0.095797061920166
0.090974092483521
0.10142707824707
0.090950012207031
0.089489936828613
0.098585844039917
0.094970941543579
0.1065468788147
0.11204481124878
0.097210168838501
0.094326019287109
0.099394083023071
0.08870005607605
0.098553895950317
0.099191188812256
0.10084295272827
0.095643043518066
0.10012006759644
0.090214014053345
0.095494985580444
0.092736005783081
0.090938091278076
0.091537952423096
0.094343185424805
0.096980094909668
0.10320591926575
0.093396902084351
0.10189008712769
0.09614896774292
0.095654964447021
0.092293977737427
0.11032700538635
0.10180711746216
0.10427808761597
0.10573410987854
0.093804836273193
0.09515905380249
0.099390029907227
0.11053609848022
0.098114013671875
0.098466157913208
0.092638969421387
0.14721298217773
4.0004410743713
0.090955972671509
0.092016935348511
0.10913419723511
0.091676950454712
0.09685492515564
0.099396944046021
0.10664105415344
0.10060787200928
0.095047950744629
0.095597982406616
0.097862005233765
0.10049796104431
0.095147132873535
0.094097137451172
0.1017382144928
0.1137261390686
0.094784021377563
0.10069990158081
0.10255098342896
0.10172605514526
0.1051230430603
0.10016393661499
0.096567153930664
0.099239826202393
0.096314907073975
0.099384784698486
0.10390114784241
0.1015899181366
0.11765813827515
0.10271501541138
0.096264839172363
0.096824884414673
0.095576047897339
0.10271501541138
0.099895000457764
0.10519814491272
0.10020399093628
0.097908973693848
0.10630989074707
0.097330093383789
0.092954158782959
0.096472024917603
0.098363876342773
0.098618984222412
0.087652921676636
0.10008811950684
0.096091985702515
0.10915923118591
0.10519599914551
0.10189604759216
0.10203385353088
0.10554885864258
0.096939086914062
0.094460010528564
0.09790301322937
0.093986034393311
0.096282005310059
0.10156106948853
0.098974943161011
0.10177803039551
0.091393947601318
0.099720001220703
0.091724872589111
0.11284804344177
0.095677137374878
0.10427093505859
0.094251871109009
0.093483924865723
0.099997997283936
0.095349073410034
0.089095830917358
0.098829984664917
0.10437917709351
0.10198092460632
0.098935842514038
0.092818021774292
0.093930006027222
0.099082946777344
0.10511708259583
0.09453296661377
0.10214996337891
0.10904502868652
0.091702938079834
0.092644929885864
0.093235015869141
0.086251020431519
0.097137928009033
0.096907138824463
0.096094131469727
0.10775279998779
0.1017119884491
0.093248844146729
0.099725008010864
0.088660955429077
0.093626976013184
0.097109079360962
0.09827184677124
0.10331702232361
0.11079692840576
0.090529918670654
0.10873603820801
0.09953784942627
0.093541860580444
0.10452914237976
0.10389995574951
0.096242189407349
0.098955869674683
0.089969158172607
0.10280609130859
0.099991083145142
0.10286498069763
0.094155073165894
0.096518993377686
0.092127084732056
0.094035863876343
0.093415975570679
0.095292091369629
0.10643696784973
0.098160028457642
0.097388982772827
0.091027021408081
0.10892486572266
0.098831176757812
0.094176054000854
0.099086999893188
0.10010194778442
0.11053800582886
0.093770027160645
0.096415042877197
0.099767923355103
0.097592830657959
0.10211682319641
0.09278392791748
0.1038670539856
0.086016893386841
0.092965126037598
0.095051050186157
0.0972900390625
0.097243070602417
0.090517997741699
0.099885940551758
0.11066794395447
0.092881917953491
0.098412036895752
0.098881006240845
0.094993114471436
0.086732149124146
0.096881151199341
0.091478109359741
0.10830593109131
0.09760308265686
0.096288204193115
0.10223817825317
0.089833974838257
0.092217922210693
0.086534023284912
0.098160982131958
0.094683885574341
0.094375133514404
0.098026037216187
0.094794034957886
0.09893798828125
0.091318845748901
0.096621036529541
0.10737490653992
0.097855091094971
0.094681024551392
0.091447830200195
0.091946125030518
0.13544702529907
0.09452486038208
0.096654176712036
0.092134952545166
0.091403007507324
0.098084926605225
0.093997955322266
0.097465991973877
0.093164920806885
0.094125032424927
0.099289178848267
0.095832109451294
0.095677852630615
0.098819017410278
0.099362850189209
0.099519968032837
0.10310506820679
0.094587087631226
0.10086679458618
0.088325023651123
0.091555118560791
0.10140085220337
0.096484899520874
0.09857702255249
0.090434789657593
0.092435836791992
0.093686103820801
0.09665584564209
0.09382700920105
0.094296932220459
0.12211990356445
0.10237002372742
0.093493938446045
0.097474098205566
0.097535133361816
0.20975399017334
0.097151041030884
0.097760915756226
0.092120885848999
0.099952936172485
0.095351934432983
0.096307039260864
0.093631982803345
0.10059785842896
0.099071025848389
0.10109186172485
0.093989133834839
0.11344003677368
0.10110878944397
0.094958782196045
0.096920967102051
0.098298072814941
0.097944974899292
0.10075497627258
0.11872315406799
0.10567998886108
0.10180306434631
0.092687129974365
0.097018003463745
0.10488295555115
0.094282865524292
0.10575199127197
0.095546007156372
0.098659992218018
0.095293045043945
0.098700046539307
0.10975813865662
0.094954967498779
0.096616983413696
0.094045162200928
0.09996509552002
0.098450899124146
0.091572999954224
0.10106110572815
0.11768984794617
0.096935033798218
0.093495845794678
0.094642877578735
0.096606016159058
0.10396289825439
0.089354038238525
0.091794013977051
0.090982913970947
0.097033977508545
0.094321966171265
0.10733103752136
0.10404992103577
0.090144872665405
0.10336804389954
0.093306064605713
0.093585014343262
0.091854095458984
0.092000961303711
0.10572910308838
0.10412192344666
0.097124099731445
0.094200134277344
0.09931492805481
0.10515189170837
0.11060690879822
0.09177303314209
0.091164112091064
0.10200095176697
0.099588871002197
0.095398902893066
0.09791111946106
0.10174608230591
0.10261392593384
0.096360921859741
0.094603061676025
0.097486972808838
0.096664905548096
0.094456911087036
0.15079689025879
0.099066972732544
0.095535039901733
0.10019993782043
0.098307132720947
0.098451137542725
0.098544836044312
0.091373920440674
0.094117164611816
0.10502505302429
0.094611167907715
0.096978902816772
0.096812963485718
0.10366296768188
0.097599983215332
0.10555696487427
0.093502044677734
0.099439859390259
0.09916615486145
0.096238851547241
0.098859071731567
0.09160590171814
0.10171413421631
0.097455978393555
0.096601963043213
0.098526000976562
0.10037779808044
0.10113191604614
0.095741033554077
0.098440885543823
0.094174146652222
0.10386896133423
0.10145902633667
0.09731388092041
0.10116791725159
0.10244202613831
0.10078501701355
0.097795963287354
0.1002459526062
0.10519599914551
0.11494708061218
0.10251903533936
0.095468044281006
0.094982147216797
0.096073865890503
0.094732046127319
0.091443061828613
0.094933986663818
0.096102952957153
0.095096826553345
0.091993093490601
0.096999883651733
0.091121912002563
0.10405993461609
0.096379995346069
0.094750881195068
0.098071098327637
0.094679117202759
0.10162496566772
0.099043130874634
0.097371816635132
0.095149040222168
0.099776029586792
0.091305017471313
0.097552061080933
0.10396313667297
0.091523170471191
0.10404801368713
0.099682092666626
0.10311317443848
0.10820198059082
0.10153102874756
0.096050024032593
0.099195957183838
0.093411922454834
0.096107006072998
0.098984003067017
0.095881938934326
0.098062038421631
0.10294389724731
0.096807956695557
0.090167999267578
0.093452215194702
0.09791111946106
0.094947099685669
0.10350012779236
0.093154907226562
0.10488700866699
0.093260049819946
0.10222387313843
0.09368896484375
0.08852481842041
0.10237097740173
0.097954034805298
0.097298860549927
0.090542793273926
0.095481157302856
0.098317861557007
0.096362113952637
0.10108113288879
0.089987993240356
0.13035488128662
0.10019302368164
0.098901987075806
0.096447944641113
0.096273899078369
0.089944124221802
0.10316705703735
0.094701051712036
0.11524391174316
0.39126086235046
0.10177612304688
0.10274314880371
0.10140681266785
0.09652304649353
0.099148035049438
0.11001205444336
0.091669082641602
0.093306064605713
0.097975015640259
0.093350172042847
0.092604875564575
0.09111499786377
0.10073900222778
0.095099925994873
0.10422611236572
0.10721206665039
0.10141396522522
0.088675975799561
0.10162687301636
0.096482038497925
0.11016297340393
0.088068008422852
0.099091053009033
0.099605083465576
0.090193033218384
0.096513032913208
0.093618869781494
0.088812828063965
0.096410989761353
0.098978996276855
0.099743127822876
0.09218692779541
0.090249061584473
0.1017689704895
0.098170042037964
0.097254037857056
0.10291123390198
0.10089898109436
0.10566592216492
0.096955060958862
0.14866900444031
0.10635018348694
0.098554134368896
0.098844051361084
0.093724012374878
0.09224009513855
0.095892190933228
0.099864959716797
0.15588617324829
0.10094094276428
0.086477994918823
0.10110712051392
0.097054958343506
0.092302083969116
0.09893798828125
0.097047090530396
0.093664884567261
0.097083806991577
0.098029136657715
0.098473072052002
0.10196590423584
0.090626001358032
0.10756492614746
0.093484163284302
0.098416090011597
0.10065293312073
0.095359086990356
0.096338987350464
0.094346046447754
0.089386940002441
0.093759059906006
0.096487998962402
0.09380578994751
0.10140585899353
0.10783791542053
0.10082697868347
0.094056129455566
0.1032280921936
0.097219944000244
0.095545053482056
0.11184191703796
0.093426942825317
0.097130060195923
0.10493302345276
0.093967914581299
0.095386981964111
0.10047197341919
0.093626022338867
0.095916032791138
0.095823049545288
0.092149019241333
0.098239898681641
0.093789100646973
0.095117092132568
0.10669302940369
0.15193700790405
0.099233865737915
0.088801860809326
0.097217082977295
0.1014552116394
0.22743201255798
0.09768009185791
0.097492933273315
0.098997116088867
0.096814870834351
0.093021869659424
0.1004478931427
0.10528492927551
0.093092918395996
0.099241971969604
0.092570066452026
0.090040922164917
0.095564126968384
0.10205888748169
0.092552185058594
0.094007015228271
0.093438148498535
0.10020685195923
0.094125986099243
0.10447788238525
0.10046601295471
0.10305595397949
0.10203218460083
0.096766948699951
0.092684030532837
0.10190081596375
0.090804815292358
0.092097997665405
0.09370493888855
0.091735124588013
0.090250968933105
0.10341906547546
0.094537973403931
0.10273790359497
0.092481136322021
0.08893895149231
0.098657131195068
0.099425077438354
0.10724210739136
0.10876107215881
0.097322940826416
0.089309930801392
0.099721908569336
0.096809148788452
0.099769115447998
0.092474937438965
0.092637062072754
0.091544151306152
0.090458869934082
0.09686803817749
0.09483003616333
0.093564987182617
0.094421863555908
0.098707914352417
0.10100793838501
0.099961996078491
0.091752052307129
0.097735166549683
0.094443082809448
0.10034799575806
0.10619401931763
0.09992504119873
0.10002303123474
0.10036396980286
0.091089010238647
0.098485946655273
0.10621690750122
0.10045385360718
0.091554164886475
0.099507808685303
0.10285019874573
0.096827030181885
0.096502065658569
0.10275602340698
0.091651916503906
0.099581956863403
0.10110712051392
0.095538139343262
0.087977886199951
0.10579013824463
0.095055103302002
0.094446897506714
0.10602211952209
0.092813968658447
0.10141682624817
0.09921407699585
0.091469049453735
0.10049200057983
0.095815896987915
0.093549013137817
0.097815036773682
0.10993981361389
0.089322090148926
0.092528104782104
0.099920034408569
0.096349000930786
0.10762095451355
0.096138000488281
0.10825109481812
0.096403121948242
0.10222101211548
0.10019278526306
0.096433162689209
0.09564208984375
0.090707063674927
0.10629200935364
0.091747999191284
0.094359159469604
0.093583822250366
0.089711904525757
0.099344968795776
0.098713874816895
0.091276884078979
0.096896171569824
0.09637188911438
0.097692012786865
0.1014289855957
0.093916893005371
0.091234922409058
0.10745000839233
0.10443592071533
0.096163034439087
0.11476397514343
0.099598169326782
0.095218896865845
0.096497058868408
0.092764139175415
0.093764066696167
0.10237312316895
0.10206007957458
0.093538045883179
0.09236478805542
0.092631816864014
0.099844932556152
0.091335773468018
0.12892818450928
0.09203314781189
0.093457221984863
0.10037589073181
0.096215009689331
0.10070204734802
0.103346824646
0.095922946929932
0.1045069694519
0.095059156417847
0.095207929611206
0.091386079788208
0.10499286651611
0.091888189315796
0.099917888641357
0.096590042114258
0.090874195098877
0.10828995704651
0.1067750453949
0.10468912124634
0.10535717010498
0.10617995262146
0.096658229827881
0.09856104850769
0.10134792327881
0.098521947860718
0.10055208206177
0.089026212692261
0.092493057250977
0.10245108604431
0.10578513145447
0.10088896751404
0.08619213104248
0.10596704483032
0.096407890319824
0.091799020767212
0.10054397583008
0.097558975219727
0.094810962677002
0.10064601898193
0.094775915145874
0.10676693916321
0.093667030334473
0.090602874755859
0.10130500793457
0.094144105911255
0.099442958831787
0.10206198692322
0.092427968978882
0.10242390632629
0.095041990280151
0.093853950500488
0.11189103126526
0.090430974960327
0.092621088027954
0.092028141021729
0.096179008483887
0.094351053237915
0.088721036911011
0.091342926025391
0.095710039138794
0.097295999526978
0.089498996734619
0.095990896224976
0.10870599746704
0.091158151626587
0.10034608840942
0.10420298576355
0.089359998703003
0.098078966140747
0.093925952911377
0.096383094787598
0.091088056564331
0.096365213394165
0.096327066421509
0.096159934997559
0.091426849365234
0.10865592956543
0.10249090194702
0.10370302200317
0.094683885574341
0.092150926589966
0.095618009567261
0.097133874893188
0.095395088195801
0.094934940338135
0.090853929519653
0.096467018127441
0.091012001037598
0.096110820770264
0.091174125671387
0.10878396034241
0.097928047180176
0.10625290870667
0.092078924179077
0.093297958374023
0.10604882240295
0.088354825973511
0.10277795791626
0.10189414024353
0.10115003585815
0.093626022338867
0.087619781494141
0.099605083465576
0.10396099090576
0.092794179916382
0.088232040405273
0.096110105514526
0.095266819000244
0.1016161441803
0.098423004150391
0.09071683883667
0.099524021148682
0.098928928375244
0.10474991798401
0.10120797157288
0.090735912322998
0.10572695732117
0.09632396697998
0.093466997146606
0.10333204269409
0.09656286239624
0.12131905555725
0.096250057220459
0.091265916824341
0.093633890151978
0.10500288009644
0.10450911521912
0.11566305160522
0.094605922698975
0.095754861831665
0.097979068756104
0.09493088722229
0.098344802856445
0.093278884887695
0.092957019805908
0.093349933624268
0.1097559928894
0.092805147171021
0.099509954452515
0.090415000915527
0.094127893447876
0.096853017807007
0.092936038970947
0.10215282440186
0.092077970504761
0.096508026123047
0.092674970626831
0.099813938140869
0.091269016265869
0.11921095848083
0.093063116073608
0.094743013381958
0.10097599029541
0.1324348449707
0.094618082046509
0.10576581954956
0.093971967697144
0.097784042358398
0.11077499389648
0.092790842056274
0.09987998008728
0.095784902572632
0.091169118881226
0.10036993026733
0.10465598106384
0.10300803184509
0.093530178070068
0.094824075698853
0.090792894363403
0.090863943099976
0.10154795646667
0.10836577415466
0.096004962921143
0.10437297821045
0.11004996299744
0.096162080764771
0.090149164199829
0.09655499458313
0.10277104377747
0.096744060516357
0.095824003219604
0.095455884933472
0.092886924743652
0.10129189491272
0.098752975463867
0.10260987281799
0.10058784484863
0.09060001373291
0.091211080551147
0.10723209381104
0.10197496414185
0.094815969467163
0.099958896636963
0.097685813903809
0.095266103744507
0.093014001846313
0.097259044647217
0.095950126647949
0.96373510360718
0.091953039169312
0.092165946960449
0.09201979637146
0.096206903457642
0.10393095016479
0.094941139221191
0.09776496887207
0.1024317741394
0.090130805969238
0.10393309593201
0.091645956039429
0.093927145004272
0.10230684280396
0.096441984176636
0.097997188568115
0.11020302772522
0.096447944641113
0.096884965896606
0.099519014358521
0.095561981201172
0.094385862350464
0.093511819839478
0.094329833984375
0.098268032073975
0.09288501739502
0.099523067474365
0.094727993011475
0.099691152572632
0.096405029296875
0.092766046524048
0.092018842697144
0.098964929580688
0.093033075332642
0.11460208892822
0.088731050491333
0.089797019958496
0.10230207443237
0.099840879440308
0.091370105743408
0.091548204421997
0.10093688964844
0.088882923126221
0.097109079360962
0.09636116027832
0.10078191757202
0.11234188079834
0.097352027893066
0.10400915145874
0.09728217124939
0.10553598403931
0.096367120742798
0.09064507484436
0.091022968292236
0.10200309753418
0.09982705116272
0.090259075164795
0.10404109954834
0.094656944274902
0.096172094345093
0.090657949447632
0.10178899765015
0.095215082168579
0.092505931854248
0.092233896255493
0.098721027374268
0.094016075134277
0.099768161773682
0.098562002182007
0.097633123397827
0.10525584220886
0.090638160705566
0.1011860370636
0.093431949615479
0.094027996063232
0.088680982589722
0.10284018516541
0.093029975891113
0.094191074371338
0.09332013130188
0.092559099197388
0.10336804389954
0.089982032775879
0.096040964126587
0.094028949737549
0.089663028717041
0.10327982902527
0.10181593894958
0.093461990356445
0.097347021102905
0.11059594154358
0.10256600379944
0.094682931900024
0.094781875610352
0.098546981811523
0.097718000411987
0.096780061721802
0.090730905532837
0.094233989715576
0.098037004470825
0.099812030792236
0.098124980926514
0.098866939544678
0.22075510025024
0.096382856369019
0.099622011184692
0.097105026245117
0.08720588684082
0.09349799156189
0.094619989395142
0.095129013061523
0.10877919197083
0.095191955566406
0.10069680213928
0.10616588592529
0.10068893432617
0.094434976577759
0.091150045394897
0.093112945556641
0.09056282043457
0.092205047607422
0.096043825149536
0.096908092498779
0.10938215255737
0.091325998306274
0.10414409637451
0.0991530418396
0.098870992660522
0.097398042678833
0.094586849212646
0.11865711212158
0.094002962112427
0.090085029602051
0.095844984054565
0.090986967086792
0.088030099868774
0.099183082580566
0.10320806503296
0.10073900222778
0.09461498260498
0.092396020889282
0.096997976303101
0.095407962799072
0.09298300743103
0.10537791252136
0.098915100097656
0.092438936233521
0.098649978637695
0.10244083404541
0.096126079559326
0.092903852462769
0.096009016036987
0.40509915351868
0.097509145736694
0.10793995857239
0.09834098815918
0.093178987503052
0.093924045562744
0.096559047698975
0.094102144241333
0.096915006637573
0.10196614265442
0.092137098312378
0.092000961303711
0.093034029006958
0.091476202011108
0.091925144195557
0.090651988983154
0.098841905593872
0.11988401412964
0.10184788703918
0.10195803642273
0.097245931625366
0.098306894302368
0.094705820083618
0.091133832931519
0.098151922225952
0.098862886428833
0.094161987304688
0.1090350151062
0.097027063369751
0.090041875839233
0.092065095901489
0.098290920257568
0.098579168319702
0.096160173416138
0.096472978591919
0.093863010406494
0.10228705406189
0.091456890106201
0.097926139831543
0.091026067733765
0.10882902145386
0.095207929611206
0.093683958053589
0.1003680229187
0.10095000267029
0.097929954528809
0.10235214233398
0.09092903137207
0.10330700874329
0.096373081207275
0.10610485076904
0.095178127288818
0.10777902603149
0.094786882400513
0.098299026489258
0.09321403503418
0.098088979721069
0.094022035598755
0.093731880187988
0.10079193115234
0.10001802444458
0.12869000434875
0.097021818161011
0.092578887939453
0.10052490234375
0.096413135528564
0.091327905654907
0.10021305084229
0.097421884536743
0.10151791572571
0.10037994384766
0.089456081390381
0.1018979549408
0.093634843826294
0.10653901100159
0.12430691719055
0.099940061569214
0.093387842178345
0.096710920333862
0.095412969589233
0.099293947219849
0.0989670753479
0.10447597503662
0.092035055160522
0.095695972442627
0.096997022628784
0.091736078262329
0.11086106300354
0.10487294197083
0.094820022583008
0.10740995407104
0.12178802490234
0.095067977905273
0.097420930862427
0.091317892074585
0.10092282295227
0.091375112533569
0.11076498031616
0.098989009857178
0.09595799446106
0.097168207168579
0.092159032821655
0.10523819923401
0.091222047805786
0.10030007362366
0.1000828742981
0.094815015792847
0.10044407844543
0.10195112228394
0.10287594795227
0.10247492790222
0.09947395324707
0.10297608375549
0.09368109703064
0.1081919670105
0.09174108505249
0.10045599937439
0.1108660697937
0.096742868423462
0.098383903503418
0.10409808158875
0.10336494445801
0.097277879714966
0.096672058105469
0.10517692565918
0.091593980789185
0.098951101303101
0.09838604927063
0.098351001739502
0.092958927154541
0.095507860183716
0.097930908203125
0.091320037841797
0.10903000831604
0.092212915420532
0.094388008117676
0.090909957885742
0.094191074371338
0.099420070648193
0.096008062362671
0.092306852340698
0.099285840988159
0.096905946731567
0.097396850585938
0.10545921325684
0.0959792137146
0.10673093795776
0.10178184509277
0.093916893005371
0.093109846115112
0.094972848892212
0.10076785087585
0.094408988952637
0.097634077072144
0.091449022293091
0.092458963394165
0.10642790794373
0.092351913452148
0.10179400444031
0.094698905944824
0.095906019210815
0.090252876281738
0.096399068832397
0.091876029968262
0.094476938247681
0.10062599182129
0.092057943344116
0.10200977325439
0.091025114059448
0.10335087776184
0.090405941009521
0.095139980316162
0.10415005683899
0.10520911216736
0.10577702522278
0.094799041748047
0.092546939849854
0.096848011016846
0.09539794921875
0.093143939971924
0.091361999511719
0.11143708229065
0.097837924957275
0.11120700836182
0.090904951095581
0.093459844589233
0.092093944549561
0.11683988571167
0.10506510734558
0.089509010314941
0.10415291786194
0.090779066085815
0.10572099685669
0.10325002670288
0.088820934295654
0.099924802780151
0.095512866973877
0.096415042877197
0.0939781665802
0.096464157104492
0.10513710975647
0.10350203514099
0.090095996856689
0.097660064697266
0.098394155502319
0.095617055892944
0.089518070220947
0.097607135772705
0.097028970718384
0.095177173614502
0.098721027374268
0.10214710235596
0.092370986938477
0.098884105682373
0.090448141098022
0.088408946990967
0.099296092987061
0.095839023590088
0.092808961868286
0.10169506072998
0.10448789596558
0.095501899719238
0.15808606147766
0.097434997558594
0.091159105300903
0.098921060562134
0.11629581451416
0.092395067214966
0.11020803451538
0.097174167633057
0.093554019927979
0.089076995849609
0.099704027175903
0.092572927474976
0.10434484481812
0.10122990608215
0.09453296661377
0.10115194320679
0.10477709770203
0.10704898834229
0.10331606864929
0.10323596000671
0.10771298408508
0.091312885284424
0.098985910415649
0.098122119903564
0.10002303123474
0.096235990524292
0.12483382225037
0.10101890563965
0.20858693122864
0.094714164733887
0.096872091293335
0.099107027053833
0.096526145935059
0.10345315933228
0.09010910987854
0.095732927322388
0.091725826263428
0.096971988677979
0.097911834716797
0.093836069107056
0.10219478607178
0.095534086227417
0.10431599617004
0.094413042068481
0.098673105239868
0.099250078201294
0.096932172775269
0.1012167930603
0.093184947967529
0.10091400146484
0.10151600837708
0.097334146499634
0.093980073928833
0.093538045883179
0.089580059051514
0.094772100448608
0.097017049789429
0.097769975662231
0.091567039489746
0.10080885887146
0.094008922576904
0.096534013748169
0.10428905487061
0.098109006881714
0.10028314590454
0.10484004020691
0.092107057571411
0.093792915344238
0.1017541885376
0.096817016601562
0.099883079528809
0.096410989761353
0.094247817993164
0.0958571434021
0.092306852340698
0.1064178943634
0.1034688949585
0.096395969390869
0.098345994949341
0.095487117767334
0.10006213188171
0.097791910171509
0.11946105957031
0.14323401451111
0.091883897781372
0.10157608985901
0.085225105285645
0.099704027175903
0.10138082504272
0.10132908821106
0.091305017471313
0.094835042953491
0.098574161529541
0.097465991973877
0.10566902160645
0.093616008758545
0.10167694091797
0.093330860137939
0.098495960235596
0.094071865081787
0.092586994171143
0.11972999572754
0.096457004547119
0.09738302230835
0.10020780563354
0.1003839969635
0.094340085983276
0.099614858627319
0.097250938415527
0.10124611854553
0.098121881484985
0.093720197677612
0.092692852020264
0.10496592521667
0.10097098350525
0.10526299476624
0.090152025222778
0.092366933822632
0.10400199890137
0.10067892074585
0.096225023269653
0.0987229347229
0.094561100006104
0.091744184494019
0.09821081161499
0.093620777130127
0.09554386138916
0.095338821411133
0.10055494308472
0.0934739112854
0.098688125610352
0.095010995864868
0.10734605789185
0.096741199493408
0.10049200057983
0.095716953277588
0.09650182723999
0.090965032577515
0.092761993408203
0.096639156341553
0.09592604637146
0.094764947891235
0.099632024765015
0.10199999809265
0.093746900558472
0.095242023468018
0.092437982559204
0.10955309867859
0.10085606575012
0.095991849899292
0.093059062957764
0.09288215637207
0.10202789306641
0.091077089309692
0.094285011291504
0.097000122070312
0.09843897819519
0.094131946563721
0.093824863433838
0.094995021820068
0.094757080078125
0.099117040634155
0.10300517082214
0.096556901931763
0.098888874053955
0.098105907440186
0.10019111633301
0.10196614265442
0.1031539440155
0.10442805290222
0.094965934753418
0.095091819763184
0.10915398597717
0.10114502906799
0.15176701545715
0.10828495025635
0.097996950149536
0.1002790927887
0.10252904891968
0.10164213180542
0.11926198005676
0.10303211212158
0.10230898857117
0.094044923782349
0.099254846572876
0.10036110877991
0.10049915313721
0.092171907424927
0.10323309898376
0.10075807571411
0.099019050598145
0.10264301300049
0.097676038742065
0.095761060714722
0.087147951126099
0.10461115837097
0.097538948059082
0.099348068237305
0.092924118041992
0.09463906288147
0.099878072738647
0.09578013420105
0.091448068618774
0.10592103004456
0.098103046417236
0.099676132202148
0.090775966644287
0.10265898704529
0.09484601020813
0.094373941421509
0.10363912582397
0.094778060913086
0.10450506210327
0.097443103790283
0.10208320617676
0.093467950820923
0.095499038696289
0.099248886108398
0.10442996025085
0.092355966567993
0.096130132675171
0.15235805511475
0.099964141845703
0.099117994308472
0.098843097686768
0.10377621650696
0.10145688056946
0.093054056167603
0.099869966506958
0.1065731048584
0.098642826080322
0.094363927841187
0.10021781921387
0.10278010368347
0.10728001594543
0.091453075408936
0.098774909973145
0.096291065216064
0.087097883224487
0.099238157272339
0.10136198997498
0.09629487991333
0.093026876449585
0.096335172653198
0.098935842514038
0.10343790054321
0.099848985671997
0.09517502784729
0.099350214004517
0.094178915023804
0.12240505218506
0.09213399887085
0.096701145172119
0.10772490501404
0.098978042602539
0.09650182723999
0.10127878189087
0.094847917556763
0.0957350730896
0.092945098876953
0.10296416282654
0.08939003944397
0.093196868896484
0.095670938491821
0.095431804656982
0.095915079116821
0.093410015106201
0.094193935394287
0.092391014099121
0.096425771713257
0.095380067825317
0.098829030990601
0.10716104507446
0.092929124832153
0.093782901763916
0.096238851547241
0.091231107711792
0.094610929489136
0.097018957138062
0.091531991958618
0.10225605964661
0.098705053329468
0.099923133850098
0.093021154403687
0.091291189193726
0.10365581512451
0.10080194473267
0.096735000610352
0.093059062957764
0.098897933959961
0.09850001335144
0.10025787353516
0.096565961837769
0.092010974884033
0.092979907989502
0.1004490852356
0.096319913864136
0.09525203704834
0.10091710090637
0.09589695930481
0.090841054916382
0.097938060760498
0.10234212875366
0.095627069473267
0.096412181854248
0.092167854309082
0.095407009124756
0.095257997512817
0.10720086097717
0.09820294380188
0.10532593727112
0.093648910522461
0.097368001937866
0.09326696395874
0.1172788143158
0.096843957901001
0.097427845001221
0.094625949859619
0.10994911193848
0.11406993865967
0.099452018737793
0.099756002426147
0.09947681427002
0.1035327911377
0.095660924911499
0.097643136978149
0.10034584999084
0.10544991493225
0.098742008209229
0.094924926757812
0.10388898849487
0.093652963638306
0.092457056045532
0.099738836288452
0.093364000320435
0.10017395019531
0.10421776771545
0.096973180770874
0.098830938339233
0.1024341583252
0.099024057388306
0.095909118652344
0.098115921020508
0.095217943191528
0.097430229187012
0.094840049743652
0.098891019821167
0.10016202926636
0.094093084335327
0.10209703445435
0.096660137176514
0.097141027450562
0.11001992225647
0.093609809875488
0.10354208946228
0.097560882568359
0.10092711448669
0.10121917724609
0.093932151794434
0.10653018951416
0.10295486450195
0.10689210891724
0.095808982849121
0.10583901405334
0.089585065841675
0.09522008895874
0.093230009078979
0.11633110046387
0.090798854827881
0.10496783256531
0.10311794281006
0.096462965011597
0.099629878997803
0.098305225372314
0.10296893119812
0.09765100479126
0.09340500831604
0.097324132919312
0.10021710395813
0.099133014678955
0.093786001205444
0.10165405273438
0.10758399963379
0.099009990692139
0.091132164001465
0.094340085983276
0.092658996582031
0.095762968063354
0.11105608940125
0.097190856933594
0.096009016036987
0.096106052398682
0.096572875976562
0.097446918487549
0.092958927154541
0.09750509262085
0.095071077346802
0.095533847808838
0.099947214126587
0.098297119140625
0.094902038574219
0.098417043685913
0.09900689125061
0.09008002281189
0.095728158950806
0.096906900405884
0.094658136367798
0.099958181381226
0.098002910614014
0.10136318206787
0.10012292861938
0.095057010650635
0.10470700263977
0.092442989349365
0.10555505752563
0.091722011566162
0.097810983657837
0.097637176513672
0.10346698760986
0.090624094009399
0.097745895385742
0.090442180633545
0.090667963027954
0.099658966064453
0.095770120620728
0.094009160995483
0.10562896728516
0.09965181350708
0.098863124847412
0.10437488555908
0.095718860626221
0.092724084854126
0.092553853988647
0.1006178855896
0.09266996383667
0.11111211776733
0.091611862182617
0.095254898071289
0.090986967086792
0.097660064697266
0.1007719039917
0.094367027282715
0.091645956039429
0.10544204711914
0.09108304977417
0.097643136978149
0.097620964050293
0.10071587562561
0.095332860946655
0.098887920379639
0.10133290290833
0.11063194274902
0.09119987487793
0.094500064849854
0.1003270149231
0.10107398033142
0.097176074981689
0.093009948730469
0.10134315490723
0.099513053894043
0.090820074081421
0.10016417503357
0.096405029296875
0.099454164505005
0.095607042312622
0.096266984939575
0.094980955123901
0.1013720035553
0.10627198219299
0.097108840942383
0.0899658203125
0.092061042785645
0.1178731918335
0.10363602638245
0.098351001739502
0.095839977264404
0.1059467792511
0.10080289840698
0.09617805480957
0.094345092773438
0.10111999511719
0.11309099197388
0.090335845947266
0.096297979354858
0.091821908950806
0.10007190704346
0.11261796951294
0.090776920318604
0.094482898712158
0.096174955368042
0.10011410713196
0.092124938964844
0.090599060058594
0.099030017852783
0.093823909759521
0.089983940124512
0.096496820449829
0.098014116287231
0.095633983612061
0.10205483436584
0.09393310546875
0.11345410346985
0.095239877700806
0.10850691795349
0.10917186737061
0.10250997543335
0.096652984619141
0.093322038650513
0.094089984893799
0.10516595840454
0.11237096786499
0.092530965805054
0.10065197944641
0.10206007957458
0.097740173339844
0.10041809082031
0.11305594444275
0.090967893600464
0.099225044250488
0.088347911834717
0.094142913818359
0.094882965087891
0.098752021789551
0.096296072006226
0.098495960235596
0.098001003265381
0.10365414619446
0.091340065002441
0.10154914855957
0.089741945266724
0.09407901763916
0.096230983734131
0.093500852584839
0.10423588752747
0.098134994506836
0.095920085906982
0.091403007507324
0.10194301605225
0.096197843551636
0.10603904724121
0.095224142074585
0.095569849014282
0.095479011535645
0.096487045288086
0.095183849334717
0.10099601745605
0.099251985549927
0.096557855606079
0.097604990005493
0.10127592086792
0.095165014266968
0.094204902648926
0.089313983917236
0.099612951278687
0.096314191818237
0.10304617881775
0.092883110046387
0.091526031494141
0.089436054229736
0.10911989212036
0.09504508972168
0.10805010795593
0.099375009536743
0.094089031219482
0.097687959671021
0.092891931533813
0.092099905014038
0.10390496253967
0.092091798782349
0.096338033676147
0.094022035598755
0.091660022735596
0.094376087188721
0.1011791229248
0.10459208488464
0.095170974731445
0.10291504859924
0.10193204879761
0.10482001304626
0.098512887954712
0.09313702583313
0.10264301300049
0.098822116851807
0.099771976470947
0.11390519142151
0.10384488105774
0.0920729637146
0.095433950424194
0.095525979995728
0.095621824264526
0.10770702362061
0.098923921585083
0.091609954833984
0.1018500328064
0.39754605293274
0.097253084182739
0.10266399383545
0.098213911056519
0.099520921707153
0.098250865936279
0.10261201858521
0.097135066986084
0.091485977172852
0.095203876495361
0.091470003128052
0.097895860671997
0.097593069076538
0.094408988952637
0.10518717765808
0.096727848052979
0.094681978225708
0.10243201255798
0.10044288635254
0.10764908790588
0.098151206970215
0.11286997795105
0.10427188873291
0.093453884124756
0.097550868988037
0.10120296478271
0.096250057220459
0.090609073638916
0.10039901733398
0.11457800865173
0.097831010818481
0.094867944717407
0.097668170928955
0.096528053283691
0.10628819465637
0.099811792373657
0.10188698768616
0.094551086425781
0.096282958984375
0.10876297950745
0.10102510452271
0.099223852157593
0.09473991394043
0.095706939697266
0.092706203460693
0.099308013916016
0.097028970718384
0.098191022872925
0.093142986297607
0.10192084312439
0.098453044891357
0.08836817741394
0.145672082901
0.094266891479492
0.097156047821045
0.10124111175537
0.11463117599487
0.10442805290222
0.09289288520813
0.14180612564087
0.087215185165405
0.10989212989807
0.093261957168579
0.096900939941406
0.094818830490112
0.094406127929688
0.091418981552124
0.095576047897339
0.09949779510498
0.094309091567993
0.10272097587585
0.098525047302246
0.1019299030304
0.097912073135376
0.098608016967773
0.10256791114807
0.10576486587524
0.10100698471069
0.095911026000977
0.10034918785095
0.093833923339844
0.095056056976318
0.10115003585815
0.087587118148804
0.09401798248291
0.099771022796631
0.098659038543701
0.10319900512695
0.094426870346069
0.088999032974243
0.10201692581177
0.098220825195312
0.09634804725647
0.097326040267944
0.10619592666626
0.097563028335571
0.093074798583984
0.10092306137085
0.1053638458252
0.099349021911621
0.091121912002563
0.096278190612793
0.094228982925415
0.18505597114563
0.08773398399353
0.091125965118408
0.099388122558594
0.098234176635742
0.09025502204895
0.091938018798828
0.097845077514648
0.091771125793457
0.097512006759644
0.098843812942505
0.10153889656067
0.093641042709351
0.09250283241272
0.10015487670898
0.098482131958008
0.10242486000061
0.094985961914062
0.094976186752319
0.099937915802002
0.096246004104614
0.094949007034302
0.094451189041138
0.09978199005127
0.098066091537476
0.097532987594604
0.20541191101074
0.097429037094116
0.10876893997192
0.088510990142822
0.10572004318237
0.099745035171509
0.098995923995972
0.094580888748169
0.094286203384399
0.1018590927124
0.093533039093018
0.14590692520142
0.099679946899414
0.10291504859924
0.20684409141541
0.10084509849548
0.092121124267578
0.10354709625244
0.10104417800903
0.095246076583862
0.093486070632935
0.099140882492065
0.098663091659546
0.10256290435791
0.090940952301025
0.10268211364746
0.096868991851807
0.093603134155273
0.11060810089111
0.089869976043701
0.095675945281982
0.096430063247681
0.096899032592773
0.10239791870117
0.090808868408203
0.1010730266571
0.089506149291992
0.099966049194336
0.093551874160767
0.1007239818573
0.096858024597168
0.095254182815552
0.11541295051575
0.092150926589966
0.10297298431396
0.097380876541138
0.096873998641968
0.091006994247437
0.092993974685669
0.089277029037476
0.096630096435547
0.094165086746216
0.10431599617004
0.096356153488159
0.10759806632996
0.10096883773804
0.097494840621948
0.094965934753418
0.091098070144653
0.091199159622192
0.098323106765747
0.096138954162598
0.090878009796143
0.10156583786011
0.10098791122437
0.10009002685547
0.10076212882996
0.11015295982361
0.091345071792603
0.10305094718933
0.088998079299927
0.10705208778381
0.093218088150024
0.091004848480225
0.099282026290894
0.099856853485107
0.093569993972778
0.097737073898315
0.097473859786987
0.091536998748779
0.10005211830139
0.092449188232422
0.093379020690918
0.11086487770081
0.085438013076782
0.098541975021362
0.09760594367981
0.096399068832397
0.1532289981842
0.096801996231079
0.099294900894165
0.091454029083252
0.092067956924438
0.09844183921814
0.10727500915527
0.10101318359375
0.098347902297974
0.096752166748047
0.091728210449219
0.10124588012695
0.093936920166016
0.096251964569092
0.097414970397949
0.10138511657715
0.094377040863037
0.098127841949463
0.10231399536133
0.094062089920044
0.092937231063843
0.094871997833252
0.095915079116821
0.097449064254761
0.092544078826904
0.1035840511322
0.093683004379272
0.098546981811523
0.10437393188477
0.10282015800476
0.0932297706604
0.11448407173157
0.094326019287109
0.094900131225586
0.098260879516602
0.095284938812256
0.093871831893921
0.09797215461731
0.090619802474976
0.10743999481201
0.10092186927795
0.091594934463501
0.094024181365967
0.10414099693298
0.094451904296875
0.09785795211792
0.10674595832825
0.10072302818298
0.097970008850098
0.095215082168579
0.090346097946167
0.10802102088928
0.096308946609497
0.09660792350769
0.092121124267578
0.094388961791992
0.092867851257324
0.09199595451355
0.088500022888184
0.088975191116333
0.094361066818237
0.10214996337891
0.092109203338623
0.10569095611572
0.10319185256958
0.093436002731323
0.094722032546997
0.094805002212524
0.093304872512817
0.1114239692688
0.10197997093201
0.095247030258179
0.093463897705078
0.095177888870239
0.095515966415405
0.089770078659058
0.090445041656494
0.096246004104614
0.099817991256714
0.1107919216156
0.095733165740967
0.098556041717529
0.094242095947266
0.090590000152588
0.091154098510742
0.09943699836731
0.10014295578003
0.10057091712952
0.092911958694458
0.094269990921021
0.091429948806763
0.092827081680298
0.094229936599731
0.09375
0.093968152999878
0.39277815818787
0.10078310966492
0.093025922775269
0.10634112358093
0.098289012908936
0.088882923126221
0.099940061569214
0.09088397026062
0.094413042068481
0.093953132629395
0.094134092330933
0.10444808006287
0.095027923583984
0.097220897674561
0.10222697257996
0.095950841903687
0.10218214988708
0.096665143966675
0.096043109893799
0.11097311973572
0.097292900085449
0.10136413574219
0.10849714279175
0.10151791572571
0.090587139129639
0.098381042480469
0.11092400550842
0.095552921295166
0.11411905288696
0.099858045578003
0.11247396469116
0.10075497627258
0.088436126708984
0.099920988082886
0.10102009773254
0.091998100280762
0.096264123916626
0.09607195854187
0.0972900390625
0.10040521621704
0.092554092407227
0.099001884460449
0.097238063812256
0.10048890113831
0.092060089111328
0.093378067016602
0.094805002212524
0.10457587242126
0.094608068466187
0.089051008224487
0.094892978668213
0.093307971954346
0.10983800888062
0.099326133728027
0.094675779342651
0.095290184020996
0.10075712203979
0.10066103935242
0.095957040786743
0.098299026489258
0.096293926239014
0.093862056732178
0.10936999320984
0.08929181098938
0.099736928939819
0.0954909324646
0.093657970428467
0.089562892913818
0.088444948196411
0.091302871704102
0.10287499427795
0.097741842269897
0.087903022766113
0.095170974731445
0.097309112548828
0.11042189598083
0.093725919723511
0.10961079597473
0.099179029464722
0.092570066452026
0.090936899185181
0.094385862350464
0.10750198364258
0.10221600532532
0.096813917160034
0.10141491889954
0.097342014312744
0.096980094909668
0.1068320274353
0.093474864959717
0.09331488609314
0.090595006942749
0.088399171829224
0.17654013633728
0.096930980682373
0.092584133148193
0.092063903808594
0.096082925796509
0.089437007904053
0.099143028259277
0.099257946014404
0.099322080612183
0.10165500640869
0.089627981185913
0.10225009918213
0.089144945144653
0.094110012054443
0.092637062072754
0.099400997161865
0.099524021148682
0.095254898071289
0.10877108573914
0.088775873184204
0.091864109039307
0.097858905792236
0.096280813217163
0.090820074081421
0.0973219871521
0.10525012016296
0.096421957015991
0.094105005264282
0.10308599472046
0.09904408454895
0.092936038970947
0.097131013870239
0.09309196472168
0.093555927276611
0.091439008712769
0.098762989044189
0.10046792030334
0.10350012779236
0.098710060119629
0.10027503967285
0.099731922149658
0.10004901885986
0.10100507736206
0.09083104133606
0.096221923828125
0.10727405548096
0.093506097793579
0.093235015869141
0.10274004936218
0.098407983779907
0.098330974578857
0.09463095664978
0.10949087142944
0.092371940612793
0.1074161529541
0.093588829040527
0.089333772659302
0.099334001541138
0.10048604011536
0.092598915100098
0.091325044631958
0.1085000038147
0.10492205619812
0.094139099121094
0.093329906463623
0.10617899894714
0.10976886749268
0.098074197769165
0.094323873519897
0.091042995452881
0.09663200378418
0.10112285614014
0.093212127685547
0.099937915802002
0.092327117919922
0.098361968994141
0.092719078063965
0.092411994934082
0.097820043563843
0.087971925735474
0.09792685508728
0.09581184387207
0.096253871917725
0.090847969055176
0.095479965209961
0.1058189868927
0.098212003707886
0.14503598213196
0.09185791015625
0.095268964767456
0.094565153121948
0.10038685798645
0.10107088088989
0.098194122314453
0.094197988510132
0.090512990951538
0.094268083572388
0.091397047042847
0.092155933380127
0.10069513320923
0.090941905975342
0.10338306427002
0.095598936080933
0.092993021011353
0.10569596290588
0.097077131271362
0.096837043762207
0.20978903770447
0.094415903091431
0.091924905776978
0.10381388664246
0.088969945907593
0.30893898010254
0.10967397689819
0.093041896820068
0.098627090454102
0.12109303474426
0.093302011489868
0.10283899307251
0.10319995880127
0.094409942626953
0.10652303695679
0.094987154006958
0.09652304649353
0.098022937774658
0.095676898956299
0.09646201133728
0.090070962905884
0.095621109008789
0.09881591796875
0.10705995559692
0.16827893257141
0.092805147171021
0.10033202171326
0.099500894546509
0.097533941268921
0.11254096031189
0.092654228210449
0.089991092681885
0.10086607933044
0.11368608474731
0.099857091903687
0.09954309463501
0.10957908630371
0.090338945388794
0.088922023773193
0.099535942077637
0.098753929138184
0.10089492797852
0.08967399597168
0.09719705581665
0.092107057571411
0.095570087432861
0.09506893157959
0.092696189880371
0.091742992401123
0.096018075942993
0.094275951385498
0.10954594612122
0.093846082687378
0.094619989395142
0.10058808326721
0.092014074325562
0.10444378852844
0.090467929840088
0.097869873046875
0.11068487167358
0.10058879852295
0.09270191192627
0.096005916595459
0.093669891357422
0.11288905143738
0.10397410392761
0.10614609718323
0.10246896743774
0.097062826156616
0.099456071853638
0.10497307777405
0.10761404037476
0.093439102172852
0.098296165466309
0.094860076904297
0.092880964279175
0.093422889709473
0.098190069198608
0.089030981063843
0.099288940429688
0.10170698165894
0.093857049942017
0.0920569896698
0.094983100891113
0.10043787956238
0.099797010421753
0.099739074707031
0.094244003295898
0.1014130115509
0.10416507720947
0.10046696662903
0.092817068099976
0.094671010971069
0.098873138427734
0.09037184715271
0.096635103225708
0.10011315345764
0.096724987030029
0.099380970001221
0.094980955123901
0.097638845443726
0.090222120285034
0.092444181442261
0.10709714889526
0.10010886192322
0.094372034072876
0.098167896270752
0.092292070388794
0.10354089736938
0.094676971435547
0.10529088973999
0.089408874511719
0.093239068984985
0.098565101623535
0.098773956298828
0.11911201477051
0.095300912857056
0.09031081199646
0.097653865814209
0.10414791107178
0.094130039215088
0.096966981887817
0.092923164367676
0.090632915496826
0.088979959487915
0.091432809829712
0.10370516777039
0.091242790222168
0.10319781303406
0.088730096817017
0.10885214805603
0.08942699432373
0.097470045089722
1.1025910377502
0.10322904586792
0.098871946334839
0.097213983535767
0.10382890701294
0.094022035598755
0.097111940383911
0.10557699203491
0.093042135238647
0.094259023666382
0.098716974258423
0.093703031539917
0.095492124557495
0.093537092208862
0.10512900352478
0.088574886322021
0.10082817077637
0.10064601898193
0.093241930007935
0.090245962142944
0.099833011627197
0.096091032028198
0.11581802368164
0.11668992042542
0.099613904953003
0.098056077957153
0.092916011810303
0.10069990158081
0.097548007965088
0.097160816192627
0.089442014694214
0.097354888916016
0.094725847244263
0.091251134872437
0.092144012451172
0.10115814208984
0.089303970336914
0.10294699668884
0.10164093971252
0.10206985473633
0.098341941833496
0.098437070846558
0.095489025115967
0.092095136642456
0.09514594078064
0.092327117919922
0.098227024078369
0.10665893554688
0.10376811027527
0.093733072280884
0.098603010177612
0.092890977859497
0.10641813278198
0.091526985168457
0.10075306892395
0.093442916870117
0.10999584197998
0.097104072570801
0.10845804214478
0.1011848449707
0.10225200653076
0.10584092140198
0.10010099411011
0.091263055801392
0.093935966491699
0.10242700576782
0.093500852584839
0.093107938766479
0.092090845108032
0.10168695449829
0.093279838562012
0.095731019973755
0.097253084182739
0.090326070785522
0.092785120010376
0.10000491142273
0.095195055007935
0.093279123306274
0.12003302574158
0.097431182861328
0.096751928329468
0.10124588012695
0.091943025588989
0.10887503623962
0.097573041915894
0.1002140045166
0.091145992279053
0.10521912574768
0.099612951278687
0.092724084854126
0.089133024215698
0.10391616821289
0.096288919448853
0.091320991516113
0.094404935836792
0.10163497924805
0.22090101242065
0.10058999061584
0.099020004272461
0.097252130508423
0.39991497993469
0.092577219009399
0.098504066467285
0.090688943862915
0.090512037277222
0.10672092437744
0.091910839080811
0.096020936965942
0.10142183303833
0.10360097885132
0.10104298591614
0.099147081375122
0.09929084777832
0.098876953125
0.096610069274902
0.098740100860596
0.096422910690308
0.096436023712158
0.089885950088501
0.092978954315186
0.091686010360718
0.096535921096802
0.097900152206421
0.099313974380493
0.10243606567383
0.09289288520813
0.094810009002686
0.09709620475769
0.11149382591248
0.10505604743958
0.096658945083618
0.092092990875244
0.096888065338135
0.093858003616333
0.094541072845459
0.095939874649048
0.10491013526917
0.10204005241394
0.1092631816864
0.10079503059387
0.094653844833374
0.099164962768555
0.10266900062561
0.10161399841309
0.099149942398071
0.1014769077301
0.097618103027344
0.09713888168335
0.099557876586914
0.10668802261353
0.098042011260986
0.097474098205566
0.1115870475769
0.094210863113403
0.089040994644165
0.10446286201477
0.10117888450623
0.093538999557495
0.10140800476074
0.11146593093872
0.099316120147705
0.095238924026489
0.12089705467224
0.093436002731323
0.10499310493469
0.096619844436646
0.10073709487915
0.095978021621704
0.14646601676941
0.099562883377075
0.093535900115967
0.099261045455933
0.096634149551392
0.092020988464355
0.10270595550537
0.092176914215088
0.094588041305542
0.093353986740112
0.093583106994629
0.090753078460693
0.096899032592773
0.094921827316284
0.092067003250122
0.09598708152771
0.099590063095093
0.089843988418579
0.099170923233032
0.097553014755249
0.097104072570801
0.098206996917725
0.091427803039551
0.092576026916504
0.098837852478027
0.091277122497559
0.10308384895325
0.14176106452942
0.096564054489136
0.092652082443237
0.11017799377441
0.095914125442505
0.09968900680542
0.11275601387024
0.090975999832153
0.093554019927979
0.10424995422363
0.1024649143219
0.10520005226135
0.091463088989258
0.10317206382751
0.097366094589233
0.10204386711121
0.094660043716431
0.094989061355591
0.10226392745972
0.09129810333252
0.099180936813354
0.11269187927246
0.098570823669434
0.093975782394409
0.095586061477661
0.10304808616638
0.10201096534729
0.096673011779785
0.090485811233521
0.090464115142822
0.093518972396851
0.099026918411255
0.096418857574463
0.099261045455933
0.13422584533691
0.094397068023682
0.09441089630127
0.092525959014893
0.10341286659241
0.095739841461182
0.093759059906006
0.094413995742798
0.093699932098389
0.095618009567261
0.093777894973755
0.095747947692871
0.092731952667236
0.10229992866516
0.090488910675049
0.094485998153687
0.090953826904297
0.10297799110413
0.094759941101074
0.10257601737976
0.098896026611328
0.10448408126831
0.092607021331787
0.10146713256836
0.10222506523132
0.092215061187744
0.1096818447113
0.09289288520813
0.09405779838562
0.097397804260254
0.10753297805786
0.097285985946655
0.098311901092529
0.095357894897461
0.091629028320312
0.093941926956177
0.094419002532959
0.092109203338623
0.1037700176239
0.098928928375244
0.10181999206543
0.095541000366211
0.096261978149414
0.093908786773682
0.09607982635498
0.11663389205933
0.10909914970398
0.092940092086792
0.10375118255615
0.097585201263428
0.10723495483398
0.095383167266846
0.098863840103149
0.1003098487854
0.096606969833374
0.10232901573181
0.098043918609619
0.096027135848999
0.10803198814392
0.10449194908142
0.095893859863281
0.096121072769165
0.099426031112671
0.096482992172241
0.10212516784668
0.10082101821899
0.092006921768188
0.093790054321289
0.094974040985107
0.095026016235352
0.097630023956299
0.10131192207336
0.10078001022339
0.10031318664551
0.098294019699097
0.099190950393677
0.095158815383911
0.10303807258606
0.10535097122192
0.094820976257324
0.099112987518311
0.095927000045776
0.14868497848511
0.09830904006958
0.09485387802124
0.091770172119141
0.10215902328491
0.098748922348022
0.093801021575928
0.098942995071411
0.09863805770874
0.092223882675171
0.092774868011475
0.092129945755005
0.097800016403198
0.094291925430298
0.096046924591064
0.090184926986694
0.10928893089294
0.099945068359375
0.093940019607544
0.10263395309448
0.099748849868774
0.1015899181366
0.098287105560303
0.094106912612915
0.10386991500854
0.091469049453735
0.093832015991211
0.11463904380798
0.090652942657471
0.11822915077209
0.10131216049194
0.094121217727661
0.093585968017578
0.094955205917358
0.09446382522583
0.09538197517395
0.098537921905518
0.099202871322632
0.089916229248047
0.089801073074341
0.097988843917847
0.098198890686035
0.092873811721802
0.09922981262207
0.1065571308136
0.10406303405762
0.10201215744019
0.11702799797058
0.1033251285553
0.10023903846741
0.09557318687439
0.094543933868408
0.091535091400146
0.093605995178223
0.10003709793091
0.091644048690796
0.095034122467041
0.099946975708008
0.093037128448486
0.11951088905334
0.094903945922852
0.099110126495361
0.096512079238892
0.10100507736206
0.096441030502319
0.099272966384888
0.091782093048096
0.090908765792847
0.09208607673645
0.099600076675415
0.11213302612305
0.094911098480225
0.095911979675293
0.089766979217529
0.1011688709259
0.096566200256348
0.10390901565552
0.097338914871216
0.090567111968994
0.089530944824219
0.094247817993164
0.087930917739868
0.093499898910522
0.10342311859131
0.091598033905029
0.09383487701416
0.11034798622131
0.095798015594482
0.092653036117554
0.10191321372986
0.08934211730957
0.094240188598633
0.089996814727783
0.096453905105591
0.10278701782227
0.090618848800659
0.096545934677124
0.09293007850647
0.10220503807068
0.09419584274292
0.10584497451782
0.099660158157349
0.10021996498108
0.090615034103394
0.090165853500366
0.087557077407837
0.094690084457397
0.09644603729248
0.10028696060181
0.097048044204712
0.099216938018799
0.090986967086792
0.091877937316895
0.095012903213501
0.094882965087891
0.099357128143311
0.089025020599365
0.10268712043762
0.096540927886963
0.096218109130859
0.10127282142639
0.098300933837891
0.10339307785034
0.095399856567383
0.1181161403656
0.095654010772705
0.10015106201172
0.10074400901794
0.099858999252319
0.093793869018555
0.098129034042358
0.094725847244263
0.10191011428833
0.097941875457764
0.092046022415161
0.10339283943176
0.10579586029053
0.092089891433716
0.097707986831665
0.094247102737427
0.098817110061646
0.091397047042847
0.10348606109619
0.097208023071289
0.097332000732422
0.10007095336914
0.092036008834839
0.099340200424194
0.096942901611328
0.098268032073975
0.10348296165466
0.091588973999023
0.094088077545166
0.09814190864563
0.11006999015808
0.094425916671753
0.10004496574402
0.096695899963379
0.093187808990479
0.093766927719116
0.096210956573486
0.093899965286255
0.10119700431824
0.10080599784851
0.089747905731201
0.091943025588989
0.099806070327759
0.093252897262573
0.10041809082031
0.090859174728394
0.098247051239014
0.10541391372681
0.10211706161499
0.094874143600464
0.10668992996216
0.09878396987915
0.09293794631958
0.094058036804199
0.10214304924011
0.093234062194824
0.10065221786499
0.10437798500061
0.095631837844849
0.10693216323853
0.10236597061157
0.099609851837158
0.097799062728882
0.091796159744263
0.092350006103516
0.092803955078125
0.10114288330078
0.096572875976562
0.10035300254822
0.1066780090332
0.09147310256958
0.093706130981445
0.091120958328247
0.091645956039429
0.093685865402222
0.10106897354126
0.099446773529053
0.10249090194702
0.097790956497192
0.1003680229187
0.093935012817383
0.10177206993103
0.096697092056274
0.093930959701538
0.0938880443573
0.095992088317871
0.092596769332886
0.090204000473022
0.098284006118774
0.094268083572388
0.094671964645386
0.10403800010681
0.10116100311279
0.10123705863953
0.095360040664673
0.09741997718811
0.096524000167847
0.09580397605896
0.095097064971924
0.095201969146729
0.097517967224121
0.10635089874268
0.094811916351318
0.099807977676392
0.098863124847412
0.10235810279846
0.097418069839478
0.091578006744385
0.096633911132812
0.093646049499512
0.09728217124939
0.10334706306458
0.11524391174316
0.20781493186951
0.095156908035278
0.099017143249512
0.088935136795044
0.096720933914185
0.094070911407471
0.10124802589417
0.098010063171387
0.10321807861328
0.091701984405518
0.099261045455933
0.096085071563721
0.10335898399353
0.094048023223877
0.091003894805908
0.090378046035767
0.10057401657104
0.10264086723328
0.094851016998291
0.095187902450562
0.11256384849548
0.099794149398804
0.099945068359375
0.098318099975586
0.10113096237183
0.10050106048584
0.098171949386597
0.10448408126831
0.10126709938049
0.10524392127991
0.096691846847534
0.092180967330933
0.093571901321411
0.1043860912323
0.10430693626404
0.098272800445557
0.098594903945923
0.092843055725098
0.1035041809082
0.092994928359985
0.099632978439331
0.094186067581177
0.099828004837036
0.11363697052002
0.10334897041321
0.092696905136108
0.096184968948364
0.10105490684509
0.10019588470459
0.10801601409912
0.091168880462646
0.099966049194336
0.10740184783936
0.093098878860474
0.097301959991455
0.098997116088867
0.10385608673096
0.11101603507996
0.10306811332703
0.10168409347534
0.090362071990967
0.098038911819458
0.089928150177002
0.10225009918213
0.098812818527222
0.09593391418457
0.097405195236206
0.090394973754883
0.095371961593628
0.097977161407471
0.090986013412476
0.094758987426758
0.10033917427063
0.098201990127563
0.092813968658447
0.093622922897339
0.10145497322083
0.10063505172729
0.094604015350342
0.098264932632446
0.094133853912354
0.096375942230225
0.091290950775146
0.093287944793701
0.09804105758667
0.091990947723389
0.097330093383789
0.11110305786133
0.099936962127686
0.09731912612915
0.091812133789062
0.090572834014893
0.085909128189087
0.092741966247559
0.10324311256409
0.097638845443726
0.088846921920776
0.10503792762756
0.098901033401489
0.094730854034424
0.091900110244751
0.097404003143311
0.097337007522583
0.099812030792236
0.088443040847778
0.10070896148682
0.10461902618408
0.096048831939697
0.094897985458374
0.08899998664856
0.091123104095459
0.10091495513916
0.094413042068481
0.094955921173096
0.092648029327393
0.10366201400757
0.096768856048584
0.101891040802
0.097848892211914
0.1059730052948
0.093069076538086
0.10251402854919
0.093629121780396
0.10237884521484
0.10011506080627
0.092840909957886
0.095685005187988
0.099377870559692
0.095905065536499
0.092399120330811
0.09421706199646
0.09383487701416
0.10198998451233
0.091969013214111
0.094629049301147
0.1075611114502
0.091020107269287
0.094364881515503
0.10678005218506
0.1076819896698
0.1175479888916
0.1001410484314
0.09661602973938
0.09106183052063
0.09382700920105
0.098000049591064
0.090474128723145
0.10147285461426
0.1048538684845
0.096485137939453
0.093055009841919
0.10683989524841
0.094312191009521
0.10323309898376
0.11820006370544
0.10022020339966
0.10134696960449
0.096755027770996
0.10655093193054
0.096131086349487
0.090963125228882
0.10563397407532
0.098761081695557
0.10210204124451
0.094513893127441
0.1064281463623
0.092909812927246
0.10365200042725
0.093657970428467
0.11367607116699
0.10770416259766
0.10049915313721
0.099296092987061
0.091423034667969
0.096056938171387
0.097532987594604
0.090922117233276
0.098652124404907
0.093966960906982
0.090366840362549
0.094269037246704
0.10085988044739
0.094616889953613
0.094850063323975
0.10334205627441
0.094990015029907
0.10404396057129
0.10066103935242
0.098614931106567
0.095788955688477
0.1025059223175
0.096850872039795
0.10061693191528
0.094282865524292
0.11035490036011
0.10341310501099
0.092050075531006
0.08945107460022
0.099884986877441
0.098283052444458
0.099402189254761
0.093932867050171
0.11147499084473
0.098346948623657
0.10260009765625
0.096354961395264
0.095886945724487
0.089308023452759
0.092978954315186
0.091638088226318
0.097997188568115
0.097898006439209
0.099430084228516
0.09633207321167
0.092489957809448
0.091485023498535
0.10228896141052
0.09931206703186
0.090511083602905
0.093920946121216
0.094327926635742
0.092557907104492
0.092536926269531
0.10039591789246
0.095082998275757
0.09754204750061
0.10365915298462
0.098134994506836
0.096679925918579
0.096132040023804
0.098870038986206
0.095904111862183
0.10329699516296
0.09785008430481
0.096662998199463
0.11478304862976
0.09964394569397
0.090297937393188
0.097586870193481
0.10204410552979
0.11320400238037
0.092365026473999
0.10320496559143
0.10009789466858
0.093376874923706
0.095702886581421
0.098459959030151
0.098599910736084
0.095278024673462
0.091810941696167
0.090700149536133
0.10466504096985
0.10633301734924
0.1147289276123
0.095443964004517
0.099810838699341
0.095345020294189
0.096125841140747
0.10437202453613
0.1034460067749
0.09278678894043
0.097575187683105
0.093733072280884
0.10037112236023
0.096024990081787
0.092940092086792
0.10335993766785
0.091850996017456
0.09608793258667
0.098129034042358
0.093604803085327
0.099611043930054
0.094364166259766
0.098249197006226
0.10647487640381
0.11592292785645
0.093416213989258
0.099492073059082
0.092597961425781
0.09909200668335
0.1029679775238
0.10354518890381
0.092681884765625
0.10037207603455
0.092236995697021
0.10907101631165
0.10086011886597
0.099733114242554
0.10031414031982
0.10355091094971
0.09174108505249
0.10391688346863
0.095227003097534
0.096592903137207
0.092654943466187
0.099816083908081
0.1007559299469
0.10673689842224
0.090041160583496
0.10706400871277
0.094840049743652
0.10041093826294
0.1052041053772
0.089570999145508
0.093070030212402
0.097088813781738
0.098587036132812
0.096296072006226
0.1032030582428
0.096534967422485
0.11543798446655
0.10059881210327
0.10078287124634
0.092461109161377
0.091017007827759
0.097232103347778
0.093199014663696
0.10020709037781
0.10174894332886
0.093261003494263
0.093466997146606
0.095584869384766
0.093478202819824
0.098745822906494
0.092968940734863
0.091853141784668
0.087319850921631
0.09666895866394
0.094177007675171
0.094871997833252
0.096266984939575
0.096527099609375
0.088258028030396
0.095425128936768
0.097434043884277
0.099372863769531
0.10045409202576
0.091421127319336
0.10086488723755
0.099600076675415
0.10862684249878
0.0937819480896
0.099995136260986
0.099750995635986
0.099358081817627
0.10063195228577
0.098489046096802
0.10276699066162
0.090656995773315
0.091328144073486
0.093748092651367
0.089344024658203
0.092978000640869
0.10259413719177
0.094742059707642
0.10399603843689
0.10706090927124
0.097130060195923
0.10075092315674
0.093050003051758
0.099689960479736
0.096946001052856
0.097954034805298
0.09166693687439
0.096693992614746
0.10061502456665
0.090126037597656
0.10134220123291
0.092792987823486
0.09168004989624
0.097631931304932
0.09998893737793
0.10603499412537
0.094965934753418
0.10553503036499
0.095287084579468
0.087338924407959
0.098029136657715
0.097516059875488
0.10114908218384
0.09599781036377
0.094591856002808
0.094458103179932
0.093291044235229
0.098779916763306
0.097791910171509
0.093168020248413
0.10180401802063
0.10843706130981
0.10371208190918
0.099287033081055
0.091131925582886
0.099226951599121
0.095033884048462
0.096049070358276
0.099299907684326
0.09225606918335
0.10042595863342
0.097719192504883
0.10289597511292
0.098863840103149
0.095005989074707
0.10129404067993
0.095706939697266
0.10242509841919
0.092506885528564
0.086783885955811
0.093259811401367
0.098802804946899
0.10003399848938
0.099636077880859
0.089155912399292
0.096259117126465
0.10561895370483
0.1006281375885
0.091704130172729
0.098495006561279
0.093723058700562
0.1085319519043
0.090575933456421
0.10112595558167
0.10735487937927
0.094470977783203
0.095984220504761
0.096175909042358
0.09431004524231
0.096172094345093
0.095076084136963
0.10065197944641
0.090190887451172
0.09228515625
0.099177837371826
0.094318866729736
0.098344087600708
0.093677043914795
0.091492891311646
0.09892201423645
0.092103004455566
0.10469889640808
0.096515893936157
0.094445943832397
0.12177395820618
0.092575073242188
0.093815803527832
0.093821048736572
0.096952199935913
0.10121393203735
0.089498996734619
0.11741900444031
0.1040198802948
0.090079069137573
0.090296983718872
0.13118720054626
0.095750093460083
0.10764694213867
0.10027718544006
0.099651098251343
0.098215103149414
0.097191095352173
0.096774816513062
0.095992088317871
0.10160708427429
0.091539144515991
0.09283185005188
0.096006155014038
0.10414600372314
0.097314119338989
0.096205949783325
0.11217999458313
0.097749948501587
0.093296051025391
0.095951795578003
0.091974973678589
0.097266912460327
0.092777013778687
0.09578013420105
0.091032981872559
0.095299005508423
0.09247612953186
0.090853929519653
0.089964866638184
0.096118927001953
0.097740173339844
0.088690042495728
0.096188068389893
0.094018936157227
0.092488050460815
0.093516826629639
0.095040082931519
0.093471050262451
0.096127986907959
0.10159301757812
0.09229302406311
0.09611988067627
0.098059177398682
0.093149900436401
0.092503786087036
0.090909004211426
0.095898866653442
0.096491098403931
0.090756893157959
0.092625856399536
0.14359498023987
0.1020929813385
0.089312076568604
0.091130971908569
0.097823858261108
0.097620010375977
0.1037700176239
0.091438770294189
0.092368841171265
0.087491989135742
0.096415996551514
0.09073805809021
0.089076042175293
0.096008062362671
0.091648101806641
0.092748165130615
0.098714828491211
0.091922998428345
0.093484163284302
0.093154907226562
0.094230890274048
0.099086999893188
0.099377870559692
0.090365886688232
0.10976600646973
0.090639114379883
0.096066951751709
0.097764015197754
0.10057497024536
0.090742111206055
0.093700170516968
0.097188949584961
0.096322059631348
0.094044923782349
0.093191146850586
0.096215963363647
0.10149884223938
0.094902992248535
0.10059905052185
0.099246025085449
0.093789100646973
0.095011949539185
0.096702098846436
0.091048955917358
0.099854946136475
0.10148501396179
0.1007719039917
0.14935898780823
0.10541296005249
0.10029983520508
0.097419023513794
0.095400810241699
0.092936038970947
0.099612951278687
0.08957314491272
0.092317819595337
0.1203601360321
0.098763942718506
0.094188928604126
0.09351110458374
0.10334300994873
0.097455978393555
0.093419790267944
0.093922138214111
0.11081194877625
0.092492818832397
0.099763870239258
0.10335111618042
0.14080691337585
0.095421075820923
0.091269016265869
0.099693059921265
0.09656810760498
0.097749948501587
0.10037302970886
0.094735860824585
0.099542140960693
0.10748100280762
0.09316611289978
0.10014414787292
0.098842144012451
0.096426010131836
0.090456008911133
0.092545986175537
0.10214686393738
0.14543604850769
0.095628976821899
0.10842609405518
0.089457035064697
0.096628904342651
0.097983837127686
0.091575860977173
0.089963912963867
0.094708919525146
0.093722105026245
0.089821815490723
0.099634885787964
0.10444092750549
0.084939002990723
0.09853982925415
0.11238217353821
0.099968910217285
0.093333959579468
0.08945107460022
0.092261791229248
0.092107057571411
0.094074964523315
0.094732046127319
0.10449409484863
0.11173701286316
0.093171119689941
0.095250129699707
0.099865913391113
0.096176862716675
0.087812900543213
0.099197149276733
0.099514961242676
0.10036706924438
0.097545862197876
0.099788904190063
0.093740940093994
0.10725212097168
0.094951152801514
0.088499069213867
0.092010974884033
0.097043991088867
0.09509801864624
0.095221996307373
0.096781969070435
0.092089891433716
0.091028928756714
0.10677099227905
0.091400861740112
0.09810996055603
0.097047090530396
0.095287084579468
0.096396207809448
0.094896078109741
0.10075783729553
0.091614007949829
0.1041431427002
0.095582962036133
0.093122005462646
0.094461917877197
0.10030817985535
0.090429067611694
0.09075403213501
0.10009598731995
0.099538087844849
0.094266891479492
0.093077182769775
0.098839998245239
0.099256992340088
0.096127986907959
0.097583055496216
0.10173010826111
0.099575996398926
0.093732118606567
0.088749885559082
0.099438905715942
0.092178821563721
0.09775710105896
0.10077285766602
0.094718933105469
0.094210147857666
0.10544800758362
0.093297958374023
0.089968919754028
0.096520900726318
0.093459129333496
0.1082501411438
0.094743013381958
0.097174882888794
0.097903966903687
0.10142207145691
0.1056489944458
0.10073804855347
0.091731071472168
0.093890190124512
0.093924045562744
0.15646409988403
0.098407030105591
0.094836950302124
0.094785928726196
0.09212589263916
0.10461497306824
0.10303807258606
0.10636901855469
0.097337007522583
0.094917058944702
0.10471320152283
0.10377597808838
0.092987060546875
0.098149061203003
0.087990999221802
0.088531970977783
0.09863805770874
0.098562955856323
0.0975022315979
0.091365098953247
0.09790301322937
0.095474004745483
0.10386896133423
0.090157032012939
0.11422896385193
0.096524953842163
0.094747066497803
0.10694909095764
0.093155145645142
0.10265493392944
0.097580909729004
0.091927051544189
0.10194206237793
0.11902594566345
0.11146712303162
0.10089087486267
0.099519014358521
0.099009990692139
0.11128497123718
0.097885131835938
0.094974040985107
0.21027588844299
0.10218000411987
0.10130596160889
0.093355894088745
0.091540813446045
0.093418121337891
0.090983867645264
0.098927974700928
0.094038963317871
0.10014390945435
0.097586870193481
0.090328931808472
0.092978000640869
0.095060110092163
0.096856832504272
0.092571973800659
0.10010504722595
0.095144987106323
0.09742283821106
0.10334992408752
0.093810796737671
0.093540191650391
0.094274997711182
0.092653036117554
0.097524881362915
0.09004020690918
0.091760873794556
0.099770069122314
0.093091011047363
0.097069025039673
0.095241069793701
0.10075712203979
0.093626022338867
0.10627102851868
0.096524953842163
0.092282056808472
0.099982976913452
0.093041896820068
0.099100112915039
0.094841003417969
0.094327926635742
0.10705494880676
0.097193956375122
0.10684990882874
0.095354080200195
0.095396995544434
0.089489936828613
0.092849969863892
0.098839044570923
0.092639923095703
0.22634100914001
0.11691904067993
0.11444401741028
0.099962949752808
0.093400001525879
0.099169969558716
0.10935592651367
0.11130499839783
0.094506025314331
0.10158586502075
0.094113826751709
0.10121011734009
0.14033699035645
0.10329389572144
0.092947006225586
0.098698139190674
0.10218596458435
0.094823837280273
0.10474491119385
0.098515033721924
0.10188388824463
0.097810983657837
0.091178178787231
0.096288204193115
0.092046022415161
0.094865083694458
0.10204219818115
0.10083293914795
0.093538999557495
0.10128998756409
0.10359311103821
0.091607809066772
0.10535407066345
0.097774028778076
0.1002299785614
0.095687866210938
0.097357034683228
0.093245983123779
0.097646951675415
0.1000452041626
0.093687057495117
0.096932888031006
0.094161033630371
0.10855197906494
0.10562610626221
0.097489833831787
0.10499095916748
0.097983837127686
0.1054470539093
0.095767021179199
0.093790054321289
0.094743013381958
0.091156005859375
0.10568714141846
0.10544013977051
0.10254120826721
0.2106409072876
0.095813035964966
0.097335815429688
0.095838069915771
0.093655824661255
0.092535972595215
0.10026979446411
0.097662925720215
0.096451997756958
0.094036817550659
0.10084986686707
0.10052514076233
0.10427117347717
0.10779094696045
0.093569040298462
0.12873291969299
0.11377906799316
0.098155975341797
0.10215187072754
0.093407869338989
0.091983079910278
0.10188508033752
0.099563837051392
0.099636077880859
0.092954158782959
0.096179008483887
0.09317421913147
0.095851182937622
0.096287965774536
0.096845149993896
0.093059062957764
0.097340106964111
0.096300840377808
0.10093998908997
0.097455024719238
0.099086999893188
0.099539995193481
0.095198154449463
0.10163307189941
0.094461917877197
0.10034584999084
0.10395193099976
0.097827911376953
0.1063220500946
0.10133385658264
0.090800046920776
0.094708919525146
0.10000395774841
0.096516847610474
0.095365047454834
0.1016309261322
0.099993944168091
0.10223388671875
0.10085487365723
0.096708059310913
0.097453117370605
0.10760307312012
0.09502387046814
0.10823011398315
0.08971905708313
0.095020055770874
0.095785856246948
0.091603994369507
0.088864088058472
0.093354940414429
0.1011049747467
0.10216593742371
0.093330860137939
0.099493026733398
0.099946022033691
0.097652912139893
0.091973066329956
0.092700958251953
0.097116947174072
0.11276507377625
0.10035109519958
0.099942207336426
0.098176956176758
0.092005968093872
0.12408995628357
0.10177898406982
0.092958927154541
0.094347953796387
0.097732067108154
0.097401142120361
0.093729019165039
0.099889039993286
0.098582029342651
0.093482971191406
0.099354982376099
0.096877813339233
0.096260070800781
0.097308158874512
0.097409963607788
0.10173797607422
0.10158395767212
0.092247009277344
0.099632024765015
0.096643924713135
0.094494104385376
0.096413850784302
0.09684419631958
0.099246978759766
0.09394907951355
0.09815788269043
0.091043949127197
0.10170102119446
0.094568014144897
0.093050003051758
0.10466003417969
0.095117807388306
0.092175006866455
0.090878009796143
0.11438417434692
0.098544120788574
0.11178088188171
0.10058498382568
0.097547054290771
0.097583055496216
0.096199035644531
0.0990309715271
0.10078310966492
0.093460083007812
0.09451699256897
0.10642695426941
0.099830150604248
0.10359907150269
0.097986936569214
0.093686819076538
0.095101833343506
0.099257946014404
0.1040620803833
0.097470045089722
0.09629487991333
0.096934795379639
0.094558000564575
0.091524839401245
0.085877180099487
0.088357925415039
0.0933678150177
0.092627048492432
0.095201015472412
0.1075918674469
0.10109710693359
0.092972993850708
0.099413156509399
0.094774961471558
0.097168922424316
0.095036029815674
0.099246025085449
0.098658084869385
0.10242009162903
0.096588134765625
0.091132879257202
0.093840837478638
0.09014105796814
0.10055494308472
0.087640047073364
0.093027114868164
0.098634958267212
0.091097116470337
0.096415996551514
0.094359874725342
0.09781813621521
0.10498404502869
0.096966028213501
0.11054491996765
0.096166133880615
0.089175939559937
0.09319806098938
0.094942092895508
0.096791982650757
0.097823858261108
0.096503019332886
0.087017059326172
0.094197034835815
0.094135046005249
0.094762086868286
0.093080043792725
0.089777946472168
0.092703104019165
0.097245931625366
0.09301495552063
0.20385479927063
0.093630075454712
0.092852830886841
0.090380907058716
0.10749387741089
0.095963001251221
0.098410844802856
0.099724054336548
0.093865156173706
0.095624923706055
0.095017910003662
0.13386392593384
0.09937310218811
0.091835021972656
0.093318939208984
0.097268104553223
0.091568946838379
0.094610929489136
0.09528112411499
0.099483013153076
0.097604990005493
0.10814905166626
0.093136072158813
0.10019683837891
0.10436797142029
0.10015201568604
0.098047018051147
0.10190796852112
0.097362995147705
0.10847210884094
0.10252404212952
0.097417116165161
0.098926782608032
0.090604066848755
0.095299005508423
0.095782041549683
0.10160398483276
0.089364051818848
0.089688062667847
0.10939288139343
0.10038590431213
0.18260216712952
0.1031608581543
0.093324899673462
0.095668077468872
0.10470604896545
0.10921311378479
0.098295927047729
0.15199112892151
0.10131502151489
0.1122350692749
0.095708131790161
0.1248631477356
0.097179889678955
0.10070204734802
0.096644878387451
0.09492015838623
0.098901033401489
0.10616397857666
0.098152875900269
0.10395097732544
0.099683046340942
0.088920831680298
0.096066951751709
0.097466945648193
0.096843004226685
0.085901975631714
0.088566064834595
0.093819856643677
0.098659992218018
0.094725847244263
0.099064111709595
0.10726404190063
0.10050201416016
0.10050392150879
0.096394062042236
0.09733510017395
0.10305500030518
0.10054397583008
0.095699071884155
0.10002589225769
0.092377901077271
0.094518899917603
0.098917007446289
0.1012179851532
0.098449945449829
0.093986034393311
0.095706939697266
0.096158027648926
0.1060938835144
0.10296511650085
0.095951080322266
0.090351104736328
0.10706186294556
0.11505079269409
0.092005014419556
0.099770069122314
0.09443998336792
0.093158960342407
0.099515914916992
0.097909927368164
0.091618061065674
0.099658012390137
0.094125032424927
0.096112012863159
0.10557103157043
0.096336841583252
0.095914840698242
0.10241389274597
0.092889785766602
0.092223167419434
0.09269118309021
0.093352079391479
0.10585713386536
0.096714973449707
0.091211080551147
0.095781087875366
0.13917589187622
0.098478078842163
0.099225044250488
0.093625068664551
0.096711874008179
0.096958875656128
0.095582962036133
0.090378999710083
0.098875999450684
0.099172830581665
0.10289096832275
0.10670399665833
0.10385012626648
0.098238945007324
0.091192960739136
0.10521697998047
0.10136103630066
0.095988988876343
0.096282958984375
0.098881006240845
0.10715508460999
0.094829082489014
0.10128998756409
0.094143152236938
0.096951961517334
0.10110116004944
0.0986168384552
0.10337996482849
0.10915803909302
0.092591047286987
0.10327887535095
0.094402074813843
0.1044499874115
0.092368125915527
0.10438895225525
0.092583894729614
0.098085880279541
0.099058151245117
0.091511011123657
0.10546898841858
0.090128898620605
0.092530012130737
0.096053123474121
0.10267996788025
0.10013508796692
0.10064506530762
0.096070051193237
0.098052978515625
0.10300517082214
0.10360097885132
0.098065853118896
0.098649024963379
0.10181593894958
0.095494985580444
0.1019721031189
0.095398902893066
0.096576929092407
0.12247395515442
0.09772801399231
0.10305905342102
0.09541392326355
0.096533060073853
0.08998703956604
0.099280834197998
0.093385934829712
0.093547105789185
0.090403079986572
0.10077691078186
0.097543001174927
0.098835945129395
0.10448598861694
0.098192930221558
0.21094393730164
0.10159707069397
0.10076403617859
0.10828900337219
0.091498851776123
0.10048484802246
0.099851131439209
0.090154886245728
0.098501920700073
0.10370683670044
0.12216901779175
0.1014461517334
0.22517991065979
0.099848985671997
0.099503040313721
0.10360193252563
0.097254991531372
0.089874029159546
0.098185062408447
0.097424983978271
0.091254949569702
0.099499940872192
0.091989040374756
0.096514940261841
0.10073089599609
0.094499111175537
0.10773110389709
0.089962959289551
0.097445964813232
0.096441984176636
0.093176126480103
0.10133695602417
0.092211008071899
0.088846206665039
0.10747599601746
0.096652030944824
0.093122005462646
0.10248708724976
0.10505890846252
0.092372179031372
0.099374055862427
0.096023082733154
0.096187829971313
0.10292601585388
0.20827603340149
0.090190887451172
0.094129085540771
0.095545768737793
0.091974020004272
0.097607851028442
0.097255945205688
0.093295097351074
0.092435121536255
0.11305284500122
0.10106897354126
0.091471910476685
0.095138072967529
0.10538196563721
0.10376596450806
0.099313020706177
0.090526103973389
0.092586994171143
0.098435163497925
0.098877191543579
0.10510301589966
0.092384815216064
0.093064069747925
0.10094904899597
0.095975875854492
0.092542886734009
0.10027718544006
0.10397005081177
0.091274976730347
0.089280843734741
0.088109016418457
0.087562084197998
0.092396974563599
0.09608006477356
0.096127033233643
0.092162132263184
0.099422931671143
0.098259925842285
0.10056304931641
0.13085794448853
0.096055030822754
0.10132217407227
0.10188317298889
0.0953528881073
0.09766697883606
0.1047990322113
0.096014022827148
0.099133014678955
0.094357013702393
0.10085892677307
0.096705913543701
0.095582008361816
0.092087984085083
0.090476989746094
0.099987983703613
0.09466814994812
0.093235015869141
0.095730066299438
0.0954430103302
0.089491128921509
0.088699102401733
0.097808837890625
0.10175895690918
0.090092897415161
0.098443984985352
0.10422015190125
0.089877843856812
0.097228050231934
0.094219207763672
0.088656902313232
0.09880805015564
0.10308694839478
0.097637891769409
0.094192028045654
0.093258857727051
0.10778713226318
0.22349500656128
0.10280704498291
0.10229897499084
0.10028409957886
0.09454083442688
0.10225701332092
0.092757940292358
0.095116853713989
0.1063117980957
0.10187292098999
0.096660137176514
0.093874931335449
0.092810869216919
0.10014295578003
0.098460912704468
0.1061909198761
0.10063886642456
0.10315799713135
0.10446691513062
0.093407154083252
0.095715999603271
0.098320960998535
0.097638845443726
0.087775945663452
0.09381890296936
0.098351001739502
0.10533118247986
0.091447114944458
0.094887971878052
0.094038963317871
0.096921920776367
0.092820882797241
0.10750484466553
0.10975694656372
0.10006403923035
0.095640182495117
0.1049427986145
0.094805002212524
0.10180187225342
0.092427968978882
0.10104298591614
0.096580982208252
0.095489025115967
0.093332052230835
0.10044193267822
0.11092686653137
0.094887018203735
0.096320867538452
0.096060991287231
0.095793008804321
0.10173106193542
0.095805883407593
0.099220037460327
0.10136890411377
0.091340065002441
0.10157299041748
0.092740058898926
0.099410057067871
0.088896989822388
0.090087890625
0.099858045578003
0.097244024276733
0.095849990844727
0.092561960220337
0.09174108505249
0.090975999832153
0.093077182769775
0.088621854782104
0.096290111541748
0.10398602485657
0.09050178527832
0.091776132583618
0.10982298851013
0.098382949829102
0.098726987838745
0.10107207298279
0.10313105583191
0.093065977096558
0.098876953125
0.09250807762146
0.098618030548096
0.10451412200928
0.094042062759399
0.091832876205444
0.10228514671326
0.094158887863159
0.095909118652344
0.10035610198975
0.093921899795532
0.13124299049377
0.10068202018738
0.092911958694458
0.091365098953247
0.094429969787598
0.095901966094971
0.091026067733765
0.10182094573975
0.099709033966064
0.091531038284302
0.093641996383667
0.09632396697998
0.09212589263916
0.09299898147583
0.10159802436829
0.090636014938354
0.10249781608582
0.091188907623291
0.10462188720703
0.10323214530945
0.094527959823608
0.098980903625488
0.095053195953369
0.10029101371765
0.11132383346558
0.10221791267395
0.094537973403931
0.093995809555054
0.093129873275757
0.094711065292358
0.098537921905518
0.08980393409729
0.20852899551392
0.093270063400269
0.093163967132568
0.097047805786133
0.098635911941528
0.092575073242188
0.10108113288879
0.10083198547363
0.09637188911438
0.10143303871155
0.099346876144409
0.094184875488281
0.096446990966797
0.091797113418579
0.092185020446777
0.090617895126343
0.098659992218018
0.10407495498657
0.10768914222717
0.091546773910522
0.092271089553833
0.089429140090942
0.093443155288696
0.093276977539062
0.08826208114624
0.098837852478027
0.1064441204071
0.093835115432739
0.096061944961548
0.094549894332886
0.098502159118652
0.10468983650208
0.096471071243286
0.098595857620239
0.10256505012512
0.095251083374023
0.097094058990479
0.09382700920105
0.11547303199768
0.094012975692749
0.1038601398468
0.09355616569519
0.10311317443848
0.10156893730164
0.11884903907776
0.092246055603027
0.098245859146118
0.098672866821289
0.092747926712036
0.098839998245239
0.097632169723511
0.10544896125793
0.089042901992798
0.094970941543579
0.092314004898071
0.09276008605957
0.1016480922699
0.096964120864868
0.10091590881348
0.1008780002594
0.093012094497681
0.095493078231812
0.10032105445862
0.099490880966187
0.096298933029175
0.090292930603027
0.097043037414551
0.095416069030762
0.099673986434937
0.095040082931519
0.10511016845703
0.094171047210693
0.094500780105591
0.092032909393311
0.10015106201172
0.10020995140076
0.095246076583862
0.099366903305054
0.098427057266235
0.10231709480286
0.091758012771606
0.096532106399536
0.093049049377441
0.089493989944458
0.094685077667236
0.094183921813965
0.10951399803162
0.097194910049438
0.10167384147644
0.099330186843872
0.092761039733887
0.091856002807617
0.094436883926392
0.099173069000244
0.098009824752808
0.093523979187012
0.099339008331299
0.095513105392456
0.095850944519043
0.097408056259155
0.10644102096558
0.096492052078247
0.090352058410645
0.10465002059937
0.099905014038086
0.092061996459961
0.099134922027588
0.10486507415771
0.095273971557617
0.095831871032715
0.091954946517944
0.094816923141479
0.090714931488037
0.096757888793945
0.10885095596313
0.10449409484863
0.09846305847168
0.10123205184937
0.099158048629761
0.093345880508423
0.10059094429016
0.090986967086792
0.10498309135437
0.099325895309448
0.096467971801758
0.097049951553345
0.10097002983093
0.088945865631104
0.094102144241333
0.098397016525269
0.093291044235229
0.0899338722229
0.091358184814453
0.090308904647827
0.10666704177856
0.097231864929199
0.098047971725464
0.10282707214355
0.089582204818726
0.10079503059387
0.099256992340088
0.11051607131958
0.097089052200317
0.092123985290527
0.10607314109802
0.095625877380371
0.0935218334198
0.093386888504028
0.099084138870239
0.093975067138672
0.097792148590088
0.094355821609497
0.092334032058716
0.086965084075928
0.089922904968262
0.088726997375488
0.1125750541687
0.095817089080811
0.10051894187927
0.093033075332642
0.093407869338989
0.0971839427948
0.099555969238281
0.090439081192017
0.10593414306641
0.11371493339539
0.094861030578613
0.09994912147522
0.091928005218506
0.10425186157227
0.10314702987671
0.108402967453
0.091575145721436
0.099530935287476
0.09629487991333
0.09128999710083
0.10430121421814
0.092046976089478
0.10059213638306
0.09446907043457
0.098725080490112
0.1031858921051
0.097015857696533
0.098963022232056
0.089401006698608
0.1038019657135
0.096182107925415
0.09483790397644
0.090339183807373
0.097910165786743
0.10775303840637
0.088386058807373
0.092400074005127
0.098910093307495
0.12186598777771
0.091213941574097
0.096322059631348
0.094158887863159
0.090637922286987
0.094291925430298
0.0935218334198
0.097148895263672
0.092329978942871
0.093163013458252
0.10419392585754
0.09426212310791
0.094007015228271
0.094202995300293
0.096971988677979
0.089406967163086
0.097766876220703
0.091395854949951
0.091168880462646
0.094647884368896
0.092029094696045
0.098028898239136
0.10196304321289
0.093909025192261
0.096941947937012
0.091001987457275
0.09689998626709
0.089205026626587
0.095412015914917
0.095679044723511
0.09766697883606
0.09083890914917
0.10222911834717
0.09241509437561
0.10242080688477
0.095004081726074
0.10892391204834
0.094411134719849
0.096802949905396
0.093636989593506
0.091490983963013
0.094792127609253
0.092603921890259
0.091794013977051
0.093209028244019
0.094257116317749
0.10862493515015
0.099256992340088
0.14827704429626
0.10177493095398
0.092854976654053
0.089043855667114
0.093070983886719
0.095528841018677
0.11832785606384
0.10349702835083
0.10161209106445
0.10038018226624
0.099374055862427
0.097815036773682
0.091485977172852
0.10223913192749
0.10827398300171
0.091182947158813
0.10401105880737
0.098145961761475
0.10243678092957
0.10360407829285
0.097005128860474
0.10262107849121
0.087477922439575
0.094459056854248
0.091249942779541
0.09862494468689
0.14350581169128
0.10243511199951
0.099435091018677
0.21667814254761
0.095304012298584
0.093997001647949
0.092896938323975
0.096997022628784
0.098651170730591
0.099326848983765
0.10678005218506
0.10564708709717
0.1034939289093
0.10083794593811
0.10412287712097
0.092373132705688
0.095664024353027
0.10153007507324
0.10045504570007
0.10821509361267
0.092512845993042
0.096290111541748
0.095110893249512
0.092593908309937
0.090942144393921
0.094790935516357
0.098663091659546
0.096485137939453
0.094892978668213
0.098607063293457
0.09244704246521
0.094009876251221
0.094805002212524
0.098503112792969
0.097461938858032
0.1047580242157
0.091353893280029
0.10203194618225
0.10251212120056
0.099095106124878
0.096443891525269
0.098894834518433
0.097859859466553
0.093435049057007
0.1052610874176
0.098647832870483
0.09309196472168
0.091379880905151
0.099896907806396
0.10198998451233
0.095047950744629
0.090719938278198
0.10053992271423
0.10050082206726
0.10287404060364
0.10039401054382
0.11215901374817
0.098971128463745
0.098258972167969
0.091762065887451
0.096621990203857
0.10770106315613
0.099632024765015
0.10007500648499
0.097965002059937
0.099997997283936
0.092276811599731
0.096474885940552
0.096376180648804
0.1029040813446
0.096099853515625
0.095555067062378
0.096127986907959
0.09879994392395
0.10599207878113
0.09700608253479
0.089112043380737
0.097228050231934
0.10072898864746
0.092555999755859
0.096614837646484
0.10077691078186
0.099636077880859
0.093200922012329
0.10245394706726
0.094295978546143
0.096986055374146
0.099737882614136
0.099199056625366
0.1089780330658
0.095004081726074
0.097867965698242
0.090266942977905
0.11233305931091
0.10100603103638
0.092278003692627
0.097838878631592
0.099837064743042
0.10041880607605
0.10155487060547
0.094791889190674
0.092934846878052
0.096816062927246
0.10070586204529
0.10286498069763
0.091215133666992
0.10499000549316
0.099909067153931
0.094299077987671
0.096657037734985
0.091070890426636
0.10645604133606
0.095999002456665
0.096216917037964
0.098845958709717
0.10085391998291
0.093640804290771
0.096836090087891
0.099019050598145
0.099688053131104
0.092401027679443
0.10458207130432
0.10173797607422
0.098443031311035
0.092120170593262
0.091300010681152
0.096809148788452
0.096771955490112
0.098619937896729
0.093033075332642
0.10087609291077
0.096553087234497
0.095221042633057
0.09467601776123
0.093070030212402
0.096704006195068
0.099509000778198
0.10322403907776
0.091814994812012
0.096242904663086
0.095193862915039
0.098423957824707
0.09745192527771
0.10636401176453
0.097559928894043
0.089208126068115
0.08821702003479
0.093240976333618
0.10003900527954
0.099814891815186
0.096499919891357
0.0970299243927
0.10285806655884
0.10425591468811
0.095905065536499
0.0919349193573
0.10960817337036
0.093255996704102
0.097842931747437
0.086832046508789
0.10355377197266
0.11305499076843
0.096490144729614
0.095531940460205
0.094158887863159
0.099319934844971
0.10515809059143
0.089170932769775
0.09825587272644
0.097047805786133
0.096110105514526
0.099177122116089
0.10992789268494
0.09954309463501
0.093536853790283
0.09229302406311
0.091361045837402
0.14872694015503
0.09663987159729
0.095643997192383
0.09775710105896
0.094382047653198
0.10418105125427
0.097647905349731
0.10230302810669
0.098095893859863
0.095124006271362
0.10930299758911
0.090301990509033
0.10368299484253
0.09211802482605
0.091532945632935
0.095900058746338
0.09269380569458
0.099236011505127
0.10101985931396
0.090341091156006
0.10386300086975
0.10244011878967
0.095600128173828
0.10434889793396
0.10266900062561
0.098258018493652
0.11164903640747
0.098388910293579
0.094284057617188
0.09643816947937
0.097059011459351
0.095381021499634
0.088173151016235
0.088245868682861
0.11076307296753
0.089502811431885
0.092177152633667
0.10063004493713
0.10100698471069
0.10417699813843
0.10087704658508
0.099565982818604
0.13857793807983
0.13643479347229
0.10747122764587
0.11494708061218
0.088263988494873
0.089656114578247
0.095607995986938
0.093379020690918
0.09832501411438
0.098773002624512
0.092772960662842
0.089195966720581
0.099840879440308
0.092772006988525
0.10121083259583
0.098212003707886
0.093281984329224
0.095510959625244
0.10047006607056
0.092278003692627
0.095350027084351
0.096304178237915
0.11643195152283
0.10117411613464
0.098863124847412
0.092520952224731
0.13078093528748
0.095776081085205
0.091922998428345
0.10343384742737
0.092223882675171
0.098264932632446
0.097529172897339
0.10884499549866
0.092285871505737
0.14069390296936
0.089869022369385
0.099439859390259
0.10668802261353
0.092298030853271
0.095112085342407
0.096885204315186
0.10158205032349
0.10151195526123
0.095721960067749
0.091586112976074
0.089534997940063
0.096520900726318
0.10006403923035
0.092176914215088
0.1212899684906
0.099204063415527
0.096266031265259
0.10540318489075
0.09706711769104
0.092730045318604
0.092797040939331
0.10563015937805
0.095823049545288
0.10483312606812
0.10362005233765
0.093247175216675
0.098301887512207
0.09646201133728
0.097568988800049
0.10256505012512
0.091292858123779
0.097733020782471
0.094086885452271
0.096938848495483
0.093322038650513
0.092597961425781
0.10445880889893
0.097801923751831
0.098604917526245
0.095520973205566
0.096540927886963
0.096451044082642
0.095784902572632
0.10303401947021
0.099266052246094
0.10222291946411
0.095705032348633
0.092705965042114
0.0986008644104
0.095122814178467
0.098604917526245
0.096189975738525
0.092190980911255
0.094896078109741
0.095981121063232
0.11280393600464
0.093713045120239
0.092635154724121
0.10381293296814
0.11024904251099
0.097049951553345
0.11301589012146
0.09622597694397
0.098131895065308
0.098083019256592
0.11746883392334
0.10040807723999
0.095239877700806
0.095627069473267
0.10006308555603
0.097327947616577
0.095893144607544
0.092264890670776
0.10455083847046
0.10024499893188
0.097646951675415
0.093501091003418
0.10335111618042
0.095638990402222
0.10112905502319
0.091500997543335
0.096302032470703
0.097411870956421
0.099561929702759
0.097507953643799
0.11139893531799
0.095115900039673
0.091421842575073
0.09590482711792
0.099816083908081
0.095522165298462
0.09797191619873
0.097493886947632
0.098822116851807
0.10216903686523
0.091092109680176
0.094626903533936
0.092499971389771
0.10605716705322
0.11477279663086
0.099796056747437
0.097393989562988
0.1034369468689
0.10064101219177
0.12397885322571
0.093211889266968
0.097092151641846
0.10148501396179
0.10367012023926
0.092054843902588
0.10152912139893
0.097533941268921
0.095260858535767
0.10666394233704
0.096875905990601
0.093286037445068
0.096533060073853
0.097517013549805
0.10812401771545
0.10623598098755
0.099133968353271
0.10372090339661
0.10320901870728
0.09725284576416
0.097599029541016
0.11463093757629
0.090852975845337
0.1132550239563
0.10053086280823
0.098616123199463
0.10245895385742
0.09435510635376
0.099409818649292
0.10310006141663
0.09178900718689
0.091421127319336
0.097156047821045
0.095036029815674
0.092083215713501
0.10072088241577
0.090018033981323
0.089011907577515
0.097939014434814
0.10218906402588
0.096780061721802
0.13772082328796
0.10444092750549
0.095287084579468
0.086302995681763
0.10042786598206
0.096133947372437
0.10809278488159
0.094970941543579
0.10220193862915
0.10076403617859
0.094997882843018
0.096406936645508
0.088233947753906
0.097816944122314
0.096574068069458
0.095061063766479
0.093214988708496
0.091165065765381
0.09839916229248
0.090911865234375
0.088892936706543
0.094157218933105
0.1040301322937
0.098505973815918
0.096716165542603
0.12172198295593
0.10784506797791
0.094963073730469
0.10494494438171
0.097837924957275
0.095149040222168
0.098417997360229
0.09748911857605
0.10029101371765
0.095134019851685
0.10250782966614
0.096757888793945
0.096333026885986
0.094059944152832
0.11692190170288
0.1021580696106
0.098251104354858
0.089246988296509
0.096958875656128
0.098916053771973
0.09095287322998
0.096220016479492
0.20920896530151
0.095258951187134
0.10592985153198
0.091292142868042
0.092031955718994
0.099560976028442
0.091248035430908
0.094326019287109
0.093302965164185
0.095528841018677
0.094351053237915
0.09515380859375
0.092310190200806
0.092839002609253
0.10052990913391
0.095584869384766
0.10121178627014
0.10022902488708
0.10193109512329
0.1078770160675
0.10469698905945
0.10655283927917
0.096979856491089
0.093490123748779
0.11318492889404
0.099323987960815
0.091562032699585
0.094892024993896
0.10465788841248
0.0950767993927
0.10148978233337
0.098972082138062
0.091949939727783
0.091261863708496
0.093553066253662
0.092513084411621
0.10049891471863
0.1025710105896
0.091409921646118
0.10261201858521
0.098697900772095
0.095071077346802
0.095128059387207
0.096884965896606
0.0970299243927
0.11108684539795
0.097440004348755
0.11997699737549
0.097227096557617
0.093413114547729
0.098890066146851
0.10255002975464
0.10701608657837
0.10450482368469
0.10087513923645
0.0887770652771
0.092934131622314
0.095493078231812
0.090974092483521
0.092220067977905
0.091731071472168
0.099029064178467
0.10934209823608
0.10103511810303
0.099976062774658
0.094705820083618
0.096998929977417
0.095418930053711
0.092199087142944
0.097486019134521
0.099871158599854
0.094227075576782
0.09405779838562
0.10055208206177
0.09803318977356
0.1033570766449
0.095808029174805
0.092807054519653
0.10012292861938
0.092006206512451
0.097484827041626
0.098978996276855
0.09478497505188
0.10189604759216
0.089728116989136
0.1073899269104
0.09509801864624
0.095237016677856
0.094048023223877
0.09290885925293
0.093710899353027
0.086780071258545
0.096283912658691
0.090733051300049
0.092682838439941
0.09313702583313
0.094826221466064
0.09499192237854
0.10302209854126
0.090728998184204
0.093870878219604
0.096849918365479
0.089632034301758
0.095288038253784
0.09834623336792
0.10434198379517
0.098411083221436
0.10166597366333
0.094111204147339
0.097743988037109
0.094871997833252
0.092754125595093
0.092995882034302
0.099008083343506
0.10531497001648
0.095592021942139
0.10504293441772
0.096138000488281
0.099681854248047
0.094284057617188
0.10658001899719
0.094439029693604
0.092198133468628
0.10396599769592
0.096928119659424
0.096913814544678
0.093410015106201
0.091776132583618
0.099106073379517
0.10576915740967
0.10317993164062
0.090162038803101
0.093410968780518
0.090491056442261
0.091691017150879
0.094686985015869
0.099899053573608
0.098609924316406
0.11018109321594
0.10222101211548
0.093046188354492
0.1002459526062
0.09655499458313
0.10568594932556
0.10509514808655
0.11012721061707
0.09641695022583
0.10608887672424
0.094331979751587
0.14234590530396
0.093873023986816
0.092464923858643
0.092020988464355
0.10099315643311
0.09363317489624
0.10661816596985
0.31687903404236
0.10268712043762
0.093900918960571
0.14208006858826
0.1015088558197
0.091181993484497
0.099078893661499
0.097949981689453
0.095385074615479
0.10041284561157
0.0991370677948
0.099926233291626
0.094694137573242
0.12211799621582
0.091747999191284
0.098595857620239
0.10738515853882
0.099174022674561
0.094913005828857
0.098136901855469
0.093786954879761
0.095759153366089
0.094349145889282
0.097862005233765
0.095986127853394
0.10238909721375
0.090230941772461
0.091856002807617
0.09894585609436
0.092441082000732
0.093179941177368
0.08961296081543
0.094913959503174
0.090914964675903
0.095391035079956
0.093662977218628
0.095597982406616
0.092584133148193
0.093828916549683
0.096593856811523
0.099793910980225
0.089884996414185
0.088901042938232
0.090389966964722
0.096189022064209
0.093064069747925
0.10225486755371
0.094942092895508
0.095937967300415
0.1037061214447
0.094557046890259
0.095150947570801
0.094983100891113
0.094474077224731
0.10174679756165
0.099222898483276
0.092376947402954
0.099086999893188
0.095947980880737
0.09381103515625
0.11561989784241
0.097729206085205
0.094189167022705
0.11023116111755
0.096740961074829
0.089617013931274
0.098356008529663
0.10034584999084
0.11798405647278
0.098579883575439
0.096950054168701
0.10404896736145
0.097676038742065
0.10621094703674
0.10101890563965
0.092916965484619
0.090912103652954
0.098848104476929
0.10362195968628
0.10207009315491
0.09980583190918
0.090836048126221
0.097330093383789
0.11490106582642
0.093806982040405
0.11930203437805
0.097596168518066
0.091398954391479
0.099799871444702
0.096169948577881
0.095811128616333
0.098529815673828
0.093997001647949
0.10194993019104
0.094748020172119
0.095152854919434
0.093741893768311
0.1168520450592
0.090802907943726
0.092747211456299
0.10239100456238
0.097983837127686
0.15338492393494
0.12757205963135
0.097771883010864
0.09346604347229
0.093848943710327
0.089765071868896
0.094478130340576
0.094561815261841
0.10419487953186
0.12241101264954
0.09282398223877
0.088352918624878
0.09763503074646
0.1008038520813
0.10654401779175
0.097999095916748
0.10990190505981
0.10361099243164
0.10603713989258
0.092782974243164
0.095341920852661
0.093194961547852
0.10062289237976
0.095158815383911
0.096309900283813
0.10166311264038
0.097625017166138
0.098596811294556
0.097087144851685
0.091219902038574
0.10015392303467
0.10173892974854
0.093507051467896
0.14685416221619
0.10255193710327
0.097069978713989
0.12234306335449
0.11146306991577
0.096746921539307
0.09472918510437
0.094465017318726
0.0938880443573
0.1061110496521
0.099177837371826
0.095318078994751
0.1037929058075
0.089819192886353
0.097621202468872
0.10135793685913
0.089842081069946
0.10128903388977
0.096938848495483
0.094889879226685
0.091189861297607
0.093380928039551
0.093075037002563
0.09017014503479
0.10360217094421
0.10483598709106
0.094259023666382
0.089827060699463
0.091078996658325
0.091323852539062
0.092849969863892
0.090564966201782
0.10746598243713
0.11766600608826
0.099725008010864
0.097465991973877
0.097259998321533
0.098543882369995
0.11511707305908
0.099303960800171
0.10727906227112
0.10290789604187
0.095168113708496
0.09227991104126
0.094521999359131
0.092674016952515
0.09476113319397
0.099427938461304
0.09224009513855
0.10764598846436
0.092375993728638
0.092221021652222
0.099936008453369
0.092854022979736
0.09184193611145
0.091603994369507
0.091305017471313
0.094444990158081
0.093255043029785
0.099131107330322
0.091534852981567
0.099959135055542
0.10634422302246
0.097692012786865
0.094958066940308
0.106449842453
0.089646816253662
0.09505295753479
0.096330165863037
0.091022968292236
0.095331907272339
0.1050009727478
0.092506170272827
0.10253095626831
0.097193956375122
0.092449903488159
0.11359810829163
0.099736928939819
0.094594955444336
0.09640908241272
0.089555978775024
0.10665607452393
0.096256017684937
0.094069004058838
0.095454931259155
0.097018003463745
0.098410844802856
0.096182823181152
0.096320867538452
0.10861110687256
0.099045991897583
0.098836183547974
0.088011980056763
0.094454050064087
0.098804950714111
0.096174955368042
0.090728998184204
0.096465826034546
0.1194760799408
0.093090057373047
0.39546704292297
0.10366606712341
0.099441051483154
0.095509052276611
0.10749793052673
0.098384141921997
0.10775899887085
0.095355033874512
0.10911083221436
0.092747926712036
0.090523958206177
0.098782062530518
0.091763019561768
0.096960067749023
0.10857105255127
0.093056917190552
0.099487066268921
0.09712290763855
0.094726085662842
0.099941968917847
0.090463161468506
0.098545074462891
0.09156322479248
0.095860004425049
0.095012903213501
0.093652009963989
0.1024329662323
0.095016002655029
0.09953498840332
0.10645389556885
0.10083198547363
0.090317010879517
0.1005859375
0.09276008605957
0.094565153121948
0.098897933959961
0.088011026382446
0.093271970748901
0.095044136047363
0.098960876464844
0.1032509803772
0.10491108894348
0.092151880264282
0.099835157394409
0.099608898162842
0.091068029403687
0.091742038726807
0.097394943237305
0.10196304321289
0.094053983688354
0.096208095550537
0.10654592514038
0.090877056121826
0.096884965896606
0.095957040786743
0.10289597511292
0.092855930328369
0.097523927688599
0.095818042755127
0.091794013977051
0.097543954849243
0.09458589553833
0.091943979263306
0.095567941665649
0.099418878555298
0.09230899810791
0.10272097587585
0.090286016464233
0.097927093505859
0.09122109413147
0.089979887008667
0.10406494140625
0.097018003463745
0.10234212875366
0.10769391059875
0.091293096542358
0.20643496513367
0.097141027450562
0.090413808822632
0.098084926605225
0.097745180130005
0.092479944229126
0.099997997283936
0.10955882072449
0.095049858093262
0.10115385055542
0.099077939987183
0.097331047058105
0.090628147125244
0.10095596313477
0.094954013824463
0.09467601776123
0.102952003479
0.094506978988647
0.094818830490112
0.093666076660156
0.096148014068604
0.092037916183472
0.097112894058228
0.091184854507446
0.098505973815918
0.091660976409912
0.098505020141602
0.092473030090332
0.097529888153076
0.094367980957031
0.10787200927734
0.10411500930786
0.10230493545532
0.092366933822632
0.098381996154785
0.10314607620239
0.095641136169434
0.093219995498657
0.095152854919434
0.096966981887817
0.096307992935181
0.10444307327271
0.10067510604858
0.098150968551636
0.094866037368774
0.1013388633728
0.092846155166626
0.10812878608704
0.098461866378784
0.093822956085205
0.099938154220581
0.093360900878906
0.10034513473511
0.093053102493286
0.093910932540894
0.095229148864746
0.09772801399231
0.11055612564087
0.10393190383911
0.093098878860474
0.097171068191528
0.09439492225647
0.10096001625061
0.091645956039429
0.10228395462036
0.091919183731079
0.10143399238586
0.098389148712158
0.09930682182312
0.10486912727356
0.09806489944458
0.089111089706421
0.099639177322388
0.10312604904175
0.094206094741821
0.097851991653442
0.091134071350098
0.09254002571106
0.11663699150085
0.091740131378174
0.093732118606567
0.10044693946838
0.10291695594788
0.1029109954834
0.098000049591064
0.09166407585144
0.097252130508423
0.09071683883667
0.089580059051514
0.094732999801636
0.093000173568726
0.094187021255493
0.095033884048462
0.09119701385498
0.098576068878174
0.088766813278198
0.092970132827759
0.096515893936157
0.094942092895508
0.09269905090332
0.10267496109009
0.093991994857788
0.096801996231079
0.098703861236572
0.10511803627014
0.098351955413818
0.095723867416382
0.093851089477539
0.089225053787231
0.092216968536377
0.12252116203308
0.093062162399292
0.11041498184204
0.090579986572266
0.098476886749268
0.090962886810303
0.10624003410339
0.09566593170166
0.097805023193359
0.092921018600464
0.10213613510132
0.098619937896729
0.10058188438416
0.096397161483765
0.096571922302246
0.1084201335907
0.095557928085327
0.092071056365967
0.11167597770691
0.093199014663696
0.094225883483887
0.096073150634766
0.096855878829956
0.097644090652466
0.088427066802979
0.099050998687744
0.096597909927368
0.092398166656494
0.09365701675415
0.090536832809448
0.097411155700684
0.095917940139771
0.10211396217346
0.09481406211853
0.097733974456787
0.096885919570923
0.092780828475952
0.10189199447632
0.098227977752686
0.10245108604431
0.089333057403564
0.096467971801758
0.10096406936646
0.10192918777466
0.10567593574524
0.096279144287109
0.097441911697388
0.098947048187256
0.09785008430481
0.10339498519897
0.10240793228149
0.094326972961426
0.09771203994751
0.095622062683105
0.098527908325195
0.09459114074707
0.10324001312256
0.099531888961792
0.095944881439209
0.10100388526917
0.099630117416382
0.11240601539612
0.096506118774414
0.10053300857544
0.1017849445343
0.10825705528259
0.10349917411804
0.093800067901611
0.099952220916748
0.093605041503906
0.39496994018555
0.09448504447937
0.099884986877441
0.11232280731201
0.091307878494263
0.10261297225952
0.10010004043579
0.089426040649414
0.10070514678955
0.1002140045166
0.093579053878784
0.091285943984985
0.11774611473083
0.093825101852417
0.10941410064697
0.09063196182251
0.097635984420776
0.11911106109619
0.097894906997681
0.097862005233765
0.098112821578979
0.091136932373047
0.094523906707764
0.094252109527588
0.11781907081604
0.10043001174927
0.095232009887695
0.09740686416626
0.10239195823669
0.097398042678833
0.10245013237
0.099671840667725
0.098422050476074
0.096831798553467
0.09707498550415
0.092849969863892
0.094983100891113
0.097381830215454
0.10097503662109
0.093610048294067
0.094884872436523
0.09227991104126
0.1017119884491
0.093216896057129
0.095051050186157
0.093728065490723
0.091515064239502
0.099730968475342
0.10233902931213
0.10910701751709
0.090214967727661
0.099470853805542
0.11262488365173
0.091515064239502
0.099740028381348
0.099826097488403
0.093059062957764
0.099139928817749
0.096062898635864
0.093617916107178
0.10534405708313
0.1018590927124
0.095241069793701
0.092525005340576
0.095242977142334
0.11534380912781
0.10676288604736
0.099302053451538
0.099269151687622
0.10294795036316
0.096946954727173
0.092307806015015
0.09102988243103
0.087790966033936
0.10233211517334
0.097256898880005
0.10510492324829
0.095730066299438
0.089812040328979
0.10200905799866
0.095905065536499
0.094068050384521
0.093725919723511
0.099705219268799
0.09709095954895
0.09596586227417
0.096086025238037
0.095770120620728
0.090772151947021
0.096199989318848
0.093386888504028
0.10190200805664
0.096203088760376
0.10211491584778
0.098083019256592
0.10152196884155
0.10839891433716
0.10986018180847
0.10014390945435
0.094323873519897
0.089544057846069
0.097468137741089
0.09144115447998
0.10718393325806
0.091417074203491
0.098977088928223
0.097743988037109
0.096501111984253
0.10501503944397
0.11084794998169
0.099361181259155
0.10153698921204
0.096525907516479
0.097036838531494
0.094465970993042
0.094536066055298
0.11101388931274
0.092583894729614
0.095044851303101
0.10326194763184
0.094928979873657
0.097414970397949
0.096846103668213
0.1034300327301
0.095396995544434
0.093519926071167
0.10258102416992
0.10288906097412
0.096070051193237
0.09983491897583
0.095156908035278
0.096498012542725
0.10663104057312
0.096137046813965
0.10439395904541
0.095231056213379
0.10375499725342
0.097929954528809
0.18853402137756
0.10437107086182
0.098685026168823
0.094764947891235
0.098567008972168
0.10181593894958
0.10531711578369
0.10222887992859
0.096560001373291
0.10785794258118
0.097898960113525
0.097254991531372
0.09755802154541
0.093798160552979
0.09760308265686
0.09785795211792
0.090858936309814
0.10274386405945
0.098105907440186
0.097328186035156
0.10004091262817
0.094322204589844
0.10462689399719
0.099220991134644
0.09697413444519
0.097472906112671
0.089252948760986
0.094105005264282
0.099463939666748
0.092028856277466
0.095339059829712
0.094565868377686
0.093167066574097
0.10972905158997
0.091543912887573
0.10261392593384
0.10164284706116
0.10687303543091
0.093824148178101
0.099718809127808
0.093775033950806
0.091619968414307
0.11338090896606
0.093354940414429
0.099590063095093
0.095638036727905
0.10254192352295
0.10012793540955
0.09735894203186
0.093797922134399
0.096259117126465
0.093280076980591
0.098052024841309
0.093065977096558
0.095959901809692
0.091486215591431
0.096347093582153
0.1049702167511
0.094732999801636
0.096800088882446
0.090301036834717
0.091800928115845
0.090375900268555
0.099248170852661
0.095447063446045
0.093361854553223
0.091537952423096
0.096842050552368
0.10374212265015
0.094755172729492
0.09276294708252
0.099786996841431
0.091293096542358
0.10009288787842
0.10066795349121
0.10047197341919
0.091526031494141
0.097198963165283
0.13407111167908
0.093324184417725
0.098755121231079
0.10201215744019
0.10455203056335
0.091448068618774
0.10509490966797
0.097643852233887
0.099828004837036
0.093605041503906
0.091422080993652
0.097908020019531
0.098957061767578
0.097616195678711
0.092657089233398
0.097546100616455
0.096994161605835
0.10358381271362
0.091085910797119
0.09236216545105
0.10288310050964
0.099133968353271
0.10327506065369
0.097949028015137
0.10414099693298
0.10023403167725
0.090878009796143
0.094415903091431
0.087330102920532
0.098346948623657
0.089744091033936
0.091082096099854
0.094448089599609
0.10486197471619
0.10740208625793
0.10418796539307
0.092652797698975
0.095924854278564
0.09486985206604
0.10029101371765
0.092628002166748
0.10157012939453
0.097399950027466
0.099215984344482
0.094864130020142
0.090313911437988
0.098493099212646
0.088990211486816
0.09992504119873
0.10294580459595
0.095402956008911
0.097624063491821
0.099893093109131
0.094794988632202
0.094972848892212
0.10312509536743
0.095377922058105
0.097267150878906
0.097440958023071
0.10804390907288
0.095498085021973
0.095747947692871
0.097692966461182
0.093842029571533
0.10274910926819
0.096846103668213
0.10102796554565
0.1001718044281
0.092051029205322
0.1072850227356
0.091190099716187
0.10016512870789
0.10217595100403
0.10718107223511
0.10063290596008
0.10062885284424
0.10777497291565
0.09470009803772
0.09790301322937
0.098503828048706
0.09674596786499
0.10589599609375
0.10260200500488
0.093615770339966
0.091622829437256
0.090559005737305
0.10047483444214
0.10215020179749
0.098519086837769
0.10154581069946
0.099504947662354
0.092770099639893
0.39748501777649
0.1000349521637
0.094357013702393
0.11494398117065
0.091331958770752
0.099618911743164
0.10678195953369
0.10016703605652
0.093240976333618
0.088497877120972
0.098807096481323
0.11334013938904
0.09933614730835
0.099693059921265
0.097285985946655
0.100919008255
0.092031955718994
0.096994876861572
0.098988056182861
0.09302806854248
0.091778993606567
0.096982002258301
0.10450720787048
0.092396020889282
0.095802068710327
0.095246076583862
0.09117603302002
0.095598936080933
0.1019389629364
0.095436096191406
0.097172021865845
0.097132921218872
0.097602844238281
0.092024087905884
0.10480213165283
0.094743967056274
0.098650932312012
0.093666076660156
0.089411020278931
0.097335815429688
0.090027093887329
0.11435198783875
0.093940019607544
0.091044902801514
0.095269918441772
0.098966121673584
0.097442865371704
0.095639944076538
0.090245962142944
0.093891143798828
0.094099044799805
0.10374307632446
0.10270023345947
0.10546183586121
0.091336965560913
0.1018328666687
0.12183785438538
0.10192799568176
0.091271877288818
0.096421957015991
0.09700608253479
0.10414791107178
0.10756301879883
0.092199087142944
0.097288131713867
0.094228982925415
0.099258184432983
0.098997831344604
0.094820976257324
0.099503040313721
0.097784996032715
0.091042995452881
0.10220813751221
0.12284898757935
0.099334955215454
0.095168828964233
0.092792987823486
0.10105204582214
0.099992036819458
0.10624289512634
0.098875045776367
0.096565961837769
0.092803001403809
0.10724997520447
0.099572896957397
0.11460208892822
0.089366912841797
0.10140895843506
0.10064101219177
0.09217095375061
0.11006712913513
0.093608140945435
0.10340094566345
0.10642886161804
0.096849918365479
0.097695112228394
0.099117994308472
0.092168092727661
0.099813938140869
0.094580173492432
0.10235190391541
0.098225116729736
0.1024169921875
0.088716983795166
0.099380016326904
0.099239110946655
0.092670917510986
0.09941291809082
0.094166994094849
0.09938907623291
0.099605083465576
0.10051798820496
0.10827994346619
0.091876983642578
0.093761920928955
0.096053123474121
0.094711065292358
0.10796904563904
0.091206073760986
0.11032700538635
0.10192012786865
0.10319113731384
0.096122026443481
0.10344982147217
0.09316611289978
0.09940505027771
0.09294605255127
0.091461896896362
0.09791898727417
0.10279011726379
0.10494494438171
0.097810983657837
0.11310696601868
0.094785928726196
0.10009002685547
0.10273909568787
0.099862098693848
0.097626924514771
0.10206699371338
0.097879886627197
0.093652963638306
0.10270810127258
0.099331140518188
0.10388398170471
0.099539995193481
0.1044909954071
0.094708919525146
0.11254501342773
0.11392617225647
0.11440086364746
0.093733072280884
0.097923994064331
0.097563028335571
0.097740173339844
0.10434818267822
0.094507932662964
0.11906504631042
0.095107793807983
0.11351704597473
0.09315299987793
0.10259199142456
0.099776983261108
0.099139928817749
0.12728595733643
0.10210204124451
0.10328722000122
0.091669082641602
0.10190296173096
0.10421204566956
3.2348051071167
0.096580028533936
0.09276294708252
0.098445892333984
0.10553884506226
0.1480758190155
0.093749046325684
0.090084075927734
0.093286991119385
0.092168092727661
0.10081100463867
0.090528964996338
0.092481851577759
0.10168886184692
0.095927953720093
0.10311198234558
0.10372304916382
0.10460305213928
0.093379020690918
0.10237383842468
0.14474606513977
0.090557098388672
0.094717979431152
0.097460031509399
0.091803073883057
0.09221887588501
0.09632682800293
0.10436987876892
0.098392009735107
0.098309993743896
0.095206022262573
0.095977067947388
0.091753005981445
0.098365068435669
0.092460870742798
0.094844102859497
0.10762095451355
0.090152978897095
0.099889993667603
0.094382047653198
0.099855899810791
0.11145401000977
0.095305919647217
0.09484601020813
0.094423055648804
0.095486879348755
0.096821069717407
0.10464000701904
0.09856104850769
0.11387181282043
0.092237949371338
0.094347953796387
0.09612512588501
0.10074710845947
0.093633890151978
0.10635995864868
0.1018180847168
0.098247051239014
0.10165405273438
0.090684175491333
0.10150384902954
0.11060094833374
0.098052024841309
0.11012005805969
0.10477495193481
0.10281610488892
0.10269784927368
0.098842859268188
0.091377973556519
0.10472297668457
0.09144401550293
0.10246205329895
0.095348834991455
0.10072302818298
0.097140073776245
0.10374903678894
0.096585035324097
0.10006213188171
0.1098940372467
0.096431016921997
0.099377870559692
0.10192513465881
0.095746040344238
0.10753798484802
0.099594116210938
0.096335172653198
0.10150790214539
0.099040031433105
0.097898960113525
0.095247983932495
0.096013069152832
0.094141960144043
0.094296932220459
0.10509514808655
0.10462808609009
0.096752882003784
0.097188949584961
0.093437910079956
0.092909812927246
0.092085123062134
0.096876859664917
0.092771053314209
0.097375869750977
0.098716020584106
0.098097085952759
0.1006441116333
0.10366606712341
0.098360776901245
0.098042011260986
0.10076498985291
0.094325065612793
0.10364103317261
0.10375213623047
0.097569227218628
0.093098163604736
0.095149040222168
0.096190929412842
0.11162805557251
0.10342407226562
0.094592094421387
0.097276926040649
0.095446825027466
0.10101699829102
0.09138298034668
0.091781139373779
0.098617076873779
0.098834037780762
0.1030969619751
0.090045928955078
0.10894703865051
0.10507798194885
0.093434810638428
0.09605884552002
0.096426963806152
0.094028949737549
0.095338106155396
0.15648198127747
0.10316586494446
0.092149972915649
0.10114908218384
0.09928297996521
0.0973060131073
0.09159517288208
0.096189975738525
0.092027187347412
0.10716199874878
0.094512939453125
0.10047793388367
0.09760308265686
0.10198497772217
0.094117879867554
0.10234999656677
0.094646215438843
0.10130596160889
0.095396995544434
0.10034799575806
0.099725008010864
0.094146013259888
0.10394096374512
0.10273098945618
0.098005056381226
0.11478400230408
0.092734098434448
0.10707497596741
0.094938039779663
0.1068069934845
0.10192704200745
0.096719026565552
0.10975885391235
0.093093872070312
0.099346160888672
0.099776983261108
0.10087990760803
0.10123801231384
0.10330581665039
0.095763921737671
0.093340873718262
0.098010063171387
0.093422889709473
0.1082329750061
0.092753887176514
0.097649097442627
0.095268964767456
0.10136699676514
0.095409870147705
0.094037055969238
0.10321497917175
0.08971905708313
0.092844009399414
0.095530986785889
0.10437107086182
0.091397047042847
0.09151291847229
0.091887950897217
0.10502409934998
0.094176054000854
0.097915172576904
0.092588901519775
0.095288038253784
0.098855018615723
0.11459398269653
0.098104000091553
0.09247899055481
0.10523700714111
0.10488891601562
0.097880125045776
0.099035978317261
0.088304042816162
0.093437194824219
0.097460031509399
0.099143028259277
0.12119793891907
0.10354900360107
0.090759038925171
0.10315203666687
0.092068910598755
0.095743894577026
0.096115827560425
0.098556041717529
0.10019302368164
0.10228419303894
0.093101978302002
0.096288919448853
0.096960067749023
0.11336898803711
0.10205483436584
0.10044693946838
0.095288991928101
0.091532945632935
0.10720014572144
0.10557079315186
0.093541145324707
0.10020685195923
0.096302032470703
0.093960046768188
0.098453044891357
0.096193075180054
0.097546100616455
0.10006380081177
0.10742807388306
0.10628914833069
0.095767974853516
0.092775821685791
0.099711894989014
0.11644196510315
0.094718217849731
0.095973968505859
0.098880052566528
0.093218088150024
0.098745107650757
0.11353802680969
0.088140964508057
0.098888158798218
0.11402106285095
0.096031188964844
0.098117828369141
0.09722900390625
0.09670877456665
0.11209511756897
0.10694289207458
0.095648050308228
0.096586942672729
0.094945907592773
0.10070896148682
0.095522165298462
0.088404893875122
0.11105394363403
0.093616008758545
0.10262203216553
0.10870289802551
0.097602844238281
0.10258913040161
0.094680070877075
0.092652082443237
0.097212076187134
0.098176002502441
0.098851203918457
0.091104984283447
0.1033890247345
0.095338106155396
0.096460103988647
0.096569061279297
0.1316499710083
0.089188098907471
0.095607995986938
0.098542928695679
0.095161199569702
0.11074495315552
0.09591817855835
0.10193705558777
0.10136008262634
0.10175704956055
0.094608068466187
0.098719120025635
0.097564935684204
0.095103025436401
0.094611883163452
0.1088650226593
0.098254919052124
0.092056035995483
0.095109939575195
0.098169088363647
0.095815896987915
0.096674919128418
0.094813823699951
0.093083143234253
0.089149951934814
0.11064195632935
0.10159611701965
0.10534882545471
0.10593891143799
0.09526801109314
0.098915100097656
0.099358797073364
0.093430995941162
0.097259044647217
0.099458932876587
0.09108304977417
0.099496126174927
0.10523295402527
0.092498064041138
0.10099196434021
0.098193883895874
0.10066199302673
0.094413995742798
0.09618091583252
0.096475839614868
0.12048697471619
0.10475182533264
0.099581003189087
0.097317934036255
0.09665584564209
0.089066028594971
0.093129873275757
0.094995975494385
0.10124707221985
0.10472512245178
0.091349124908447
0.090168952941895
0.096524000167847
0.095621824264526
0.088485956192017
0.098545074462891
0.093772888183594
0.10049200057983
0.39324688911438
0.096300840377808
0.09977912902832
0.091171026229858
0.089257955551147
0.099098920822144
0.099786043167114
0.10062408447266
0.098489046096802
0.094974994659424
0.095855951309204
0.10231685638428
0.098057985305786
0.0937659740448
0.10003709793091
0.099475145339966
0.10958886146545
0.10959482192993
0.095072031021118
0.10222005844116
0.093560218811035
0.096498966217041
0.12065601348877
0.093652963638306
0.099153995513916
0.086879014968872
0.096436023712158
0.088653087615967
0.10841202735901
0.10274410247803
0.095855951309204
0.10094690322876
0.090090036392212
0.10659718513489
0.098360061645508
0.089716911315918
0.091556072235107
0.16202402114868
0.12061810493469
0.094795942306519
0.096886873245239
0.092391967773438
0.10082387924194
0.099210023880005
0.092996120452881
0.10030007362366
0.093913078308105
0.08856201171875
0.096888065338135
0.10238909721375
0.10151195526123
0.090911149978638
0.093649864196777
0.10165405273438
0.20390701293945
0.090179920196533
0.098698854446411
0.099478006362915
0.09980297088623
0.10236883163452
0.090888023376465
0.097561836242676
0.095768928527832
0.10946297645569
0.10143303871155
0.093292951583862
0.1065149307251
0.09341287612915
0.10593891143799
0.095117092132568
0.10337901115417
0.098346948623657
0.10100293159485
0.10018420219421
0.098584890365601
0.1122829914093
0.094550848007202
0.10021901130676
0.094941139221191
0.10107207298279
0.09516716003418
0.09166407585144
0.10907793045044
0.10062909126282
0.10531115531921
0.09802508354187
0.093507051467896
0.10193395614624
0.11202001571655
0.094032049179077
0.099910974502563
0.097683906555176
0.10580492019653
0.10531401634216
0.096558094024658
0.09560489654541
0.096989154815674
0.099906921386719
0.094255924224854
0.10546398162842
0.095667123794556
0.093325853347778
0.10287094116211
0.098919868469238
0.13896512985229
0.10297703742981
0.10633993148804
0.10924506187439
4.0010981559753
0.091844797134399
0.09448504447937
0.092446804046631
0.098363876342773
0.10658097267151
0.11005997657776
0.10756492614746
0.092694997787476
0.097352981567383
0.10247206687927
0.10349702835083
0.1103150844574
0.099057912826538
0.098626852035522
0.093685865402222
0.10165286064148
0.10396814346313
0.094180822372437
0.099615097045898
0.091696977615356
0.10202097892761
0.092434167861938
0.096165180206299
0.10190200805664
0.099886178970337
0.09226393699646
0.099446058273315
0.098356962203979
0.10570406913757
0.094077825546265
0.089847087860107
0.094429016113281
0.094922065734863
0.10046482086182
0.10735201835632
0.10875988006592
0.095823049545288
0.092128992080688
0.095710039138794
0.090311050415039
0.092643022537231
0.091368913650513
0.10989785194397
0.10238885879517
0.096925020217896
0.10357809066772
0.099401950836182
0.10358190536499
0.10385704040527
0.10256385803223
0.10127305984497
0.092742919921875
0.093131065368652
0.090499877929688
0.097640991210938
0.10360312461853
0.096708059310913
0.090754985809326
0.10350680351257
0.092295169830322
0.098763942718506
0.095062017440796
0.099785089492798
0.10537910461426
0.099408864974976
0.094884872436523
0.091908931732178
0.091843128204346
0.10072302818298
0.091176986694336
0.1022469997406
0.099025011062622
0.10086297988892
0.094542026519775
0.089630126953125
0.091226100921631
0.10077214241028
0.096083879470825
0.10425996780396
0.096413135528564
0.096242904663086
0.095256090164185
0.098882913589478
0.10003614425659
0.11181116104126
0.094451189041138
0.099462985992432
0.090101003646851
0.093778133392334
0.095757007598877
0.091768980026245
0.095936059951782
0.11307191848755
0.094398021697998
0.091758966445923
0.10133099555969
0.11464810371399
0.096898078918457
0.09716010093689
0.089619874954224
0.10507798194885
0.10158395767212
0.092334032058716
0.089371919631958
0.093533992767334
0.096717834472656
0.10538697242737
0.10391902923584
0.089144945144653
0.092973947525024
0.098196029663086
0.090626955032349
0.20118403434753
0.098582983016968
0.097568035125732
0.089092969894409
0.089661836624146
0.099377870559692
0.09122896194458
0.096567869186401
0.092839956283569
0.092805147171021
0.099426984786987
0.097967147827148
0.095854043960571
0.098161935806274
0.091856956481934
0.090337038040161
0.099893093109131
0.091014862060547
0.095044136047363
0.095788955688477
0.10416293144226
0.097337961196899
0.096237897872925
0.095566987991333
0.092257976531982
0.096681118011475
0.10319805145264
0.091075897216797
0.093695878982544
0.098781824111938
0.092268943786621
0.097559213638306
0.089348077774048
0.092396020889282
0.098533153533936
0.093247890472412
0.10406112670898
0.090568780899048
0.10076498985291
0.10966491699219
0.09778094291687
0.10029911994934
0.093369007110596
0.096904039382935
0.10779094696045
0.16156482696533
0.095631122589111
0.10967803001404
0.092541933059692
0.10711002349854
0.096550941467285
0.088340997695923
0.092550992965698
0.098050117492676
0.090651035308838
0.10264301300049
0.095340967178345
0.095262050628662
0.099289178848267
0.121661901474
1.0943820476532
0.10644507408142
0.09646201133728
0.10901594161987
0.09172797203064
0.10791301727295
0.098514080047607
0.092153787612915
0.091510057449341
0.1050820350647
0.10005497932434
0.098512887954712
0.094897985458374
0.093747138977051
0.095906972885132
0.098855972290039
0.098590135574341
0.093980073928833
0.10702204704285
0.094654083251953
0.10403203964233
0.10156989097595
0.0970299243927
0.097173929214478
0.09660792350769
0.12429714202881
0.10540580749512
0.088163137435913
0.16597509384155
0.40128993988037
0.095788955688477
0.094302177429199
0.096712112426758
0.10857820510864
0.098403930664062
0.098507881164551
0.096551895141602
0.10563588142395
0.097660064697266
0.1057071685791
0.10353398323059
0.10827708244324
0.09083104133606
0.10384511947632
0.10298204421997
0.096498966217041
0.093568086624146
0.10564279556274
0.10004711151123
0.094105005264282
0.089369058609009
0.095117092132568
0.098049879074097
0.10429787635803
0.099366903305054
0.091614007949829
0.10109615325928
0.095389127731323
0.099426984786987
0.098599910736084
0.10204315185547
0.099110841751099
0.09255313873291
0.094911098480225
0.097656011581421
0.10232615470886
0.10084295272827
0.10339617729187
0.095566034317017
0.1111319065094
0.097685098648071
0.10184693336487
0.099863052368164
0.096879005432129
0.10017108917236
0.10246896743774
0.098896980285645
0.10153913497925
0.097975015640259
0.10804796218872
0.097516059875488
0.098619222640991
0.090927839279175
0.097150087356567
0.089313983917236
0.12445998191833
0.09343409538269
0.098676204681396
0.09219217300415
0.10666012763977
0.0938401222229
0.10945105552673
0.090022087097168
0.092104196548462
0.13218998908997
0.097273111343384
0.098604917526245
0.096415042877197
0.094660043716431
0.10711002349854
0.098675012588501
0.13615584373474
0.10223293304443
0.10430312156677
0.0992751121521
0.089128017425537
0.10015201568604
0.093330144882202
0.098381996154785
0.093870878219604
0.10578393936157
0.093611001968384
0.090583086013794
0.099709987640381
0.09488582611084
0.092046976089478
0.10191607475281
0.1289849281311
0.09381103515625
0.094628095626831
0.092072010040283
0.099660158157349
0.10651278495789
0.098826885223389
0.094501972198486
0.10080099105835
0.093770027160645
0.095788955688477
0.10454297065735
0.094942092895508
0.097516059875488
0.10075998306274
0.098680019378662
0.089740037918091
0.089473962783813
0.093437910079956
0.10702681541443
0.1008198261261
0.10428810119629
0.093801975250244
0.10084986686707
0.097991943359375
0.097517013549805
0.094287157058716
0.1014130115509
0.096940994262695
0.09826397895813
0.10625314712524
0.10085201263428
0.099572896957397
0.10174679756165
0.092368841171265
0.090414047241211
0.097567081451416
0.092438220977783
0.092319011688232
0.098291873931885
0.10810112953186
0.10606503486633
0.090888023376465
0.10425519943237
0.1083869934082
0.099695205688477
0.10581016540527
0.099769115447998
0.10052490234375
0.099780082702637
0.09509801864624
0.093011856079102
0.091375112533569
0.098356962203979
0.096418142318726
0.094921112060547
0.09423303604126
0.11495304107666
0.10101389884949
0.092184066772461
0.096293210983276
0.092411994934082
0.091492891311646
0.10634303092957
0.097355127334595
0.092526197433472
0.096917152404785
0.10610198974609
0.10199594497681
0.09731388092041
0.097716093063354
0.09843897819519
0.095816135406494
0.096334934234619
0.098896026611328
0.096215963363647
0.098959922790527
0.093209981918335
0.098330974578857
0.089509010314941
0.09442400932312
0.092751026153564
0.097169876098633
0.094304084777832
0.093926906585693
0.088997840881348
0.092267990112305
0.10229587554932
0.1007969379425
0.099572896957397
0.1005859375
0.093040943145752
0.091597080230713
0.094220876693726
0.095703125
0.090128898620605
0.1050238609314
0.093333959579468
0.088961839675903
0.10464096069336
0.10273003578186
0.089186906814575
0.097177028656006
0.098183870315552
0.091230869293213
0.10678601264954
0.10297894477844
0.09250283241272
0.09695291519165
0.094309091567993
0.098426818847656
0.091196060180664
0.10167407989502
0.097201824188232
0.094396829605103
0.097069025039673
0.092932939529419
0.093347072601318
0.10007810592651
0.10089182853699
0.092492818832397
0.093910932540894
0.091949939727783
0.095000028610229
0.092023134231567
0.09581995010376
0.10668706893921
0.095783948898315
0.093440055847168
0.097331047058105
0.098060846328735
0.10000991821289
0.095100164413452
0.093096017837524
0.096570014953613
0.097810983657837
0.10007405281067
0.1112060546875
0.30329394340515
0.093317031860352
0.093653917312622
0.095353126525879
0.089824199676514
0.09416389465332
0.097290992736816
0.092625856399536
0.098335981369019
0.1034209728241
0.10504007339478
0.089241981506348
0.10490798950195
0.098517894744873
0.092803955078125
0.10085320472717
0.090017080307007
0.09827995300293
0.096246004104614
0.091283798217773
0.091645002365112
0.10409498214722
0.097860813140869
0.12297105789185
0.098159074783325
0.09770393371582
0.096898794174194
0.10845994949341
0.098448991775513
0.095669984817505
0.09389591217041
0.10301899909973
0.098623037338257
0.10206294059753
0.092878103256226
0.10213088989258
0.10651707649231
0.10230088233948
0.10230588912964
0.099071979522705
0.096330165863037
0.093070983886719
0.090129852294922
0.098321914672852
0.093547105789185
0.10185384750366
0.096077919006348
0.091283798217773
0.096690893173218
0.10505509376526
0.090181112289429
0.096812963485718
0.091190814971924
0.094912052154541
0.11829614639282
0.095924854278564
0.091002941131592
0.12206602096558
0.096693992614746
0.093816995620728
0.10257506370544
0.097691059112549
0.092987060546875
0.098875999450684
0.10910487174988
0.095486164093018
0.10138702392578
0.095073938369751
0.10495090484619
0.096168994903564
0.099530935287476
0.10113000869751
0.10070991516113
0.095921993255615
0.095408916473389
0.092077016830444
0.096487998962402
0.093131065368652
0.093616962432861
0.10320091247559
0.099372148513794
0.096185922622681
0.090895175933838
0.093487024307251
0.097071170806885
0.10673522949219
0.096055030822754
0.094074964523315
0.093318939208984
0.11114811897278
0.10484099388123
0.10174894332886
0.096143960952759
0.094122171401978
0.094766855239868
0.10232901573181
0.098482131958008
0.095133066177368
0.099782943725586
0.10161304473877
0.096297979354858
0.094801902770996
0.099597930908203
0.10571599006653
0.098077058792114
0.090500831604004
0.11018800735474
0.09313178062439
0.094628095626831
0.099526166915894
0.10223293304443
0.090841054916382
0.092349052429199
0.098384141921997
0.090780973434448
0.098506927490234
0.088874101638794
0.090210914611816
0.10121202468872
0.10083985328674
0.089947938919067
0.089588165283203
0.093571186065674
0.099406957626343
0.096215009689331
0.10178709030151
0.096056938171387
0.092211008071899
0.097416877746582
0.099992036819458
0.091310977935791
0.091356039047241
0.090563058853149
0.093097925186157
0.093549966812134
0.098580121994019
0.096035003662109
0.094461917877197
0.099733114242554
0.099056005477905
0.092184066772461
0.098029136657715
0.096208810806274
0.091164112091064
0.096886157989502
0.095970869064331
0.097723960876465
0.088006019592285
0.1050329208374
0.09088397026062
0.098813056945801
0.1047260761261
0.095452070236206
0.10004687309265
0.095165014266968
0.10342502593994
0.10208797454834
0.11464405059814
0.1054801940918
0.096506834030151
0.099331855773926
0.10376501083374
0.098587989807129
0.097240924835205
0.093777179718018
0.09212589263916
0.10509204864502
0.095845937728882
0.10467910766602
0.092051982879639
0.092803001403809
0.089753150939941
0.096076965332031
0.10226011276245
0.095538854598999
0.091606140136719
0.098943948745728
0.090386867523193
0.10089087486267
0.09280800819397
0.093960046768188
0.10118317604065
0.09053111076355
0.098303079605103
0.098077774047852
0.098971843719482
0.10040807723999
0.091667890548706
0.096857070922852
0.091782093048096
0.091084957122803
0.096257925033569
0.093528985977173
0.10339188575745
0.10116314888
0.098891973495483
0.090001821517944
0.089769840240479
0.094794988632202
0.089313983917236
0.1036491394043
0.10179686546326
0.10109210014343
0.096751928329468
0.096467018127441
0.09349799156189
0.10267400741577
0.095596075057983
0.096052169799805
0.093165159225464
0.093436002731323
0.09595513343811
0.10215783119202
0.093899011611938
0.092194080352783
0.10694313049316
0.10984110832214
0.093105792999268
0.10317516326904
0.09983491897583
0.10196113586426
0.10405611991882
0.098339080810547
0.10495519638062
0.1005380153656
0.096718072891235
0.097928047180176
0.099638938903809
0.10009813308716
0.092911005020142
0.11846804618835
0.10178112983704
0.094588041305542
0.10063910484314
0.094547033309937
0.10529685020447
0.093170166015625
0.098471164703369
0.099616050720215
0.11054301261902
0.11157703399658
0.095141887664795
0.11263608932495
0.10071897506714
0.10436487197876
0.10110402107239
0.095666170120239
0.0954749584198
0.1095929145813
0.091216087341309
0.099547147750854
0.1023268699646
0.10689401626587
0.099912166595459
0.098330974578857
0.091067790985107
0.098129034042358
0.098535060882568
0.097702026367188
0.10157918930054
0.090619087219238
0.10501909255981
0.1044979095459
0.094820976257324
0.090036869049072
0.10051989555359
0.10179114341736
0.092288970947266
0.097522020339966
0.0992271900177
0.093146085739136
0.091647863388062
0.10531091690063
0.096968173980713
0.099579095840454
0.096744060516357
0.10757803916931
0.094128131866455
0.10078406333923
0.094408988952637
0.10570693016052
0.10218811035156
0.094106912612915
0.090703010559082
0.10086798667908
0.094789981842041
0.10958909988403
0.10543513298035
0.10028791427612
0.099374055862427
0.10073709487915
0.39982390403748
0.10086607933044
0.092984914779663
0.098656892776489
0.098559856414795
0.10239005088806
0.095094919204712
0.099342823028564
0.091977834701538
0.091893911361694
0.098995923995972
0.094743967056274
0.092488050460815
0.096322059631348
0.089688062667847
0.10951399803162
0.098129987716675
0.10645413398743
0.10082483291626
0.1027660369873
0.1033239364624
0.089617967605591
0.092663049697876
0.094486951828003
0.097439050674438
0.096967935562134
0.10835695266724
0.095264911651611
0.092330932617188
0.095456838607788
0.094609022140503
0.10376691818237
0.092872858047485
0.092486143112183
0.090890884399414
0.10223293304443
0.089960813522339
0.10070490837097
0.10108804702759
0.096381902694702
0.10078287124634
0.10298013687134
0.10045099258423
0.095982789993286
0.098599910736084
0.10287404060364
0.093348026275635
0.1002950668335
0.10156893730164
0.10028100013733
0.16898107528687
0.10454106330872
0.096034049987793
0.10149502754211
0.093989133834839
0.11064314842224
0.098328828811646
0.097437143325806
0.10689997673035
0.099226951599121
0.097829103469849
0.10467910766602
0.10107517242432
0.097747087478638
0.09766411781311
0.10406494140625
0.1285240650177
0.098325967788696
0.10335206985474
0.10061597824097
0.096970796585083
0.094725131988525
0.089347124099731
0.094537019729614
0.096287965774536
0.10629606246948
0.093513011932373
0.092516183853149
0.09312105178833
0.095341920852661
0.099218130111694
0.098526000976562
0.093714952468872
0.099207162857056
0.096585988998413
0.090054988861084
0.096735954284668
0.099884033203125
0.093806028366089
0.095208168029785
0.095399856567383
0.09252405166626
0.097913980484009
0.098133087158203
0.10183095932007
0.10058403015137
0.10167694091797
0.097661018371582
0.1057710647583
0.096687078475952
0.093519926071167
0.096596956253052
0.093648910522461
0.098538875579834
0.091089963912964
0.098181962966919
0.096630096435547
0.093993186950684
0.096326112747192
0.095973014831543
0.10170292854309
0.099436044692993
0.10253190994263
0.095518112182617
0.10080003738403
0.094958066940308
0.093463897705078
0.092440843582153
0.1019241809845
0.10005402565002
0.092185974121094
0.096203804016113
0.091404914855957
0.093744993209839
0.090196132659912
0.10213899612427
0.098546981811523
0.091271877288818
0.10574388504028
0.098003149032593
0.10328912734985
0.096122026443481
0.094200849533081
0.096378087997437
0.10007500648499
0.09208083152771
0.095020055770874
0.10434508323669
0.093123912811279
0.099116086959839
0.095682859420776
0.10072803497314
0.092111110687256
0.096657037734985
0.095373153686523
0.10069489479065
0.10086798667908
0.090640068054199
0.10225892066956
0.088679075241089
0.099803924560547
0.092176914215088
0.10250496864319
0.099874019622803
0.11364006996155
0.10905003547668
0.097432136535645
0.093590974807739
0.08952808380127
0.097822189331055
0.10026907920837
0.10140299797058
0.15069198608398
0.10383200645447
0.10694694519043
0.094982147216797
0.094242095947266
0.09225606918335
0.093738079071045
0.096151113510132
0.10244107246399
0.091149091720581
0.10556602478027
0.09589695930481
0.11496591567993
0.10571479797363
0.098721027374268
0.10813999176025
0.091047048568726
0.098647832870483
0.096503973007202
0.098282814025879
0.094029188156128
0.1012978553772
0.094882011413574
0.10587906837463
0.1238100528717
0.10395407676697
0.098106145858765
0.10378789901733
0.10323977470398
0.099612951278687
0.10202693939209
0.093008995056152
0.10582709312439
0.097736120223999
0.094653844833374
0.094205856323242
0.09975790977478
0.09948205947876
0.092388868331909
0.099766969680786
0.097810029983521
0.096159934997559
0.11270785331726
0.11017489433289
0.099644899368286
0.099519014358521
0.096150159835815
0.10455703735352
0.092997074127197
0.09503698348999
0.096189975738525
0.096445083618164
0.096271991729736
0.098687171936035
0.094446182250977
0.098324060440063
0.093611001968384
0.095715999603271
0.098308086395264
0.10444307327271
0.098928928375244
0.10464596748352
0.09892201423645
0.094303846359253
0.091222047805786
0.098542928695679
0.098315000534058
0.099376916885376
0.10145020484924
0.094466924667358
0.095813989639282
0.090069770812988
0.10415816307068
0.10383796691895
0.098081111907959
0.097067832946777
0.09883189201355
0.10568118095398
0.099207878112793
0.099030017852783
0.098430156707764
0.10542488098145
0.096110820770264
0.094943046569824
0.10108995437622
0.10497212409973
0.095640897750854
0.093693017959595
0.09682297706604
0.10341596603394
0.10740399360657
0.11415576934814
0.10259389877319
0.095475912094116
0.10171508789062
0.10140204429626
0.11037683486938
0.096250057220459
0.10265898704529
0.11053705215454
0.10611009597778
0.097849130630493
0.087351083755493
0.10290193557739
0.096590995788574
0.11206102371216
0.098375082015991
0.095125913619995
0.10043001174927
0.090392112731934
0.094496965408325
0.10593414306641
0.08899998664856
0.091754913330078
0.096398115158081
0.10726284980774
0.093755006790161
0.10111808776855
0.093285083770752
0.095922946929932
0.093654155731201
0.091962814331055
0.093750953674316
0.094913005828857
0.093309879302979
0.09318995475769
0.095099210739136
0.098982095718384
0.089964151382446
0.097846984863281
0.091424226760864
0.11196708679199
0.094834089279175
0.099802017211914
0.092550992965698
0.10304498672485
0.090739965438843
0.10324311256409
0.093073844909668
0.13101387023926
0.098696947097778
0.098235845565796
0.093088150024414
0.09288501739502
0.089323043823242
0.095526933670044
0.092545986175537
0.09496808052063
0.10079717636108
0.14352798461914
0.099416017532349
0.097692966461182
0.094380855560303
0.10235500335693
0.097759962081909
0.099538087844849
0.092051982879639
0.11067008972168
0.10374402999878
0.088645935058594
0.091866016387939
0.090049982070923
0.096955060958862
0.093267917633057
0.097615003585815
0.10571813583374
0.092780828475952
0.096460103988647
0.1036331653595
0.094144105911255
0.11900997161865
0.10468792915344
0.093219041824341
0.09515380859375
0.094748020172119
0.10037994384766
0.09734320640564
0.10527801513672
0.11337900161743
0.099266052246094
0.094717025756836
0.093585014343262
0.094637870788574
0.098396778106689
0.098119020462036
0.10729098320007
0.098166942596436
0.10670495033264
0.10688519477844
0.11043214797974
0.098453998565674
0.093724012374878
0.10348415374756
0.093558073043823
0.094213962554932
0.092763185501099
0.12068891525269
0.092989921569824
0.096161127090454
0.092514991760254
0.097726821899414
0.087769985198975
0.099098920822144
0.098446130752563
0.1002631187439
0.099751949310303
0.095858097076416
0.098154067993164
0.092139959335327
0.09185791015625
0.11543798446655
0.09676194190979
0.092020034790039
0.092488765716553
0.10123205184937
0.11510896682739
0.095678091049194
0.094752073287964
0.10249710083008
0.098918914794922
0.098763942718506
0.10383105278015
0.0970618724823
0.097972869873047
0.10359501838684
0.09562611579895
0.098304986953735
0.10467004776001
0.090572834014893
0.097203016281128
0.091681003570557
0.095828056335449
0.10084700584412
0.10715985298157
0.090764045715332
0.096883058547974
0.10182785987854
0.092202186584473
0.098165035247803
0.10525107383728
0.10455584526062
0.093934059143066
0.098520040512085
0.094582080841064
0.1047568321228
0.09349799156189
0.088548898696899
0.10665011405945
0.096713066101074
0.090795040130615
0.098428010940552
0.11472296714783
0.14327192306519
0.10183906555176
0.10005617141724
0.092620134353638
0.10064291954041
0.10336589813232
0.093709945678711
0.10025715827942
0.11607503890991
0.096834897994995
0.10000395774841
0.094133138656616
0.10718202590942
0.093558788299561
0.095901012420654
0.091531038284302
0.1014621257782
0.093034982681274
0.097723007202148
0.11606812477112
0.10184407234192
0.098106145858765
0.090135097503662
0.092350006103516
0.098522901535034
0.093541145324707
0.097434043884277
0.09791898727417
0.10136890411377
0.097288846969604
0.11136102676392
0.093625068664551
0.091248989105225
0.10274791717529
0.095338106155396
0.10305976867676
0.098620891571045
0.10347700119019
0.0920569896698
0.093703031539917
0.10080695152283
0.097994804382324
0.099375009536743
0.093233823776245
0.090604066848755
0.096394062042236
0.094269990921021
0.096493005752563
0.094024896621704
0.10322499275208
0.10118198394775
0.10348892211914
0.091449975967407
0.092062950134277
0.10331606864929
0.10595893859863
0.098644971847534
0.093925952911377
0.096184015274048
0.099226951599121
0.092789888381958
0.11114382743835
0.099892139434814
0.096591949462891
0.095812082290649
0.098417997360229
0.10762000083923
0.10150909423828
0.098122119903564
0.096184968948364
0.088212013244629
0.099215030670166
0.098867893218994
0.098433971405029
0.091670036315918
0.11497592926025
0.093711137771606
0.10095691680908
0.093616962432861
0.097758054733276
0.094114065170288
0.093366861343384
0.093939065933228
0.095751047134399
0.091799974441528
0.099014043807983
0.099099159240723
0.093390941619873
0.097481966018677
0.10265302658081
0.097856044769287
0.10970592498779
0.094780921936035
0.08909797668457
0.097548961639404
0.10835409164429
0.095249891281128
0.092694044113159
0.097066879272461
0.0920569896698
0.099432945251465
0.10488295555115
0.091752052307129
0.098184108734131
0.097151041030884
0.090423107147217
0.098299980163574
0.099822044372559
0.096659898757935
0.10584402084351
0.092625856399536
0.10145306587219
0.098243951797485
0.094265937805176
0.09368896484375
0.098002910614014
0.098334789276123
0.10085082054138
0.09181809425354
0.10108995437622
0.097302913665771
0.093736886978149
0.10252904891968
0.10351705551147
0.097152948379517
0.09686803817749
0.095692873001099
0.10447192192078
0.10784602165222
0.10243916511536
0.10046100616455
0.14691615104675
0.10052895545959
0.099454879760742
0.094157934188843
0.098291873931885
0.09745979309082
0.092400074005127
0.10901212692261
0.10802793502808
0.089748859405518
0.091881036758423
0.098217964172363
0.093341112136841
0.099154949188232
0.096380949020386
0.09229302406311
0.091339111328125
0.10472416877747
0.093086957931519
0.091701984405518
0.091736793518066
0.097440958023071
0.10016298294067
0.099216938018799
0.099544048309326
0.099861860275269
0.097970962524414
0.096978187561035
0.092000961303711
0.098973989486694
0.10192608833313
0.093400001525879
0.12069916725159
0.10873794555664
0.10294699668884
0.10829305648804
0.096419811248779
0.1034619808197
0.096022129058838
0.095974922180176
0.11238980293274
0.1021900177002
0.1032030582428
0.094146013259888
0.097373008728027
0.20456004142761
0.093778133392334
0.092636823654175
0.1016960144043
0.1043119430542
0.094080924987793
0.10432815551758
0.10179901123047
0.090874910354614
0.094959020614624
0.12244510650635
0.09300708770752
0.091756820678711
0.10314607620239
0.10275197029114
0.097074031829834
0.10440683364868
0.091069936752319
0.10500192642212
0.097716093063354
0.096467018127441
0.092387199401855
0.10173106193542
0.095111131668091
0.099280118942261
0.096387147903442
0.10329294204712
0.10403084754944
0.12017321586609
1.1371521949768
0.097170829772949
0.099615097045898
0.087631940841675
0.08531379699707
0.10063004493713
0.096902847290039
0.098226070404053
0.096874952316284
0.10012006759644
0.093931198120117
0.1029040813446
0.094444036483765
0.10233783721924
0.093600988388062
0.10180997848511
0.089653968811035
0.15748882293701
0.096658945083618
0.10393095016479
0.10061311721802
0.094357013702393
0.10479784011841
0.099460124969482
0.090703964233398
0.091719150543213
0.09185004234314
0.09440803527832
0.10953092575073
0.10184717178345
0.096534013748169
0.10008811950684
0.10097503662109
0.095907926559448
0.096575021743774
0.090249061584473
0.097334146499634
0.097815990447998
0.091339826583862
0.0939040184021
0.090630054473877
0.095177173614502
0.095339059829712
0.090666055679321
0.10174798965454
0.092061996459961
0.11541891098022
0.093455076217651
0.091655969619751
0.094318866729736
0.098289012908936
0.10512709617615
0.092755079269409
0.10099196434021
0.10459399223328
0.091023921966553
0.1046359539032
0.091423034667969
0.098771095275879
0.087099075317383
0.098083019256592
0.095791816711426
0.098069906234741
0.1130199432373
0.098488807678223
0.096385955810547
0.094652891159058
0.092059850692749
0.097292184829712
0.08837103843689
0.092643976211548
0.097175121307373
0.094115018844604
0.089770078659058
0.10061383247375
0.091610908508301
0.096238851547241
0.090906858444214
0.10091996192932
0.09446907043457
0.1008129119873
0.096768856048584
0.40373492240906
0.1000189781189
0.096127986907959
0.098004817962646
0.091598033905029
0.095566034317017
0.099237203598022
0.10364890098572
0.097198009490967
0.096671104431152
0.10014796257019
0.091607093811035
0.096859931945801
0.10075998306274
0.098512887954712
0.096883058547974
0.098333835601807
0.10127282142639
0.099343061447144
0.096825838088989
0.097332000732422
0.10401391983032
0.096765995025635
0.097576141357422
0.092181921005249
0.091824054718018
0.099647045135498
0.096200942993164
0.10368585586548
0.097832918167114
0.099783897399902
0.10639691352844
0.093581914901733
0.090965032577515
0.11020398139954
0.10629105567932
0.089237213134766
0.088676929473877
0.091636896133423
0.092861890792847
0.10215306282043
0.14306402206421
0.097961902618408
0.097492933273315
0.096887111663818
0.10457301139832
0.097028970718384
0.094719886779785
0.095016002655029
0.098557949066162
0.089636087417603
0.092766046524048
0.096280097961426
0.093308925628662
0.089967966079712
0.092302083969116
0.099163055419922
0.093492031097412
0.11414384841919
0.10989594459534
0.093992948532104
0.097356081008911
0.097574949264526
0.090703964233398
0.0956711769104
0.10739493370056
0.087435960769653
0.093840837478638
0.089102029800415
0.093492984771729
0.089731931686401
0.096441030502319
0.10664820671082
0.093641996383667
0.10975289344788
0.099772930145264
0.20800280570984
0.096742868423462
0.098881959915161
0.096318006515503
0.095269203186035
0.091282844543457
0.20531487464905
0.093452215194702
0.091922998428345
0.10475182533264
0.089224815368652
0.09932804107666
0.098995923995972
0.093744993209839
0.1051390171051
0.093642950057983
0.097930908203125
0.10223984718323
0.098082065582275
0.090574026107788
0.1039080619812
0.10422086715698
0.09751296043396
0.10046815872192
0.095607995986938
0.091629981994629
0.095256090164185
0.099068880081177
0.10250902175903
0.093778848648071
0.1112699508667
0.10342788696289
0.094751834869385
0.090008974075317
0.094922780990601
0.10714817047119
0.10338091850281
0.09095311164856
0.093209981918335
0.091947078704834
0.10161805152893
0.15381908416748
0.098275184631348
0.096174001693726
0.090622186660767
0.090420007705688
0.096478939056396
0.095594882965088
0.096618890762329
0.11133980751038
0.11268711090088
0.10286998748779
0.1085479259491
0.099614143371582
0.094180107116699
0.091997146606445
0.10368490219116
0.086683034896851
0.098392009735107
0.094568967819214
0.088353872299194
0.10158801078796
0.091720104217529
0.095434904098511
0.097347974777222
0.095227956771851
0.10476183891296
0.10415101051331
0.10119199752808
0.10131883621216
0.096174955368042
0.1071949005127
0.092395067214966
0.093614101409912
0.097929000854492
0.096541881561279
0.093572854995728
0.10412693023682
0.099169015884399
0.096081972122192
0.092114925384521
0.10256910324097
0.092755079269409
0.096165180206299
0.1058931350708
0.089307069778442
0.08886981010437
0.093225002288818
0.10201191902161
0.096442937850952
0.095655918121338
0.092660903930664
0.091730833053589
0.09172797203064
0.097584009170532
0.10322690010071
0.10533905029297
0.11357808113098
0.099766969680786
0.13423109054565
0.10382795333862
0.09410285949707
0.092581987380981
0.10496091842651
0.099205017089844
0.10076093673706
0.094758033752441
0.087925910949707
0.099241971969604
0.092116832733154
0.10041403770447
0.098351001739502
0.094388961791992
0.098662137985229
0.096492052078247
0.10024285316467
0.092574119567871
0.10828709602356
0.092153072357178
0.10418391227722
0.096200942993164
0.094357013702393
0.10342907905579
0.10341382026672
0.10672807693481
0.10148000717163
0.099374771118164
0.10151505470276
0.098033905029297
0.10415387153625
0.094345092773438
0.10824799537659
0.102135181427
0.103276014328
0.098405838012695
0.11009192466736
0.094087839126587
0.10009503364563
0.10175490379333
0.1000030040741
0.09894585609436
0.095619916915894
0.091917037963867
0.090472936630249
0.093854904174805
0.39669919013977
0.092664003372192
0.099288940429688
0.10185384750366
0.097404003143311
0.10809588432312
0.09596586227417
0.10751104354858
0.099017143249512
0.099864959716797
0.10824394226074
0.098129987716675
0.095110177993774
0.12091994285583
0.098201990127563
0.099308013916016
0.090394973754883
0.10374307632446
0.1013240814209
0.09347677230835
0.092833042144775
0.089579820632935
0.094722032546997
0.089607000350952
0.091865062713623
0.095437049865723
0.10374402999878
0.092175006866455
0.11272120475769
0.096395015716553
0.096531867980957
0.096163988113403
0.10051798820496
0.097566843032837
0.10073804855347
0.094692945480347
0.096982955932617
0.094208955764771
0.10128498077393
0.096642017364502
0.10590100288391
0.10091304779053
0.096823930740356
0.096307039260864
0.10086798667908
0.10483908653259
0.10742402076721
0.10629510879517
0.095849990844727
0.095748901367188
0.10043621063232
0.093034982681274
0.098437070846558
0.092097043991089
0.11041903495789
0.099961996078491
0.092465162277222
0.095721960067749
0.09048318862915
0.090832948684692
0.10656690597534
0.1145498752594
0.099395990371704
0.094321012496948
0.095202922821045
0.14704179763794
0.089164018630981
0.095927953720093
0.096983909606934
0.099222898483276
0.098244190216064
0.091336011886597
0.093873977661133
0.093843936920166
0.098755121231079
0.093225002288818
0.099120855331421
0.094932794570923
0.10380601882935
0.09741997718811
0.099755048751831
0.095247030258179
0.096881151199341
0.087381839752197
0.10206508636475
0.097479104995728
0.10151410102844
0.096132040023804
0.10328197479248
0.091381072998047
0.096831083297729
0.11308002471924
0.10521697998047
0.092035055160522
0.097939968109131
0.099869966506958
0.092269897460938
0.092565059661865
0.10884809494019
0.094734907150269
0.098765134811401
0.099753856658936
0.10232520103455
0.096932888031006
0.09562611579895
0.10392713546753
0.088205099105835
0.10058903694153
0.11573100090027
0.093815803527832
0.098839998245239
0.10387396812439
0.097136974334717
0.093029022216797
0.1051230430603
0.11312389373779
0.09550404548645
0.10047006607056
0.1000771522522
0.094136953353882
0.091913938522339
0.10504078865051
0.09319806098938
0.092984914779663
0.091142892837524
0.099114894866943
0.1006338596344
0.092293977737427
0.10472893714905
0.098985910415649
0.10387992858887
0.10471391677856
0.09459400177002
0.098809957504272
0.095328092575073
0.10449409484863
0.10130286216736
0.095546960830688
0.10380387306213
0.094220876693726
0.10043811798096
0.095248937606812
0.10333204269409
0.10209202766418
0.09907603263855
0.10017490386963
0.093871116638184
0.094871044158936
0.093502998352051
0.091224908828735
0.095571994781494
0.10418319702148
0.094600915908813
0.098230123519897
0.11413192749023
0.10966897010803
0.096770048141479
0.10676503181458
0.094689846038818
0.10272002220154
0.10573410987854
0.10277700424194
0.095172882080078
0.096619844436646
0.096803903579712
0.096242904663086
0.10649514198303
0.098165035247803
0.095885992050171
0.1003839969635
0.10356593132019
0.11030983924866
0.099622964859009
0.093476057052612
0.094129085540771
0.10248398780823
0.094107866287231
0.10113501548767
0.12025713920593
0.096533060073853
0.094264984130859
0.098433971405029
0.10497498512268
0.1092848777771
0.094473838806152
0.096298933029175
0.096741914749146
0.1128249168396
0.095526218414307
0.095793008804321
0.096731901168823
0.10062599182129
0.092246055603027
0.10219287872314
0.10163617134094
0.10566592216492
0.09112811088562
0.10025215148926
0.10049414634705
0.098709106445312
0.098114967346191
0.091751098632812
0.093001127243042
0.10106706619263
0.1244900226593
0.096780061721802
0.10561680793762
0.091701984405518
0.10175108909607
0.10157704353333
0.09459400177002
0.096306085586548
0.090620040893555
0.10391688346863
0.09462308883667
0.10046792030334
0.09466290473938
0.11112380027771
0.099303007125854
0.093117952346802
0.094611883163452
0.097912788391113
0.10409593582153
0.10051107406616
0.10535883903503
0.093408823013306
0.097056865692139
0.098089933395386
0.09240984916687
0.10703015327454
0.10195207595825
0.088656902313232
0.09856915473938
0.097307920455933
0.097259998321533
0.093898057937622
0.097594022750854
0.10069894790649
0.09351110458374
0.10881495475769
0.11354613304138
0.096605062484741
0.096023082733154
0.10239791870117
0.10226893424988
0.10305690765381
0.1027820110321
0.097949981689453
0.10085797309875
0.10374999046326
0.098746061325073
0.097966909408569
0.099563121795654
0.10599112510681
0.10292506217957
0.099744081497192
0.095028877258301
0.10603308677673
0.089369058609009
0.10602712631226
0.094882011413574
0.0954909324646
0.09014105796814
0.093771934509277
0.10727310180664
0.095401048660278
0.096233129501343
0.11080503463745
0.10089778900146
0.099222898483276
0.094759941101074
0.10415005683899
0.098076105117798
0.11022901535034
0.095361948013306
0.11130499839783
0.098412036895752
0.10640811920166
0.093378067016602
0.096369981765747
0.099435806274414
0.10437703132629
0.10224390029907
0.09358811378479
0.089019775390625
0.096601963043213
0.095786094665527
0.090236186981201
0.098417043685913
0.091871023178101
0.1098301410675
0.088028907775879
0.10080909729004
0.090264797210693
0.092206001281738
0.091026067733765
0.092555999755859
0.093042850494385
0.098732948303223
0.092596054077148
0.10379695892334
0.095493078231812
0.11095094680786
0.10023498535156
0.10264921188354
0.10314393043518
0.10955405235291
0.096204996109009
0.10036110877991
0.093165159225464
0.099170923233032
0.090019941329956
0.097268104553223
0.11271214485168
0.096004009246826
0.095338106155396
0.098892211914062
0.092879056930542
0.091892957687378
0.11077189445496
0.097262859344482
0.095699787139893
0.088901996612549
0.096369028091431
0.09485387802124
0.098285913467407
0.098338842391968
0.092088937759399
0.10512804985046
0.10103607177734
0.093642950057983
0.098417997360229
0.093766927719116
0.093685150146484
0.1010479927063
0.097084045410156
0.094290018081665
0.10138297080994
0.09194803237915
0.097790002822876
0.09918999671936
0.094067096710205
0.10055589675903
0.10824513435364
0.094810009002686
0.10230994224548
0.093823909759521
0.091111898422241
0.091864109039307
0.096253871917725
0.099871158599854
0.093616008758545
0.10078191757202
0.096818923950195
0.092686891555786
0.09506893157959
0.10762596130371
0.093413829803467
0.099949836730957
0.10269904136658
0.096772909164429
0.094606876373291
0.091219186782837
0.093203067779541
0.09895396232605
0.092556953430176
0.093178987503052
0.097079038619995
0.097075939178467
0.10428404808044
0.094607830047607
0.090100049972534
0.093404054641724
0.10319995880127
0.089632034301758
0.10494613647461
0.099757194519043
0.09284782409668
0.093413829803467
0.10109782218933
0.103276014328
0.093069076538086
0.096831083297729
0.094352960586548
0.10032892227173
0.10060882568359
0.22411203384399
0.10382103919983
0.09592604637146
0.096228837966919
0.10165500640869
0.097292900085449
0.095480918884277
0.10631203651428
0.11297202110291
0.10577917098999
0.090300798416138
0.098773002624512
0.091794967651367
0.10212516784668
0.11790704727173
0.096275091171265
0.09318995475769
0.10489082336426
0.09316086769104
0.099686145782471
0.097223997116089
0.11541795730591
0.1041841506958
0.098671913146973
0.097945928573608
0.10654807090759
0.094215869903564
0.14935898780823
0.099614143371582
0.095428943634033
0.09663200378418
0.093558073043823
0.095065116882324
0.097012996673584
0.11313819885254
0.10297012329102
0.10051298141479
0.094064950942993
0.095699071884155
0.091156005859375
0.098436117172241
0.097626924514771
0.092334985733032
0.094120025634766
0.099632978439331
0.090537071228027
0.10193395614624
0.096550941467285
0.096748113632202
0.089279890060425
0.10205316543579
0.10069918632507
0.099386930465698
0.097373962402344
0.10711002349854
0.12045502662659
0.098778963088989
0.091891050338745
0.091535806655884
0.099516153335571
0.093683958053589
0.4018120765686
0.09757399559021
0.09163498878479
0.098790884017944
0.10726404190063
0.096318006515503
0.096455812454224
0.10139894485474
0.093078851699829
0.093733072280884
0.10046219825745
0.093813896179199
0.099479913711548
0.10091590881348
0.094820976257324
0.089900016784668
0.10615205764771
0.09440803527832
0.097765922546387
0.12946200370789
0.0972740650177
0.10450005531311
0.098505973815918
0.09508204460144
0.091169834136963
0.10239005088806
0.095561981201172
0.096837043762207
0.097813844680786
0.095364093780518
0.1030900478363
0.097621202468872
0.099478960037231
0.092633008956909
0.090565204620361
0.095005035400391
0.098997116088867
0.097563028335571
0.093430042266846
0.10354590415955
0.10581111907959
0.098055839538574
0.10457801818848
0.14940094947815
0.095127105712891
0.09123706817627
0.10795998573303
0.11385011672974
0.093635082244873
0.099961996078491
0.094758033752441
0.095745086669922
0.091544151306152
0.092952966690063
0.09555196762085
0.096960067749023
0.095844030380249
0.094609022140503
0.096963167190552
0.10171008110046
0.095346212387085
0.08952808380127
0.095775842666626
0.091843843460083
0.089066982269287
0.1014609336853
0.096748113632202
0.23110914230347
0.094920873641968
0.09423303604126
0.099519014358521
0.12501502037048
0.10294103622437
0.097064971923828
0.090257883071899
0.09499979019165
0.2058470249176
0.091688871383667
0.093577861785889
0.10259699821472
0.091735124588013
0.098950147628784
0.09312105178833
0.10307002067566
0.091946840286255
0.096598863601685
0.10804200172424
0.096599817276001
0.15100908279419
0.095463991165161
0.10182285308838
0.094980955123901
0.096822023391724
0.1136679649353
0.0988450050354
0.095458984375
0.10001707077026
0.095574140548706
0.097981929779053
0.091168880462646
0.20571494102478
0.096183061599731
0.10382318496704
0.095536947250366
0.10068583488464
0.17888903617859
0.090678930282593
0.094964981079102
0.099483013153076
0.097219944000244
0.087642192840576
0.093022108078003
0.095111131668091
0.095172882080078
0.096565008163452
0.0886390209198
0.090801000595093
0.10430407524109
0.10136198997498
0.095749855041504
0.095436096191406
0.093727111816406
0.087179899215698
0.094074010848999
0.10325407981873
0.095511913299561
0.10262489318848
0.099372148513794
0.11049294471741
0.10034584999084
0.09269380569458
0.097902059555054
0.10565710067749
0.095870018005371
0.098191022872925
0.39782094955444
0.10025787353516
0.10128498077393
0.092663049697876
0.10271883010864
0.090870141983032
0.095438957214355
0.095142126083374
0.097002983093262
0.096866130828857
0.09853196144104
0.088297843933105
0.097295999526978
0.10013389587402
0.10185408592224
0.09675121307373
0.10166311264038
0.10518288612366
0.093066215515137
0.093018054962158
0.10124802589417
0.095556974411011
0.10430097579956
0.097890138626099
0.11028695106506
0.10716485977173
0.091578960418701
0.098643064498901
0.095519065856934
0.11371111869812
0.097415924072266
0.10622596740723
0.096649169921875
0.10195398330688
0.092090129852295
0.10164403915405
0.092674016952515
0.10331892967224
0.10282611846924
0.10154795646667
0.10089111328125
0.091008901596069
0.091238975524902
0.09049391746521
0.12420296669006
0.094813108444214
0.11628198623657
0.10133719444275
0.10708999633789
0.097062110900879
0.10103511810303
0.08942699432373
0.097861051559448
0.093775033950806
0.095244169235229
0.097342014312744
0.089585065841675
0.098235845565796
0.096297979354858
0.1015739440918
0.099050998687744
0.099764823913574
0.091534852981567
0.093647956848145
0.10016679763794
0.0936119556427
0.10041999816895
0.091094017028809
0.092149972915649
0.099289894104004
0.10014390945435
0.094006061553955
0.094123125076294
0.092785835266113
0.10290598869324
0.097027063369751
0.093979835510254
0.093537092208862
0.10471296310425
0.098284006118774
0.11405897140503
0.1157169342041
0.10676717758179
0.093092918395996
0.11074113845825
0.093893051147461
0.10879397392273
0.093369960784912
0.10049486160278
0.095432996749878
0.099625110626221
0.10623812675476
0.09431791305542
0.10526084899902
0.095628976821899
0.099015951156616
0.094487190246582
0.098472118377686
0.092200994491577
0.095481157302856
0.10041785240173
0.096301794052124
0.091714859008789
0.10513091087341
0.10025501251221
0.088692903518677
0.096771001815796
0.098103046417236
0.10438895225525
0.10660791397095
0.087172985076904
0.096996068954468
0.095213890075684
0.090001106262207
0.10101699829102
0.10664892196655
0.10821604728699
0.098536968231201
0.10269904136658
0.099686861038208
0.097366094589233
0.10138511657715
0.092459917068481
0.095447063446045
0.093281984329224
0.095057010650635
0.092704057693481
0.099159002304077
0.092786073684692
0.091655015945435
0.10657691955566
0.10248804092407
0.10225796699524
0.10089707374573
0.11412405967712
0.10291695594788
0.094824075698853
0.095464944839478
0.094874858856201
0.1091639995575
0.094271898269653
0.10448503494263
0.1016800403595
0.097293138504028
0.09819483757019
0.094685792922974
0.097279071807861
0.10104203224182
0.097902059555054
0.099601984024048
0.15830898284912
0.10465788841248
0.10603189468384
0.092119216918945
0.089080810546875
0.094389915466309
0.1127450466156
0.098504066467285
0.12242603302002
0.093504190444946
0.10335421562195
0.10209894180298
0.096124887466431
0.092787027359009
0.088467121124268
0.10886979103088
0.10162401199341
0.092612028121948
0.095531940460205
0.090496778488159
0.10472202301025
0.093759059906006
0.098027944564819
0.095391988754272
0.092329978942871
0.094210147857666
0.10662412643433
0.098773956298828
0.094182014465332
0.10062789916992
0.10424995422363
0.094367980957031
0.10147500038147
0.097491979598999
0.098371028900146
0.11902904510498
0.10724186897278
0.095892906188965
0.1065628528595
0.096279859542847
0.098783016204834
0.091125011444092
0.088586091995239
0.095959186553955
0.097294092178345
0.093733072280884
0.094074010848999
0.089887857437134
0.095391988754272
0.092712879180908
0.10131788253784
0.097855806350708
0.10777807235718
0.092710971832275
0.098204851150513
0.095940113067627
0.1014449596405
0.10418796539307
0.10054612159729
0.095718145370483
0.11357998847961
0.093017101287842
0.094730138778687
0.099586963653564
0.098282098770142
0.099787950515747
0.096951007843018
0.090331077575684
0.1115198135376
0.094484090805054
0.095790863037109
0.10129809379578
0.096378087997437
0.094815015792847
0.09581995010376
0.099756002426147
0.09536600112915
0.10413599014282
0.097784042358398
0.098710060119629
0.099499940872192
0.1049530506134
0.097408056259155
0.12158799171448
0.094074010848999
0.098608016967773
0.094820022583008
0.10025501251221
0.099246978759766
0.099246025085449
0.097114086151123
0.092970132827759
0.094779968261719
0.093253135681152
0.097683906555176
0.10199618339539
0.095494031906128
0.092596054077148
0.10933184623718
0.091248035430908
0.092145204544067
0.10922193527222
0.097415924072266
0.097829103469849
0.097254991531372
0.091243028640747
0.1025710105896
0.092014074325562
0.10493898391724
0.089792966842651
0.10586404800415
0.091365814208984
0.097177982330322
0.096195936203003
0.11799502372742
0.090213060379028
0.093724012374878
0.097900152206421
0.094484090805054
0.10063600540161
0.099613904953003
0.099843978881836
0.11013698577881
0.094325065612793
0.093775987625122
0.10160517692566
0.10057210922241
0.089509010314941
0.096602916717529
0.10203504562378
0.097563982009888
0.094039916992188
0.10315990447998
0.10356211662292
0.099210023880005
0.092037916183472
0.095258951187134
0.096148014068604
0.089579105377197
0.09553599357605
0.10676383972168
0.10390186309814
0.12127804756165
0.095793962478638
0.098639965057373
0.095932006835938
0.094096899032593
0.10486698150635
0.090797901153564
0.099948883056641
0.097700119018555
0.09710693359375
0.096208095550537
0.097762823104858
0.097860813140869
0.09678316116333
0.10097599029541
0.095802783966064
0.099092960357666
0.094985008239746
0.097175121307373
0.10167598724365
0.10191106796265
0.098437070846558
0.094022035598755
0.087196111679077
0.21421813964844
0.093737125396729
0.10830998420715
0.10723805427551
0.10033679008484
0.097481966018677
0.094455003738403
0.089509010314941
0.1054379940033
0.095609903335571
0.092582941055298
0.09660005569458
0.11192297935486
0.093517065048218
0.089816093444824
0.09481406211853
0.096094131469727
0.10297799110413
0.09628701210022
0.094619989395142
0.10040807723999
0.10445094108582
0.1016149520874
0.096311092376709
0.11510109901428
0.093119144439697
0.10310196876526
0.21670198440552
0.10004305839539
0.096498012542725
0.0953369140625
0.11103916168213
0.095080137252808
0.087453126907349
0.11010003089905
0.090526103973389
0.093708992004395
0.09089994430542
0.092122077941895
0.10975790023804
0.099577903747559
0.094954013824463
0.098530054092407
0.097594976425171
0.092565059661865
0.095207929611206
0.097669124603271
0.093702077865601
0.1454119682312
0.10026597976685
0.10115504264832
0.10031294822693
0.10478806495667
0.096851110458374
0.088552951812744
0.11753916740417
0.10478901863098
0.094135046005249
0.098570823669434
0.10126209259033
0.096894979476929
0.094934940338135
0.40206003189087
0.10098910331726
0.10515308380127
0.099761009216309
0.10041308403015
0.23056387901306
0.099972009658813
0.092245817184448
0.093199014663696
0.10339689254761
0.10871005058289
0.10004615783691
0.092082023620605
0.10650515556335
0.098676919937134
0.09672999382019
0.092010021209717
0.094659090042114
0.089791059494019
0.096221923828125
0.093536138534546
0.10375714302063
0.095319032669067
0.1029589176178
0.091785192489624
0.091721057891846
0.090725898742676
0.1083779335022
0.089826822280884
0.11499905586243
0.10721898078918
0.091506958007812
0.09325385093689
0.099944829940796
0.098443984985352
0.0954430103302
0.095438003540039
0.10740399360657
0.095653772354126
0.097213983535767
0.099701881408691
0.091102123260498
0.098382949829102
0.097507953643799
0.097385883331299
0.13172698020935
0.10131096839905
0.10502910614014
0.091674089431763
0.09223484992981
0.095605850219727
0.10059809684753
0.10072779655457
0.09957480430603
0.09795093536377
0.097973108291626
0.099246978759766
0.097337007522583
0.095544815063477
0.10198616981506
0.097866058349609
0.10253500938416
0.085052967071533
0.096153974533081
0.11343502998352
0.097509860992432
0.10147404670715
0.10055112838745
0.096940994262695
0.10510587692261
0.10184288024902
0.092682123184204
0.10199284553528
0.096173048019409
0.097149848937988
0.098429918289185
0.097026109695435
0.096974849700928
0.095385074615479
0.1067430973053
0.094161987304688
0.099722862243652
0.10868406295776
0.094804048538208
0.099295854568481
0.09978199005127
0.10101795196533
0.10362410545349
0.093410015106201
0.10414385795593
0.10185503959656
0.099207162857056
0.10590887069702
0.09280800819397
0.099816799163818
0.090389966964722
0.094870805740356
0.093459129333496
0.10016393661499
0.11399507522583
0.088614940643311
0.093657970428467
0.090556144714355
0.094524145126343
0.098769187927246
0.10723185539246
0.1105489730835
0.092432975769043
0.089308023452759
0.1011049747467
0.10591912269592
0.10647988319397
0.096240043640137
0.099179983139038
0.096274137496948
0.09639310836792
0.098819017410278
0.10416197776794
0.092138051986694
0.10589098930359
0.10636401176453
0.095263004302979
0.10978603363037
0.0986008644104
0.10207605361938
0.094267129898071
0.093400955200195
0.096039056777954
0.12581491470337
0.10918998718262
0.097694873809814
0.098373174667358
0.091907978057861
0.11044812202454
0.10632801055908
0.102294921875
0.089534997940063
0.11558103561401
0.0941481590271
0.098179817199707
0.098480939865112
0.39768505096436
0.09400200843811
0.10170102119446
0.097783088684082
0.099061012268066
0.091307163238525
0.11174583435059
0.1011381149292
0.099169969558716
0.099833011627197
0.10980820655823
0.11281418800354
0.094208002090454
0.090705871582031
0.10056805610657
0.098440885543823
0.093927145004272
0.10047602653503
0.10524988174438
0.10199093818665
0.093492031097412
0.11334705352783
0.093693971633911
0.094467878341675
0.094656944274902
0.092833042144775
0.093832969665527
0.10442805290222
0.098168849945068
0.090842008590698
0.10381293296814
0.09763503074646
0.099119901657104
0.10011601448059
0.11052417755127
0.092912197113037
0.10056495666504
0.098011016845703
0.10084390640259
0.10076308250427
0.099881887435913
0.093330144882202
0.097054958343506
0.093184947967529
0.09800910949707
0.094986915588379
0.095237016677856
0.096919059753418
0.099563837051392
0.097872972488403
0.094924926757812
0.097373962402344
0.10256910324097
0.096318006515503
0.092751026153564
0.094169139862061
0.099819898605347
0.11081004142761
0.093193054199219
0.093223094940186
0.10130715370178
0.090839147567749
0.09742283821106
0.088354110717773
0.093646049499512
0.10613989830017
0.1018750667572
0.10517191886902
0.097434043884277
0.094533920288086
0.10213398933411
0.10037708282471
0.098887205123901
0.093218088150024
0.10406088829041
0.091823816299438
0.093703985214233
0.09299898147583
0.097514867782593
0.094956874847412
0.098706007003784
0.095269918441772
0.096827030181885
0.09909987449646
0.098621845245361
0.095018863677979
0.10101103782654
0.096628904342651
0.091684103012085
0.09548282623291
0.10017204284668
0.098863840103149
0.095103979110718
0.10693311691284
0.10050892829895
0.094942092895508
0.097952127456665
0.090231895446777
0.091834783554077
0.10901188850403
0.092364072799683
0.09739089012146
0.097998142242432
0.10391497612
0.094443082809448
0.091411113739014
0.10853004455566
0.11738705635071
0.099938869476318
0.090944051742554
0.096709966659546
0.091984987258911
0.095016956329346
0.093940019607544
0.0956130027771
0.089940071105957
0.091461896896362
0.094796180725098
0.11270713806152
0.10039496421814
0.093068838119507
0.10163998603821
0.091317176818848
0.10938501358032
0.10064888000488
0.09865403175354
0.095673084259033
0.095954895019531
0.10181593894958
0.11187386512756
0.10196495056152
0.098785877227783
0.095927000045776
0.1013560295105
0.10573220252991
0.11094403266907
0.096179962158203
0.098569869995117
0.10155296325684
0.099284887313843
0.097281932830811
0.092653036117554
0.095784902572632
0.10765600204468
0.093724966049194
0.09122109413147
0.088602066040039
0.096403837203979
0.09827184677124
0.091769933700562
0.098146915435791
0.09481406211853
0.096259832382202
0.091758012771606
0.099481105804443
0.08924412727356
0.11605000495911
0.098743200302124
0.099652051925659
0.092505216598511
0.092203855514526
0.090311050415039
0.097190141677856
0.09923791885376
0.10743308067322
0.098662137985229
0.098875045776367
0.099815130233765
0.10251593589783
0.10115814208984
0.098951816558838
0.10659503936768
0.094812870025635
0.097028970718384
0.091996908187866
0.10830092430115
0.10348200798035
0.095839977264404
0.096896171569824
0.0972580909729
0.095578908920288
0.091931104660034
0.09785795211792
0.097885131835938
0.11464500427246
0.10571599006653
0.10477089881897
0.09867000579834
0.10399293899536
0.093899011611938
0.11474084854126
0.097676992416382
0.10178804397583
0.22791504859924
0.099944829940796
0.095370054244995
0.11939311027527
0.09713888168335
0.09297513961792
0.098565101623535
0.10076308250427
0.096599817276001
0.099409103393555
0.10663199424744
0.098192930221558
0.090541124343872
0.091809034347534
0.099753856658936
0.098663091659546
0.094650030136108
0.097957849502563
0.1025218963623
0.095875978469849
0.10934901237488
0.10953807830811
0.099938154220581
0.1117959022522
0.09321403503418
0.093569993972778
0.093255996704102
0.10682487487793
0.098489999771118
0.090533971786499
0.10558795928955
0.094454050064087
0.10614609718323
0.094171047210693
0.10199093818665
0.10032415390015
0.096885919570923
0.11132287979126
0.10028505325317
0.1132709980011
0.11184501647949
0.10393619537354
0.10251688957214
0.10433483123779
0.095174074172974
0.11542582511902
0.094706058502197
0.097164154052734
0.10755300521851
0.09607195854187
0.099669933319092
0.099980115890503
0.097434043884277
0.10031008720398
0.10095906257629
0.1031391620636
0.099116802215576
0.097574949264526
0.1065571308136
0.10173606872559
0.10987401008606
0.093214988708496
0.093688011169434
0.10403108596802
0.095412015914917
0.10222887992859
0.095995187759399
0.093686819076538
0.09542989730835
0.097401857376099
0.097545146942139
0.097785949707031
0.093258142471313
0.10469007492065
0.094815969467163
0.099005937576294
0.10159206390381
0.095570087432861
0.10016202926636
0.093074083328247
0.10525298118591
0.10426998138428
0.096946001052856
0.092453002929688
0.095530033111572
0.09314489364624
0.095551013946533
0.098591089248657
0.093636035919189
0.09799599647522
0.096927165985107
0.098705053329468
0.099889039993286
0.096199035644531
0.1047248840332
0.092244863510132
0.092716932296753
0.097376823425293
0.093631982803345
0.1035680770874
0.097030878067017
0.099159955978394
0.090214014053345
0.094482898712158
0.096107959747314
0.096824884414673
0.097624063491821
0.092039823532104
0.10315108299255
0.097580909729004
0.095567226409912
0.096603870391846
0.097226858139038
0.096662998199463
0.096838235855103
0.094550848007202
0.10395407676697
0.10006308555603
0.10241508483887
0.10096907615662
0.096621036529541
0.095484972000122
0.099919080734253
0.20704507827759
0.10362386703491
0.099354028701782
0.091815948486328
0.095737934112549
0.091998815536499
0.099700927734375
0.10295701026917
0.10667181015015
0.11474990844727
0.095791816711426
0.10290384292603
0.091587066650391
0.095747947692871
0.10173892974854
0.10099601745605
0.10313010215759
0.1243040561676
0.093080043792725
0.099211931228638
0.10623216629028
0.098212003707886
0.090537071228027
0.088488817214966
0.10218596458435
0.098176956176758
0.099156856536865
0.10997700691223
0.10307478904724
0.096664190292358
0.095468044281006
0.092019081115723
0.09463095664978
0.09895920753479
0.09499192237854
0.11186599731445
0.096243143081665
0.098475933074951
0.093883991241455
0.10192513465881
0.0923011302948
0.11157584190369
0.10203909873962
0.12930083274841
0.098223924636841
0.1045241355896
0.0959792137146
0.10094499588013
0.10253214836121
0.094671010971069
0.10283017158508
0.097878932952881
0.094165086746216
0.089644193649292
0.09603214263916
0.099642992019653
0.094228029251099
0.095968008041382
0.095633983612061
0.097628116607666
0.39550280570984
0.089789867401123
0.099029064178467
0.096184968948364
0.09732985496521
0.088863134384155
0.097225904464722
0.099037885665894
0.097012042999268
0.097515821456909
0.10723185539246
0.094879865646362
0.10736918449402
0.097882986068726
0.096572160720825
0.09522008895874
0.093082904815674
0.098475933074951
0.092239141464233
0.095839977264404
0.095176219940186
0.10671091079712
0.094743967056274
0.094802856445312
0.096240997314453
0.098204135894775
0.100252866745
0.098550081253052
0.094427824020386
0.103511095047
0.094579935073853
0.099107027053833
0.1092369556427
0.10622906684875
0.13612008094788
0.094862937927246
0.11568403244019
0.09569787979126
0.10311007499695
0.10527491569519
0.093110084533691
0.10037612915039
0.098787069320679
0.098949909210205
0.10114192962646
0.092906951904297
0.090519905090332
0.11021113395691
0.10628294944763
0.10018801689148
0.10054397583008
0.10223007202148
0.091596126556396
0.094306945800781
0.09784197807312
0.10183691978455
0.12403297424316
0.092535972595215
0.10154795646667
0.09473705291748
0.097583055496216
0.092149019241333
0.10191297531128
0.091637849807739
0.091596126556396
0.10175895690918
0.098664999008179
0.092487096786499
0.096574068069458
0.09731912612915
0.091986894607544
0.1006178855896
0.095328092575073
0.096639156341553
0.091019868850708
0.088636159896851
0.10194301605225
0.10574102401733
0.094634056091309
0.08935284614563
0.096812009811401
0.10976099967957
0.1042799949646
0.099048852920532
0.090245008468628
0.090425968170166
0.095555067062378
0.094845056533813
0.09778094291687
0.094844102859497
0.094953060150146
0.09596586227417
0.095964193344116
0.090051174163818
0.092654943466187
0.098510026931763
0.10019612312317
0.093060970306396
0.094968795776367
0.10020589828491
0.10720920562744
0.10324096679688
0.096946001052856
0.094045877456665
0.10209488868713
0.097867965698242
0.09213399887085
0.10303211212158
0.13271808624268
0.10022711753845
0.094789981842041
0.097119092941284
0.095400094985962
0.10136890411377
0.096179008483887
0.091710805892944
0.096832990646362
0.10178804397583
0.1032018661499
0.094213962554932
0.10278797149658
0.09621000289917
0.091955900192261
0.094788074493408
0.093451976776123
0.10772395133972
0.094583034515381
0.098538875579834
0.096114873886108
0.096133947372437
0.10825514793396
0.098931789398193
0.099003076553345
0.09980297088623
0.097439050674438
0.095405101776123
0.21468305587769
0.094921112060547
0.10115599632263
0.09342098236084
0.1062319278717
0.099553108215332
0.094447135925293
0.099249839782715
0.096789836883545
0.091948986053467
0.098320960998535
0.096749067306519
0.099570989608765
0.10671997070312
0.092436075210571
0.10448813438416
0.096342086791992
0.099920034408569
0.09393310546875
0.093487977981567
0.098337173461914
0.10518908500671
0.09342885017395
0.10178995132446
0.094675064086914
0.095247983932495
0.09312891960144
0.099514007568359
0.10626792907715
0.10366797447205
0.1014199256897
0.092617034912109
0.10460782051086
0.094603061676025
0.092306852340698
0.094342947006226
0.096427917480469
0.095293998718262
0.098659992218018
0.096482038497925
0.08870792388916
0.089587926864624
0.10230994224548
0.090918064117432
0.10420298576355
0.087376832962036
0.095783948898315
0.092450141906738
0.095793962478638
0.094806909561157
0.094288110733032
0.10628509521484
0.1418399810791
0.096314907073975
0.0921790599823
0.10223793983459
0.094630002975464
0.094558954238892
0.10412693023682
0.091993093490601
0.09932804107666
0.10006403923035
0.095567941665649
0.098860025405884
0.10588002204895
0.090872049331665
0.098119974136353
0.10397505760193
0.098747968673706
0.097520112991333
0.13439798355103
0.091422080993652
0.10141396522522
0.11097407341003
0.096184015274048
0.098566055297852
0.095105886459351
0.099609851837158
0.099068164825439
0.093307971954346
0.093727111816406
0.13358402252197
0.10646605491638
0.1003589630127
0.096922159194946
0.1120080947876
0.092959880828857
0.092713117599487
0.097203016281128
0.1092381477356
0.098891019821167
0.093864917755127
0.10038304328918
0.097668886184692
0.095475912094116
0.094799995422363
0.092483043670654
0.099950075149536
0.10292291641235
0.094552040100098
0.096092939376831
0.094586133956909
0.092660903930664
0.099347114562988
0.094367027282715
0.091037034988403
0.093289852142334
0.10332202911377
0.097526073455811
0.10356378555298
0.095936059951782
0.10163998603821
0.10316801071167
0.093960046768188
0.092197179794312
0.093858957290649
0.095872163772583
0.091893196105957
0.095165014266968
0.10985684394836
0.094392061233521
0.097513914108276
0.093991041183472
0.10380911827087
0.0957190990448
0.095195055007935
0.098462104797363
0.10115098953247
0.095244884490967
0.10376906394958
0.093400001525879
0.096271991729736
0.10295104980469
0.098217010498047
0.097438097000122
0.10042715072632
0.11172699928284
0.09862208366394
0.097084045410156
0.092732906341553
0.091938018798828
0.096510171890259
0.093009948730469
0.08881402015686
0.095579147338867
0.094771862030029
0.097946882247925
0.094746112823486
0.1055018901825
0.099518060684204
0.10623693466187
0.094574928283691
0.11057996749878
0.10363817214966
0.098253965377808
0.10392904281616
0.093360900878906
0.092174053192139
0.10033202171326
0.09574294090271
0.09679388999939
0.092693090438843
0.087410926818848
0.095461130142212
0.1140558719635
0.10023784637451
0.090445995330811
0.091472864151001
0.10086297988892
0.1037859916687
0.091470003128052
0.10304808616638
0.099822998046875
0.099419116973877
0.10178899765015
0.092360019683838
0.098402976989746
0.098669052124023
0.10042500495911
0.093846797943115
0.10087013244629
0.096291065216064
0.096519947052002
0.10241603851318
0.10527110099792
0.095319032669067
0.093598127365112
0.097323894500732
0.093303918838501
0.10624194145203
0.097762107849121
0.095531940460205
0.093847990036011
0.10579180717468
0.088786840438843
0.09655499458313
0.091086864471436
0.097630977630615
0.093331813812256
0.10450100898743
0.096187114715576
0.092886924743652
0.092402935028076
0.1013879776001
0.10015511512756
0.090402126312256
0.095076084136963
0.095459938049316
0.093029975891113
0.10153913497925
0.11617517471313
0.1051881313324
0.10114908218384
0.091475963592529
0.098008871078491
0.098906993865967
0.099129915237427
0.095460176467896
0.08829402923584
0.097177982330322
0.090964794158936
0.097162961959839
0.09023904800415
0.10990905761719
0.10265398025513
0.097425937652588
0.097187995910645
0.10592103004456
0.097069978713989
0.094045877456665
0.096647024154663
0.10290694236755
0.099148035049438
0.10034799575806
0.092674016952515
0.10165882110596
0.091462135314941
0.094681978225708
0.094841003417969
0.10235714912415
0.091200828552246
0.098751068115234
0.11568021774292
0.31551599502563
0.09224009513855
0.09529709815979
0.10692620277405
0.087604999542236
0.095108985900879
0.099442005157471
0.10506892204285
0.097402095794678
0.093469142913818
0.09334397315979
0.093650817871094
0.10138893127441
0.093203067779541
0.095299005508423
0.097496032714844
0.10206890106201
0.095876932144165
0.099462032318115
0.093065023422241
0.11655497550964
0.10269212722778
0.10297799110413
0.11110806465149
0.095125913619995
0.10711812973022
0.096079111099243
0.090433835983276
0.095506191253662
0.095527172088623
0.11759400367737
0.10205101966858
0.09743595123291
0.093553066253662
0.098874092102051
0.093158006668091
0.10680818557739
0.09520697593689
0.093080043792725
0.1042959690094
0.12372088432312
0.10464882850647
0.092695951461792
0.10840320587158
0.097146987915039
0.098811149597168
0.11689591407776
0.092736959457397
0.1080310344696
0.12200403213501
0.094194889068604
0.092888116836548
0.39806413650513
0.10242104530334
0.10998010635376
0.10313391685486
0.093961000442505
0.099529027938843
0.11871314048767
0.092456817626953
0.095383882522583
0.089823007583618
0.10846996307373
0.093618869781494
0.089098930358887
0.1012909412384
0.093116998672485
0.096829891204834
0.095885038375854
0.095341920852661
0.095518827438354
0.093380928039551
0.09372091293335
0.095875024795532
0.089964151382446
0.096786975860596
0.10666394233704
0.090101003646851
0.09749698638916
0.090204954147339
0.098483085632324
0.21149396896362
0.097408056259155
0.093362808227539
0.091124057769775
0.099900960922241
0.095098972320557
0.099683046340942
0.093503952026367
0.092040061950684
0.092021942138672
0.093188047409058
0.10049986839294
0.091306924819946
0.096429109573364
0.093392133712769
0.095663785934448
0.098914861679077
0.10022902488708
0.089942932128906
0.099123001098633
0.095255851745605
0.089730978012085
0.090707063674927
0.09097695350647
0.10393309593201
0.096149921417236
0.10325884819031
0.09821605682373
0.092376947402954
0.093799829483032
0.096127986907959
0.094178915023804
0.099542856216431
0.1251060962677
0.10555911064148
0.10025310516357
0.095875978469849
0.094491958618164
0.096811056137085
0.091992855072021
0.098742961883545
0.097042083740234
0.09040904045105
0.095491170883179
0.10130500793457
0.096573114395142
0.10116505622864
0.098489046096802
0.093995094299316
0.092596054077148
0.09931492805481
0.093538045883179
0.099213123321533
0.095978021621704
0.094141006469727
0.10021114349365
0.11190295219421
0.10020399093628
0.09415602684021
0.092022180557251
0.09842586517334
0.094263076782227
0.098510026931763
0.094229936599731
0.10366296768188
0.09273099899292
0.094191074371338
0.11274981498718
0.099625110626221
0.092344999313354
0.098018169403076
0.10161185264587
0.10289311408997
0.097119092941284
0.11075711250305
0.097204208374023
0.095284938812256
0.099552869796753
0.10225701332092
0.094022989273071
0.10055804252625
0.10085296630859
0.093634128570557
0.098296880722046
0.093100070953369
0.092598915100098
0.097501039505005
0.099004983901978
0.093050003051758
0.098167896270752
0.098494052886963
0.11438202857971
0.11100912094116
0.094925165176392
0.092108964920044
0.097181081771851
0.09931492805481
0.096848964691162
0.097913026809692
0.10017204284668
0.08809494972229
0.10435795783997
0.093135118484497
0.095479011535645
0.10162687301636
0.10041499137878
0.093991994857788
0.10582399368286
0.098278999328613
0.094265937805176
0.096359014511108
0.096380949020386
0.095077037811279
0.09117603302002
0.10118412971497
0.10028982162476
0.091968059539795
0.10031700134277
0.10702586174011
0.14280986785889
0.096930980682373
0.089597940444946
0.11312913894653
0.10252499580383
0.10036396980286
0.098497152328491
0.11439490318298
0.12575888633728
0.096152067184448
0.089447021484375
0.096638917922974
0.10351300239563
0.10222983360291
0.097125053405762
0.09580397605896
0.10259199142456
0.10111498832703
0.099326848983765
0.11039710044861
0.099018096923828
0.1020359992981
0.099339008331299
0.10043883323669
0.099564075469971
0.10161399841309
0.10179805755615
0.09678316116333
0.097892045974731
0.094743967056274
0.099974870681763
0.11799001693726
0.11220288276672
0.099702119827271
0.1096510887146
0.098373174667358
0.099545955657959
0.09603214263916
0.10186719894409
0.10253405570984
0.090342998504639
0.089804887771606
0.094935894012451
0.10017395019531
0.089722156524658
0.10246706008911
0.091758966445923
0.094567060470581
0.091417074203491
0.10125803947449
0.095733880996704
0.10723900794983
0.096565008163452
0.091120958328247
0.090734958648682
0.089627027511597
0.091278076171875
0.094563961029053
0.097362041473389
0.097754955291748
0.097907066345215
0.092927217483521
0.095123052597046
0.095414876937866
0.11240386962891
0.090117931365967
0.095628023147583
0.095274925231934
0.10012793540955
0.09810209274292
0.10461497306824
0.10089302062988
0.13706207275391
0.09751296043396
0.098670959472656
0.09430193901062
0.092977046966553
0.10313701629639
0.095142126083374
0.099449157714844
0.095072984695435
0.086610078811646
0.39566111564636
0.08988094329834
0.10014796257019
0.093575000762939
0.10095191001892
0.09256911277771
0.098398923873901
0.10668802261353
0.094030857086182
0.094263076782227
0.10157012939453
0.091596841812134
0.096311092376709
0.093805074691772
0.090523958206177
0.10003709793091
0.092211008071899
0.10034084320068
0.099761962890625
0.088733911514282
0.094815969467163
0.10635614395142
0.098802089691162
0.095662117004395
0.094996929168701
0.10495591163635
0.09214186668396
0.098335981369019
0.09352707862854
0.094930171966553
0.093876838684082
0.09855318069458
0.089982986450195
0.092347860336304
0.090833902359009
0.096583127975464
0.099223852157593
0.104159116745
0.096446990966797
0.10477304458618
0.10485291481018
0.096615076065063
0.088447093963623
0.10122084617615
0.097847938537598
0.10923886299133
0.10279607772827
0.10080313682556
0.095349073410034
0.090445995330811
0.092622041702271
0.0955491065979
0.098769903182983
0.10564589500427
0.098026990890503
0.11533904075623
0.096904039382935
0.093935012817383
0.095690965652466
0.091846942901611
0.11593413352966
0.11393189430237
0.096701145172119
0.10316610336304
0.10637402534485
0.095950126647949
0.095946788787842
0.094820022583008
0.11095690727234
0.107342004776
0.096524953842163
0.094650030136108
0.10896301269531
0.093403100967407
0.10477900505066
0.10138893127441
0.10279583930969
0.097831964492798
0.15403294563293
0.090335130691528
0.099632024765015
0.095977067947388
0.10344099998474
0.10234403610229
0.10222005844116
0.09882378578186
0.10000896453857
0.10130715370178
0.096121072769165
0.098159074783325
0.095508813858032
0.093746900558472
0.10308289527893
0.097475051879883
0.0938880443573
0.089956998825073
0.088863849639893
0.22600197792053
0.090491056442261
0.092523813247681
0.10100078582764
0.097398996353149
0.10281896591187
0.094456911087036
0.1074550151825
0.10296106338501
0.1078679561615
0.096566915512085
0.097347974777222
0.093291044235229
0.093581914901733
0.094418048858643
0.098160028457642
0.096760988235474
0.093417882919312
0.10624718666077
0.094563007354736
0.09136700630188
0.095496892929077
0.099074840545654
0.096343994140625
0.096467971801758
0.093735933303833
0.099075078964233
0.10239315032959
0.099052906036377
0.10455393791199
0.098762035369873
0.099668025970459
0.098623037338257
0.092000007629395
0.099993944168091
0.10468792915344
0.092264890670776
0.095459938049316
0.091208934783936
0.099335908889771
0.16201710700989
0.09260106086731
0.095485925674438
0.098767995834351
0.10333704948425
0.10014986991882
0.09293794631958
0.099517822265625
0.099873781204224
0.095736980438232
0.097201108932495
0.096925973892212
0.10097002983093
0.097786903381348
0.098235130310059
0.098546981811523
0.088391065597534
0.098593950271606
0.090615034103394
0.09788990020752
0.099755048751831
0.089815139770508
0.09817099571228
0.10128688812256
0.095466136932373
0.10273790359497
0.096994876861572
0.096940994262695
0.092934131622314
0.090958118438721
0.0954270362854
0.097975015640259
0.11523914337158
0.098955154418945
0.095823049545288
0.090888977050781
0.099911212921143
0.092318058013916
0.099028825759888
0.099096059799194
0.092607975006104
0.092797994613647
0.092164993286133
0.096729040145874
0.093560218811035
0.091809988021851
0.098844051361084
0.094120979309082
0.12947511672974
0.090321063995361
0.10153913497925
0.094364881515503
0.098520994186401
0.094012975692749
0.090023994445801
0.093240022659302
0.096191883087158
0.097048997879028
0.095324039459229
0.10604810714722
0.098676919937134
0.096605062484741
0.11187195777893
0.093909978866577
0.090425968170166
0.10405683517456
0.095237970352173
0.097775936126709
0.097728967666626
0.091998100280762
0.10305404663086
0.099534034729004
0.094531059265137
0.099365949630737
0.094710111618042
0.092578172683716
0.10113096237183
0.10028505325317
0.099771022796631
0.10104894638062
0.11208295822144
0.10057997703552
0.09620189666748
0.09589695930481
0.091430187225342
0.089306831359863
0.097707033157349
0.10111093521118
0.10456085205078
0.094151020050049
0.10139894485474
0.096529006958008
0.10128402709961
0.093349933624268
0.091609001159668
0.10042190551758
0.10495901107788
0.10308814048767
0.096229076385498
0.11047196388245
0.10365676879883
0.099391937255859
0.098095893859863
0.11149096488953
0.092122793197632
0.091431856155396
0.095129013061523
0.097878217697144
0.096959114074707
0.095763921737671
0.092698097229004
0.11217093467712
0.10916590690613
0.090717077255249
0.10157299041748
0.094935894012451
0.093327045440674
0.10492396354675
0.11843705177307
0.091665029525757
0.098320007324219
0.096830129623413
0.10201597213745
0.1012270450592
0.099771022796631
0.09332013130188
0.096390962600708
0.10192489624023
0.09716796875
0.094098091125488
0.09649395942688
0.10162591934204
0.092012882232666
0.10753893852234
0.093043804168701
0.095363855361938
0.096276998519897
0.097516059875488
0.099987983703613
0.10093593597412
0.09856104850769
0.10613298416138
0.11210799217224
0.094111919403076
0.10023903846741
0.10051989555359
0.10489892959595
0.097714900970459
0.10547590255737
0.09819483757019
0.11183500289917
0.096449136734009
0.10669088363647
0.099219799041748
0.091085910797119
0.10408020019531
0.09330415725708
0.093641042709351
0.09539008140564
0.096620082855225
0.10497999191284
0.09234094619751
0.095952987670898
0.094458818435669
0.09389591217041
0.10220503807068
0.099432945251465
0.12614798545837
0.10341215133667
0.094454050064087
0.099546909332275
0.12434983253479
0.10003304481506
0.10271310806274
0.099519968032837
0.092995166778564
0.096812009811401
0.092957019805908
0.10519814491272
0.10438895225525
0.098673105239868
0.1013720035553
0.10923719406128
0.091610193252563
0.09765100479126
0.1114399433136
0.1026599407196
0.096941947937012
0.094352960586548
0.096915006637573
0.093806982040405
0.096764087677002
0.092846155166626
0.091881990432739
0.091032981872559
0.10075211524963
0.10124206542969
0.09639310836792
0.099970102310181
0.092742919921875
0.10073709487915
0.09424090385437
0.092943906784058
0.096566915512085
0.10092520713806
0.098135948181152
0.10191702842712
0.099957942962646
0.10331583023071
0.092143058776855
0.097039937973022
0.088229179382324
0.099068880081177
0.099039793014526
0.099496126174927
0.091442108154297
0.089869022369385
0.095668077468872
0.10083913803101
0.10767507553101
0.095541000366211
0.10404801368713
0.10669088363647
0.10660982131958
0.10569500923157
0.099746942520142
0.098096132278442
0.099048137664795
0.099662065505981
0.097644090652466
0.093076944351196
0.094248056411743
0.10761690139771
0.10127186775208
0.10131692886353
0.1060152053833
0.096949100494385
0.094008922576904
0.097715139389038
0.10026979446411
0.10069799423218
0.10857892036438
0.089556932449341
0.092825889587402
0.1013879776001
0.10390996932983
0.098069906234741
0.090991020202637
0.090443134307861
0.096596956253052
0.09791088104248
0.10773801803589
0.098130226135254
0.093829154968262
0.096714973449707
0.092748880386353
0.095982074737549
0.093010187149048
0.097263813018799
0.095316886901855
0.12863111495972
0.1021420955658
0.10506987571716
0.096171140670776
0.10513710975647
0.10392618179321
0.10390496253967
0.096417188644409
0.093994855880737
0.1026349067688
0.091364145278931
0.094453096389771
0.092365980148315
0.097021102905273
0.092669010162354
0.096345901489258
0.092955827713013
0.094150066375732
0.092109203338623
0.092885971069336
0.09748101234436
0.09355902671814
0.090823888778687
0.096522092819214
0.096140146255493
0.099815845489502
0.098375797271729
0.098284006118774
0.094767808914185
0.096457004547119
0.0974440574646
0.094269990921021
0.10066699981689
0.10430788993835
0.096323013305664
0.093996047973633
0.09308910369873
0.095088958740234
0.097617864608765
0.098381996154785
0.095840930938721
0.099050045013428
0.10100698471069
0.10170793533325
0.1052188873291
0.09840989112854
0.09387993812561
0.10672092437744
0.099960088729858
0.10719013214111
0.097715854644775
0.10569405555725
0.10225081443787
0.10843586921692
0.099563837051392
0.10542392730713
0.094016075134277
0.090403079986572
0.095550060272217
0.10388278961182
0.20817995071411
0.10244107246399
0.095402956008911
0.096286058425903
0.091701030731201
0.1001181602478
0.094877004623413
0.096748113632202
0.096731901168823
0.093724012374878
0.097776889801025
0.091101169586182
0.10766983032227
0.10188102722168
0.092584133148193
0.10342001914978
0.10650181770325
0.094902992248535
0.113774061203
0.10336804389954
0.093311071395874
0.10736298561096
0.095459222793579
0.22928309440613
0.10602211952209
0.10919189453125
0.097157955169678
0.090984106063843
0.10358905792236
0.095087051391602
0.10373902320862
0.094111919403076
0.09465479850769
0.099752902984619
0.093014001846313
0.092103958129883
0.10478091239929
0.096079111099243
0.10040187835693
0.095909118652344
0.10037612915039
0.095587015151978
0.096594095230103
0.094255924224854
0.10105991363525
0.089379072189331
0.10013914108276
0.090701818466187
0.09565806388855
0.099086046218872
0.09272289276123
0.13816213607788
0.099624156951904
0.098334074020386
0.093656063079834
0.098154067993164
0.099590063095093
0.099399089813232
0.090476036071777
0.090007781982422
0.10181093215942
0.11537098884583
0.095080137252808
0.098850965499878
0.091024875640869
0.1010639667511
0.09603214263916
0.10127902030945
0.095443964004517
0.094346046447754
0.097540140151978
0.092673063278198
0.10647511482239
0.099097013473511
0.10206699371338
0.10284304618835
0.087651014328003
0.095432996749878
0.098591089248657
0.10184597969055
0.094686985015869
0.092988014221191
0.10083699226379
0.096949100494385
0.098747968673706
0.09850001335144
0.097767114639282
0.095577955245972
0.094425916671753
0.10474801063538
0.097161054611206
0.095034122467041
0.093873023986816
0.10092806816101
0.097014188766479
0.090083122253418
0.10692095756531
0.098793983459473
0.096657991409302
0.10870695114136
0.096065044403076
0.099682092666626
0.10646390914917
0.095952033996582
0.095730781555176
0.092211008071899
0.093033075332642
0.095022916793823
0.098301887512207
0.1044020652771
0.096744060516357
0.10367894172668
0.10112619400024
0.094942092895508
0.1026451587677
0.090659141540527
0.097787141799927
0.10743498802185
0.092265129089355
0.1062958240509
0.09814190864563
0.098278999328613
0.12791299819946
0.11206912994385
0.093158006668091
0.11834406852722
0.10359811782837
0.10079097747803
0.10359215736389
0.10011291503906
0.093061923980713
0.098587036132812
0.096360921859741
0.10135388374329
0.09619402885437
0.10500311851501
0.093057870864868
0.10535407066345
0.10667395591736
0.091610908508301
0.097817897796631
0.095286846160889
0.10578989982605
0.091946125030518
0.094197988510132
0.10788702964783
0.095949172973633
0.10368394851685
0.098682165145874
0.091336011886597
0.10936594009399
0.095993041992188
0.099036931991577
0.2197060585022
0.099617958068848
0.093597888946533
0.10066604614258
0.10655498504639
0.096367120742798
0.090660095214844
0.11043405532837
0.099049091339111
0.098919153213501
0.097143888473511
0.09791898727417
0.10273790359497
0.10314989089966
0.10067200660706
0.091430902481079
0.10831785202026
0.10078501701355
0.099185943603516
0.10349583625793
0.12426710128784
0.11328983306885
0.10122299194336
0.09567403793335
0.10709095001221
0.10142397880554
0.091014862060547
0.097110033035278
0.096041917800903
0.091442823410034
0.098036050796509
0.099239826202393
0.098291873931885
0.1068708896637
0.094830989837646
0.09632396697998
0.10716891288757
0.096999883651733
0.096030950546265
0.10353779792786
0.10045695304871
0.09265398979187
0.094635009765625
0.10319995880127
0.2082839012146
0.096903085708618
0.10980010032654
0.10077810287476
0.0921790599823
0.2120189666748
0.099740028381348
0.11179184913635
0.10194087028503
0.1081109046936
0.091058969497681
0.098780155181885
0.10347008705139
0.094449043273926
0.092822074890137
0.096091985702515
0.097865104675293
0.10178518295288
0.096212863922119
0.11136078834534
0.097498893737793
0.10230398178101
0.093240976333618
0.10486602783203
0.10201191902161
0.096888065338135
0.10284304618835
0.094980001449585
0.096259117126465
0.09769606590271
0.09512996673584
0.0903480052948
0.11975598335266
0.095494031906128
0.098755121231079
0.090262174606323
0.098758935928345
0.10114789009094
0.099418163299561
0.10521793365479
0.10342502593994
0.090764999389648
0.094883918762207
0.099311113357544
0.10158777236938
0.097954988479614
0.093599796295166
0.099395990371704
0.099260091781616
0.090415954589844
0.097770929336548
0.098778009414673
0.10798501968384
0.091255903244019
0.10745096206665
0.10066103935242
0.099162101745605
0.095293045043945
0.093022108078003
0.11256790161133
0.093330860137939
0.10152316093445
0.095406055450439
0.095357894897461
0.088041067123413
0.096603155136108
0.099064826965332
0.089704990386963
0.094206094741821
0.095628023147583
0.099791049957275
0.094883918762207
0.099660873413086
0.095902919769287
0.095487117767334
0.092813014984131
0.10870814323425
0.094362020492554
0.10074996948242
0.097662925720215
0.10658192634583
0.096534013748169
0.096306800842285
0.10092687606812
0.11342906951904
0.098819971084595
0.092327117919922
0.11402988433838
0.11216497421265
0.10050082206726
0.093733072280884
0.10090708732605
0.090837001800537
0.091762065887451
0.094461917877197
0.11146712303162
0.094900131225586
0.093871831893921
0.092745065689087
0.0920569896698
0.10523915290833
0.091223001480103
0.099447011947632
0.10071587562561
0.1000120639801
0.095782041549683
0.09058403968811
0.098917961120605
0.095008134841919
0.091777801513672
0.10735487937927
0.097774028778076
0.093739032745361
0.099126100540161
0.096281051635742
0.10425901412964
0.095732927322388
0.091583967208862
0.094793081283569
0.092759132385254
0.09821605682373
0.10200190544128
0.098232984542847
0.10327506065369
0.099426984786987
0.095262050628662
0.099177837371826
0.096513986587524
0.09321403503418
0.097607135772705
0.11431503295898
0.10119295120239
0.095721006393433
0.090487003326416
0.094280004501343
0.10589289665222
0.093775987625122
0.096946954727173
0.10828304290771
0.09531307220459
0.095266103744507
0.1085889339447
0.10117888450623
0.097218990325928
0.11185193061829
0.10051798820496
0.098933935165405
0.097903966903687
0.095997095108032
0.098603963851929
0.098494052886963
0.097052097320557
0.095720052719116
0.10690903663635
0.096580982208252
0.098347902297974
0.095489978790283
0.092494010925293
0.096070051193237
0.095900058746338
0.10121893882751
0.090795993804932
0.099953889846802
0.10151386260986
0.10358500480652
0.11223077774048
0.096159934997559
0.095035076141357
0.10954213142395
0.10531497001648
0.096843957901001
0.095190048217773
0.10238695144653
0.097902059555054
0.10408282279968
0.092902898788452
0.09611988067627
0.10067701339722
0.09738302230835
0.099889993667603
0.10305690765381
0.099771976470947
0.10480618476868
0.092741966247559
0.099113941192627
0.092940092086792
0.10842204093933
0.094085931777954
0.09514594078064
0.092822074890137
0.095470190048218
0.098459959030151
0.098518848419189
0.096463918685913
0.10312104225159
0.096007823944092
0.098757028579712
0.11500310897827
0.096558094024658
0.099230051040649
0.094634056091309
0.093041896820068
0.10085511207581
0.095960140228271
0.09106707572937
0.10096502304077
0.09642505645752
0.094051122665405
0.098923921585083
0.10090899467468
0.10138297080994
0.089231967926025
0.093713998794556
0.09856390953064
0.094808101654053
0.095759153366089
0.091344833374023
0.099478006362915
0.099691867828369
0.099935054779053
0.10787677764893
0.097595930099487
0.10113382339478
0.10325694084167
0.094405174255371
0.094035863876343
0.095930099487305
0.10875296592712
0.097838163375854
0.093446969985962
0.09942102432251
0.10305595397949
0.093809843063354
0.090344190597534
0.10123920440674
0.092090845108032
0.097862958908081
0.098083019256592
0.094571113586426
0.093580961227417
0.09001088142395
0.093267917633057
0.092021942138672
0.097518920898438
0.097824096679688
0.095593214035034
0.099510908126831
0.10264682769775
0.093048095703125
0.12453699111938
0.093342781066895
0.09448504447937
0.10087394714355
0.10371708869934
0.096395015716553
0.095715999603271
0.10945701599121
0.093043088912964
0.093122005462646
0.098623037338257
0.093043088912964
0.08934497833252
0.09492015838623
0.10435891151428
0.10505390167236
0.096127033233643
0.088821887969971
0.091965913772583
0.096770048141479
0.090960025787354
0.090539216995239
0.096002101898193
0.10551714897156
0.093842029571533
0.096940040588379
0.093794822692871
0.1045560836792
0.10350608825684
0.091436147689819
0.09879207611084
0.091479063034058
0.092392921447754
0.10747599601746
0.10459589958191
0.096959829330444
0.10603022575378
0.094341039657593
0.098327875137329
0.090811014175415
0.11991381645203
0.10768485069275
0.093815088272095
0.10549402236938
0.090441942214966
0.09592604637146
0.39390397071838
0.091578006744385
0.094958066940308
0.10517406463623
0.1002938747406
0.10153818130493
0.09201717376709
0.10933589935303
0.098603963851929
0.094146966934204
0.094053030014038
0.1054790019989
0.097176074981689
0.097866058349609
0.096843004226685
0.097930192947388
0.098607063293457
0.10285496711731
0.097353935241699
0.088932037353516
0.093605041503906
0.095040082931519
0.089308977127075
0.099401950836182
0.10182189941406
0.10835099220276
0.097200155258179
0.10417294502258
0.10233306884766
0.10197305679321
0.090646028518677
0.098532915115356
0.096588134765625
0.092311859130859
0.097562074661255
0.098230123519897
0.095273017883301
0.097985982894897
0.098571062088013
0.10597395896912
0.11092710494995
0.10107898712158
0.099956035614014
0.090060949325562
0.099968910217285
0.08937406539917
0.10045981407166
0.094340085983276
0.091670036315918
0.20839309692383
0.097222089767456
0.095675945281982
0.092521905899048
0.093416213989258
0.097098827362061
0.089964866638184
0.095359086990356
0.097131013870239
0.095212936401367
0.093184947967529
0.096433877944946
0.091564893722534
0.091469049453735
0.090602159500122
0.093708038330078
0.09276008605957
0.12596702575684
0.10629987716675
0.10582804679871
0.10053515434265
0.095891952514648
0.096893072128296
0.10016798973083
0.093624114990234
0.093598127365112
0.098098993301392
0.103590965271
0.093457937240601
0.095618963241577
0.089322090148926
0.096529006958008
0.089663028717041
0.097820997238159
0.098779916763306
0.095756053924561
0.10726284980774
0.092329025268555
0.14512515068054
0.10260200500488
0.094877958297729
0.0951988697052
0.093467235565186
0.099640846252441
0.099277973175049
0.09934401512146
0.10128116607666
0.10278105735779
0.1000759601593
0.10826396942139
0.091731786727905
0.10135793685913
0.089804172515869
0.096585035324097
0.10256481170654
0.091041088104248
0.091476917266846
0.099746942520142
0.095728874206543
0.096335172653198
0.10710716247559
0.09684681892395
0.09227991104126
0.09667706489563
0.10217094421387
0.098836183547974
0.092012882232666
0.15320014953613
0.091840028762817
0.096626996994019
0.097538948059082
0.11073303222656
0.12076306343079
0.1029109954834
0.097288131713867
0.11002397537231
0.09515905380249
0.10296201705933
0.094577074050903
0.10033893585205
0.097551822662354
0.09252405166626
0.093549966812134
0.10279488563538
0.094702005386353
0.096431016921997
0.10355091094971
0.097373962402344
0.093374013900757
0.095283031463623
0.10054302215576
0.099959850311279
0.099637031555176
0.093957901000977
0.096309900283813
0.09111213684082
0.094949007034302
0.094856977462769
0.10661005973816
0.095677852630615
0.10174608230591
0.095712900161743
0.10500407218933
0.10874199867249
0.095510005950928
0.098952054977417
0.099848985671997
0.093679189682007
0.091527938842773
0.10553288459778
0.10032105445862
0.099016189575195
0.096655130386353
0.10204696655273
0.10046720504761
0.099977016448975
0.10158395767212
0.10075688362122
0.093016862869263
0.097049951553345
0.099422931671143
0.094234943389893
0.095707178115845
0.10496377944946
0.099050998687744
0.10187602043152
0.099931001663208
0.092913150787354
0.098262071609497
0.10008597373962
0.095345973968506
0.092850923538208
0.10138201713562
0.10187315940857
0.10205411911011
0.10619306564331
0.10028314590454
0.10209894180298
0.10203313827515
0.10671710968018
0.10177707672119
0.098015069961548
0.10557317733765
0.10113406181335
0.098434925079346
0.099763154983521
0.10556411743164
0.096290826797485
0.098078012466431
0.1017918586731
0.10479521751404
0.099834203720093
0.089707851409912
0.094025850296021
0.092494964599609
0.11155891418457
0.09579610824585
0.10765194892883
0.094220876693726
0.091300964355469
0.096307039260864
0.09751296043396
0.098008155822754
0.1054630279541
0.097697973251343
0.097094058990479
0.10282397270203
0.11218786239624
0.10501194000244
0.090908050537109
0.097579002380371
0.095864057540894
0.10269498825073
0.096634149551392
0.10854578018188
0.094389915466309
0.093759059906006
0.099776983261108
0.092823028564453
0.098706960678101
0.099822998046875
0.093400001525879
0.097952127456665
0.10093092918396
0.092813968658447
0.10063004493713
0.099008083343506
0.095985889434814
0.10191702842712
0.10316920280457
0.1124050617218
0.098664045333862
0.09716796875
0.099739074707031
0.094346046447754
0.10936498641968
0.095545053482056
0.1105649471283
0.098948001861572
0.094896078109741
0.0923171043396
0.10553097724915
0.095438957214355
0.094218969345093
0.10216999053955
0.2022750377655
0.097239017486572
0.094066143035889
0.099598169326782
0.094621896743774
0.093703985214233
0.094924926757812
0.093575000762939
0.094732046127319
0.10710215568542
0.094695806503296
0.093108177185059
0.1005539894104
0.10505700111389
0.096051931381226
0.10261297225952
0.092016935348511
0.099666833877563
0.09650993347168
0.092460870742798
0.099086999893188
0.097195863723755
0.093832969665527
0.09383487701416
0.10101008415222
0.1226749420166
0.10355997085571
0.097800970077515
0.096524000167847
0.10285592079163
0.092819929122925
0.09853196144104
0.097974061965942
0.10927987098694
0.095832109451294
0.095532894134521
0.097104072570801
0.11172890663147
0.090908050537109
0.089908838272095
0.10289692878723
0.096672058105469
0.10428619384766
0.10688805580139
0.090791940689087
0.098123073577881
0.10006809234619
0.099934101104736
0.10051488876343
0.1125819683075
0.094254016876221
0.10202097892761
0.096168041229248
0.093594074249268
0.095536947250366
0.08842396736145
0.094399929046631
0.095428943634033
0.10281300544739
0.099442005157471
0.094819784164429
0.09848690032959
0.092638969421387
0.097687959671021
0.10490202903748
0.1007719039917
0.10600304603577
0.093596935272217
0.09420919418335
0.095338106155396
0.094542026519775
0.094619035720825
0.089900016784668
0.092260837554932
0.092865943908691
0.094245910644531
0.096586942672729
0.097593069076538
0.099149942398071
0.09550404548645
0.098939895629883
0.096905946731567
0.095002889633179
0.09292197227478
0.097832918167114
0.097281932830811
0.11478495597839
0.094261884689331
4.0019700527191
0.094996929168701
0.10419082641602
0.10390400886536
0.095931053161621
0.09318995475769
0.094969034194946
0.11450910568237
0.099957942962646
0.11654782295227
0.095252990722656
0.10105299949646
0.092846155166626
0.093602895736694
0.095969915390015
0.10592079162598
0.10631394386292
0.092509031295776
0.095432043075562
0.092906951904297
0.098114013671875
0.095071077346802
0.096880912780762
0.094836235046387
0.099177122116089
0.10156297683716
0.091462135314941
0.092236042022705
0.094038963317871
0.10608100891113
0.096000909805298
0.0991530418396
0.090054988861084
0.099077939987183
0.11274099349976
0.096263885498047
0.11248421669006
0.10315895080566
0.10817790031433
0.098253965377808
0.088665962219238
0.096985816955566
0.10124516487122
0.11281299591064
0.09638500213623
0.093386888504028
0.091629028320312
0.098545789718628
0.09004807472229
0.095452070236206
0.093955993652344
0.094829082489014
0.09981107711792
0.10999798774719
0.11223101615906
0.12017512321472
0.10135102272034
0.10985612869263
0.092474937438965
0.10664987564087
0.10108399391174
0.10087895393372
0.089574813842773
0.10068678855896
0.10086107254028
0.095728874206543
0.096944808959961
0.098176002502441
0.09709906578064
0.10724997520447
0.10481595993042
0.096020936965942
0.093469142913818
0.096981048583984
0.10227394104004
0.093670129776001
0.093260049819946
0.091086864471436
0.10729503631592
0.10177111625671
0.093001842498779
0.097770214080811
0.09415602684021
0.095633983612061
0.092139005661011
0.095881938934326
0.093628883361816
0.10419607162476
0.11829304695129
0.10733294487
0.098341941833496
0.094794988632202
0.095803022384644
0.095314025878906
0.10408806800842
0.09822416305542
0.094749927520752
0.098834037780762
0.095262050628662
0.095643043518066
0.097305059432983
0.096678018569946
0.099841833114624
0.098165035247803
0.094156980514526
0.10138487815857
0.10496807098389
0.10221791267395
0.097238063812256
0.097313165664673
0.091603994369507
0.10598015785217
0.10399293899536
0.10257077217102
0.21590209007263
0.095536947250366
0.099418163299561
0.10322189331055
0.096978902816772
0.10159492492676
0.093946933746338
0.097288846969604
0.088428020477295
0.095940113067627
0.097606182098389
0.093159198760986
0.11880779266357
0.10133600234985
0.098022937774658
0.10249304771423
0.1044921875
0.097807168960571
0.09456992149353
0.090344905853271
0.096223115921021
0.092195987701416
0.096865177154541
0.10911917686462
0.096765995025635
0.1062650680542
0.09266185760498
0.10032916069031
0.11737108230591
0.10608005523682
0.10171604156494
0.099590063095093
0.1000919342041
0.091645002365112
0.093366146087646
0.093011140823364
0.1037290096283
0.096399068832397
0.095523834228516
0.095544099807739
0.096709966659546
0.098323106765747
0.095408916473389
0.095873832702637
0.09795093536377
0.10206913948059
0.097184896469116
0.091871976852417
0.094092130661011
0.094377994537354
0.10264015197754
0.10269379615784
0.097135066986084
0.097821950912476
0.090835094451904
0.095652103424072
0.10371398925781
0.0901939868927
0.099647998809814
0.090667963027954
0.096404075622559
0.096901893615723
0.10681104660034
0.10269403457642
0.10083103179932
0.10103106498718
0.094768047332764
0.10895109176636
0.098250865936279
0.10018396377563
0.096081972122192
0.09634804725647
0.10266304016113
0.095200061798096
0.091603994369507
0.10643887519836
0.091969966888428
0.094103097915649
0.11090302467346
0.11728000640869
0.10996103286743
0.10202813148499
0.090378046035767
0.098779916763306
0.092280149459839
0.10460996627808
0.097786903381348
0.10167407989502
0.11193609237671
0.097650051116943
0.094606161117554
0.11449599266052
0.097563028335571
0.097787857055664
0.10138487815857
0.09122896194458
0.09526801109314
0.10676121711731
0.10029697418213
0.092923164367676
0.10068202018738
0.098165988922119
0.12524890899658
0.10435199737549
0.10120296478271
0.089739084243774
0.09312891960144
0.098394870758057
0.10728096961975
0.098337173461914
0.095904111862183
0.10312604904175
0.10105800628662
0.10368895530701
0.093379020690918
0.098333835601807
0.096997976303101
0.099797010421753
0.08707594871521
0.096119165420532
0.097661972045898
0.097660064697266
0.092214822769165
0.10572004318237
0.098127126693726
0.097330808639526
0.098909139633179
0.11987900733948
0.092007875442505
0.098481893539429
0.10688591003418
0.094736099243164
0.090620040893555
0.096787929534912
0.10427498817444
0.09778904914856
0.094868898391724
0.093924045562744
0.099723100662231
0.097019910812378
0.097259998321533
0.089014053344727
0.11903190612793
0.099256992340088
0.098127126693726
0.10776996612549
0.094121932983398
0.10142207145691
0.090695858001709
0.10387301445007
0.089926958084106
0.092067003250122
0.091240167617798
0.09244704246521
0.096224069595337
0.10415101051331
0.094836950302124
0.087558031082153
0.10220003128052
0.10214495658875
0.093698024749756
0.098399877548218
0.13283491134644
0.10182499885559
0.095643043518066
0.099782943725586
0.10063886642456
0.099793910980225
0.11291193962097
0.1054961681366
0.10935592651367
0.10389590263367
0.09346604347229
0.3170530796051
0.30625891685486
0.097000122070312
0.10722398757935
0.095695972442627
0.095097064971924
0.10885906219482
0.10160803794861
0.10014200210571
0.092801094055176
0.095669031143188
0.10510396957397
0.099002838134766
0.10025906562805
0.11651992797852
0.095685005187988
0.091482877731323
0.10864901542664
0.097419023513794
0.11996388435364
0.099495887756348
0.10024309158325
0.091216087341309
0.10059785842896
0.093048810958862
0.10135006904602
0.093858957290649
0.099762916564941
0.10056591033936
0.099522113800049
0.11721086502075
0.089813947677612
0.091461896896362
0.096931934356689
0.14711999893188
0.10225510597229
0.10064911842346
0.097251892089844
0.09458589553833
0.091382026672363
0.098648071289062
0.12916898727417
0.094438076019287
0.11210203170776
0.10017895698547
0.10477304458618
0.091915130615234
0.11421585083008
0.1140239238739
0.10999488830566
0.10094881057739
0.095720052719116
0.09977912902832
0.10026812553406
0.098835945129395
0.10662913322449
0.096019983291626
0.096307039260864
0.096803188323975
0.093703031539917
0.095225095748901
0.10084891319275
0.09200382232666
0.098927021026611
0.089765071868896
0.10102796554565
0.098737955093384
0.1006498336792
0.097102165222168
0.099383115768433
0.096499919891357
0.093652009963989
0.10494899749756
0.10337996482849
0.10193705558777
0.10330677032471
0.092813014984131
0.10032486915588
0.091202020645142
0.09511399269104
0.10016703605652
0.10185813903809
0.095071077346802
0.1087920665741
0.10402297973633
0.15474796295166
0.09186315536499
0.093798875808716
0.093863010406494
0.11875414848328
0.10473418235779
0.094093084335327
0.098137140274048
0.09483003616333
0.092443943023682
0.091464996337891
0.099133968353271
0.094599962234497
0.095340013504028
0.10453391075134
0.094040870666504
0.093940019607544
0.09578013420105
0.09607982635498
0.094571113586426
0.094206094741821
0.094772100448608
0.091223001480103
0.099630117416382
0.095586061477661
0.088397979736328
0.094259023666382
0.092397928237915
0.097710132598877
0.096819162368774
0.090213775634766
0.092977046966553
0.094772100448608
0.095929145812988
0.10563802719116
0.094465017318726
0.092319011688232
0.089786052703857
0.098219871520996
0.10181307792664
0.1004900932312
0.094506978988647
0.093002080917358
0.090758085250854
0.10065889358521
0.09674596786499
0.091257095336914
0.10112285614014
0.099142074584961
0.090578079223633
0.097347021102905
0.092756032943726
0.092414140701294
0.095874071121216
0.098112821578979
0.089298009872437
0.093833923339844
0.10455298423767
0.09434700012207
0.093923091888428
0.10091495513916
0.096433162689209
0.12360191345215
0.097476005554199
0.10454320907593
0.091848134994507
0.098790168762207
0.088579177856445
0.096719980239868
0.095687866210938
0.098029851913452
0.091192007064819
0.11251497268677
0.093422174453735
0.098085880279541
0.093419790267944
0.096223831176758
0.093854904174805
0.093092918395996
0.098968029022217
0.099081993103027
0.1031539440155
0.098489999771118
0.10145807266235
0.096894979476929
0.095355033874512
0.10574698448181
0.095890045166016
0.11024689674377
0.099112987518311
0.10135912895203
0.098757982254028
0.10361504554749
0.096850156784058
0.10436511039734
0.10636806488037
0.089913129806519
0.10117197036743
0.093975067138672
0.096382141113281
0.091465950012207
0.098249197006226
0.097891807556152
0.096909999847412
0.093070030212402
0.093430042266846
0.089905023574829
0.093544960021973
0.097342014312744
0.091676950454712
0.095737934112549
0.096984148025513
0.090196847915649
0.097631931304932
0.096916913986206
0.096068143844604
0.096394062042236
0.091928958892822
0.09626293182373
0.097785949707031
0.10651111602783
0.095395088195801
0.10475587844849
0.091446876525879
0.096302032470703
0.092544078826904
0.092069864273071
0.096159934997559
0.097334861755371
0.095861196517944
0.09621000289917
0.10618901252747
0.10207414627075
0.32586908340454
0.1062388420105
0.09801197052002
0.093140125274658
0.097599983215332
0.10212206840515
0.098928213119507
0.096621036529541
0.093358993530273
0.092613935470581
0.098067998886108
0.094597101211548
0.092565059661865
0.094757795333862
0.096820831298828
0.10353302955627
0.095011949539185
0.10617804527283
0.096062183380127
0.096384048461914
0.090853929519653
0.095776081085205
0.096101999282837
0.091351985931396
0.093512058258057
0.10831618309021
0.1002368927002
0.1018979549408
0.10087108612061
0.091423034667969
0.096776962280273
0.15935707092285
0.090734004974365
0.096482992172241
0.098577976226807
0.093372821807861
0.09470009803772
0.095510005950928
0.10171008110046
0.094322919845581
0.097932815551758
0.10271096229553
0.097933053970337
0.0957350730896
0.10401797294617
0.094051122665405
0.10714983940125
0.10618996620178
0.093868017196655
0.10319900512695
0.094328880310059
0.094755887985229
0.09783411026001
0.10152721405029
0.095535039901733
0.099409103393555
0.095139026641846
0.1185200214386
0.096153020858765
0.10349607467651
0.095487117767334
0.10427308082581
0.096581935882568
0.10250878334045
0.10086488723755
0.096168041229248
0.092417001724243
0.095094919204712
0.097252130508423
0.097683906555176
0.11480116844177
0.101881980896
0.095873832702637
0.09254789352417
0.097219944000244
0.096462965011597
0.11014914512634
0.11442804336548
0.10038685798645
0.09539794921875
0.092360019683838
0.10166788101196
0.095813989639282
0.10388398170471
0.09461498260498
0.096272945404053
0.091300010681152
0.093536853790283
0.091724872589111
0.098242998123169
0.10723614692688
0.12456798553467
0.092643022537231
0.091737031936646
0.092180013656616
0.090282917022705
0.092673063278198
0.095554113388062
0.095713138580322
0.093464851379395
0.096529006958008
0.092181921005249
0.090610027313232
0.095314025878906
0.11573314666748
0.09845495223999
0.096841096878052
0.099637985229492
0.092331886291504
0.10151195526123
0.090150117874146
0.09816312789917
0.093518972396851
0.096928119659424
0.093893051147461
0.089353084564209
0.11247611045837
0.091614007949829
0.10214495658875
0.095282077789307
0.090532064437866
0.093252897262573
0.092121839523315
0.12083315849304
0.094615936279297
0.092653036117554
0.10049796104431
0.098345994949341
0.10017609596252
0.097506999969482
0.095379114151001
0.09688401222229
0.094554901123047
0.093884944915771
0.096871137619019
0.095278024673462
0.12083005905151
0.10270810127258
0.095425844192505
0.09990382194519
0.13584089279175
0.089946985244751
0.098544836044312
0.10390090942383
0.10263299942017
0.099093914031982
0.091913938522339
0.10082817077637
0.090200185775757
0.097377061843872
0.092797994613647
0.10336399078369
0.097522974014282
0.10264110565186
0.092995882034302
0.099887847900391
0.094133138656616
0.094005107879639
0.10438394546509
0.089487075805664
0.10009002685547
0.092176914215088
0.10205984115601
0.095614910125732
0.098296880722046
0.090187072753906
0.098725080490112
0.098223924636841
0.10918021202087
0.096719026565552
0.093655109405518
0.1008780002594
0.093008041381836
0.1042628288269
0.10609817504883
0.092749118804932
0.092888116836548
0.10266900062561
0.093708038330078
0.10425114631653
0.093035936355591
0.10388803482056
0.098924160003662
0.098150968551636
0.092259883880615
0.093563079833984
0.095281839370728
0.092638969421387
0.30506300926208
0.095811128616333
0.10282182693481
0.097769021987915
0.10167717933655
0.10261988639832
0.099442958831787
0.10096597671509
0.10989809036255
0.10045409202576
0.1075599193573
0.10349988937378
0.094438791275024
0.10691499710083
0.10953998565674
0.097473859786987
0.094045877456665
0.097108125686646
0.097493886947632
0.11009287834167
0.09423303604126
0.09885311126709
0.091640949249268
0.098497867584229
0.099504947662354
0.098737955093384
0.10665702819824
0.15276503562927
0.10408306121826
0.096322059631348
0.10031199455261
0.093972206115723
0.09925389289856
0.10566902160645
0.098820209503174
0.091026067733765
0.094743967056274
0.093585014343262
0.097073078155518
0.1013240814209
0.089641094207764
0.092750787734985
0.10145497322083
0.097198963165283
0.096079111099243
0.09748101234436
0.098325967788696
0.10311388969421
0.1058521270752
0.096530914306641
0.094145059585571
0.093338012695312
0.091115951538086
0.10061001777649
0.093600034713745
0.093930959701538
0.0974280834198
0.095919847488403
0.095621109008789
0.089502096176147
0.091018915176392
0.095489025115967
0.10627102851868
0.093406200408936
0.09817910194397
0.094070196151733
0.092880010604858
0.095504999160767
0.094299077987671
0.096072912216187
0.091239929199219
0.092180013656616
0.099179983139038
0.09611701965332
0.11047101020813
0.10316109657288
0.091640949249268
0.094895839691162
0.095858097076416
0.098096132278442
0.10469198226929
0.094215869903564
0.099860906600952
0.093943119049072
0.093117952346802
0.10147285461426
0.090097904205322
0.099066019058228
0.092045068740845
1.0998730659485
0.096572875976562
0.094367980957031
0.0903160572052
0.09473705291748
0.094841003417969
0.090650796890259
0.099203109741211
0.095133066177368
0.089383840560913
0.093456983566284
0.093228816986084
0.089975118637085
0.096344947814941
0.098660945892334
0.097421884536743
0.090004920959473
0.091036081314087
0.093436002731323
0.09248685836792
0.090447902679443
0.090950012207031
0.098442077636719
0.10101389884949
0.10287594795227
0.097409963607788
0.094041109085083
0.097455978393555
0.095448970794678
0.093902826309204
0.091225862503052
0.099930047988892
0.10486102104187
0.11066508293152
0.089818954467773
0.088618040084839
0.098206996917725
0.10131216049194
0.091291904449463
0.098073959350586
0.10074400901794
0.10034489631653
0.093638181686401
0.10288500785828
0.089614868164062
0.10543704032898
0.092602968215942
0.094259977340698
0.10388708114624
0.092257976531982
0.093367099761963
0.092108964920044
0.099009037017822
0.097254037857056
0.095004796981812
0.097026824951172
0.098549842834473
0.094537019729614
0.091880798339844
0.10298418998718
0.097877025604248
0.091305017471313
0.10299682617188
0.09210205078125
0.098169088363647
0.092479944229126
0.095399856567383
0.10291385650635
0.10075807571411
0.095010995864868
0.097103118896484
0.10398697853088
0.093899965286255
0.10807204246521
0.1085000038147
0.10547399520874
0.10614681243896
0.095383167266846
0.10002398490906
0.090373992919922
0.10101079940796
0.092248916625977
0.097149133682251
0.095951080322266
0.10013198852539
0.09493088722229
0.090977907180786
0.10018396377563
0.092156887054443
0.099020004272461
0.10809922218323
0.096446990966797
0.10261607170105
0.10123205184937
0.10622596740723
0.098052978515625
0.098350048065186
0.10154104232788
0.1114649772644
0.091868162155151
0.093400001525879
0.092730045318604
0.091118097305298
0.096022844314575
0.095326900482178
0.1047351360321
0.093614101409912
0.11303305625916
0.092833042144775
0.11480402946472
0.1047580242157
0.097765207290649
0.10772299766541
0.093997001647949
0.095629930496216
0.091849803924561
0.10016798973083
0.099569082260132
0.094009876251221
0.10236215591431
0.09334397315979
0.091811895370483
0.099739074707031
0.099653959274292
0.099248886108398
0.10750102996826
3.530620098114
0.091232061386108
0.099492073059082
0.096590042114258
0.1014130115509
0.093558073043823
0.09461498260498
0.097800016403198
0.10382080078125
0.093857049942017
0.096632957458496
0.09863018989563
0.094866037368774
0.087641000747681
0.09201979637146
0.097355127334595
0.098366022109985
0.094162940979004
0.097023010253906
0.1075758934021
0.092511892318726
0.094637870788574
0.10446310043335
0.11838603019714
0.099804878234863
0.093196868896484
0.097646951675415
0.094488143920898
0.093589067459106
0.096820831298828
0.098717927932739
0.097946166992188
0.096105098724365
0.099555015563965
0.098532915115356
0.091401100158691
0.090970039367676
0.097215175628662
0.099379062652588
0.096565008163452
0.090060949325562
0.096016883850098
0.095309019088745
0.091958999633789
0.099330902099609
0.090291023254395
0.092840909957886
0.22284889221191
0.096545934677124
0.097965955734253
0.093175888061523
0.10600304603577
0.10047292709351
0.09871506690979
0.10538005828857
0.094844102859497
0.090971946716309
0.10445380210876
0.094210863113403
0.098492860794067
0.097102880477905
0.094043016433716
0.10108590126038
0.096659898757935
0.092309951782227
0.091989994049072
0.093865156173706
0.11308789253235
0.090291023254395
0.095739126205444
0.09669017791748
0.092404842376709
0.09771203994751
0.090310096740723
0.1038990020752
0.09732985496521
0.10344004631042
0.10263109207153
0.09308385848999
0.10322499275208
0.091714143753052
0.090291976928711
0.093713045120239
0.092810869216919
0.091583967208862
0.098776817321777
0.094851970672607
0.099594116210938
0.091855049133301
0.09624719619751
0.099772930145264
0.099079847335815
0.092881917953491
0.090855121612549
0.095454931259155
0.09434986114502
0.090994119644165
0.10039210319519
0.090628147125244
0.087922811508179
0.096135854721069
0.10885810852051
0.092131853103638
0.094583034515381
0.09321403503418
0.10128498077393
0.095709085464478
0.092344045639038
0.099189043045044
0.10514783859253
0.094896078109741
0.099288940429688
0.10175800323486
0.094474792480469
0.1011118888855
0.09419322013855
0.093268871307373
0.094074964523315
0.12085294723511
0.096065044403076
0.095885992050171
0.089879035949707
0.091532945632935
0.093322992324829
0.092107057571411
0.09463095664978
0.10144400596619
0.090648174285889
0.097627878189087
0.098289012908936
0.093475103378296
0.093481063842773
0.097281932830811
0.097005128860474
0.10329294204712
0.092036962509155
0.094564914703369
0.091420888900757
0.10740995407104
0.10235404968262
0.097120046615601
0.095878124237061
0.10442495346069
0.091355085372925
0.092140913009644
0.10640406608582
0.09856104850769
0.099241018295288
0.096373081207275
0.099503040313721
0.09615421295166
0.09532904624939
0.098445177078247
0.095715999603271
0.091778039932251
0.097373008728027
0.094645977020264
0.091186046600342
0.097564935684204
0.096086025238037
0.10166215896606
0.094974040985107
0.09254789352417
0.098026990890503
0.097687005996704
0.095074892044067
0.094742059707642
0.090821027755737
0.10378885269165
0.098392009735107
0.098551034927368
0.096626996994019
0.10552406311035
0.097388029098511
0.095077037811279
0.10434794425964
0.097597122192383
0.0989990234375
0.096073865890503
0.095509052276611
0.10484099388123
0.1006600856781
0.1045138835907
0.10415816307068
0.097846031188965
0.089555978775024
0.09434700012207
0.11109900474548
0.098611831665039
0.10853505134583
0.10229802131653
0.09984016418457
0.097962856292725
0.093831062316895
0.097177028656006
0.1076979637146
0.10582709312439
0.12147903442383
0.10506200790405
0.093789100646973
0.091763973236084
0.096688985824585
0.098267078399658
0.094600200653076
0.10158395767212
0.097431182861328
0.094804048538208
0.090951919555664
0.099581003189087
0.099579095840454
0.094104051589966
0.095189094543457
0.091708898544312
0.10507297515869
0.097266912460327
0.092655897140503
0.10143089294434
0.10960483551025
0.092055082321167
0.1052610874176
0.098562002182007
0.095482110977173
0.11535310745239
0.096127033233643
0.10243201255798
0.10500192642212
0.10199904441833
0.097486972808838
0.10081100463867
0.10079908370972
0.10098910331726
0.097431898117065
0.093196868896484
0.10046792030334
0.091404914855957
0.10297203063965
0.12982201576233
0.10321187973022
0.092987060546875
0.102942943573
0.10047721862793
0.10027599334717
0.094187021255493
0.10536909103394
0.096858978271484
0.10623383522034
0.094836950302124
0.10017013549805
0.097645998001099
0.11394000053406
0.10191702842712
0.091006994247437
0.096449136734009
0.10934209823608
0.12977814674377
0.098656177520752
0.094666957855225
0.091320991516113
0.10756397247314
0.10256791114807
0.09490704536438
0.091607809066772
0.10290598869324
0.10061717033386
0.095966100692749
0.092242002487183
0.10049796104431
0.10148596763611
0.1042640209198
0.099334001541138
0.10361480712891
0.094886064529419
0.096932172775269
0.1066210269928
0.099233865737915
0.092248916625977
0.094390153884888
0.10419297218323
0.10167694091797
0.090913057327271
0.098451137542725
0.096884965896606
0.10271215438843
0.1053512096405
0.095338821411133
0.10057401657104
0.098980188369751
0.09860897064209
0.090561866760254
0.099681854248047
0.1051971912384
0.10209608078003
0.092753887176514
0.099821090698242
0.096687078475952
0.096142053604126
0.092312097549438
0.098657846450806
0.093334913253784
0.097567081451416
0.10424780845642
0.098998069763184
0.10806608200073
0.09907603263855
0.096062898635864
0.1024329662323
0.10170388221741
0.090038061141968
0.096802949905396
0.095461130142212
0.10173892974854
0.10053491592407
0.092977046966553
0.096736907958984
0.09235405921936
0.098129987716675
0.10148811340332
0.10550785064697
0.094048976898193
0.090196132659912
0.08949089050293
0.091737031936646
0.091369152069092
0.10391092300415
0.11078906059265
0.095353126525879
0.097919940948486
0.10143709182739
0.10209107398987
0.092973947525024
0.09921407699585
0.088577032089233
0.10109710693359
0.1224889755249
0.10040497779846
0.097254991531372
0.13013410568237
0.098845958709717
0.10000586509705
0.099174022674561
0.097127199172974
0.10466909408569
0.10731601715088
0.10062289237976
0.10092902183533
0.09895396232605
0.10274195671082
0.099343776702881
0.097558975219727
0.10855007171631
0.12006402015686
0.10334396362305
0.10261917114258
0.095528125762939
0.10981297492981
0.093954801559448
0.10232210159302
0.093659162521362
0.095399141311646
0.099994897842407
0.099303960800171
0.097203969955444
0.1067259311676
0.096662998199463
0.10279583930969
0.094630002975464
0.10378980636597
0.15811491012573
0.11469411849976
0.11374688148499
0.09338903427124
0.096138000488281
0.095136880874634
0.093874931335449
0.11637902259827
0.097241163253784
0.092596054077148
0.09168004989624
0.10512685775757
0.096842050552368
0.11390590667725
0.09928297996521
0.10329103469849
0.094789028167725
0.094195127487183
0.099442958831787
0.10141587257385
0.09529709815979
0.087946891784668
0.098567962646484
0.093816995620728
0.093894958496094
0.10246801376343
0.10075616836548
0.10134387016296
0.10069894790649
0.094420909881592
0.095113039016724
0.093111991882324
0.10502004623413
0.096707105636597
0.09929895401001
0.10971403121948
0.10956597328186
0.093826055526733
0.09883189201355
0.095490217208862
0.09492301940918
0.092494010925293
0.095690965652466
0.094375848770142
0.10065507888794
0.10200309753418
0.096837043762207
0.096463918685913
0.11536812782288
0.11261606216431
0.093775033950806
0.098895072937012
0.095504999160767
0.097566843032837
0.096264123916626
0.09325385093689
0.094743967056274
0.094793081283569
0.10039901733398
0.091218948364258
0.091941833496094
0.10660099983215
0.10752606391907
0.097097873687744
0.095976829528809
0.10574316978455
0.10306596755981
0.096433877944946
0.1048150062561
0.091954946517944
0.096555948257446
0.10242414474487
0.097608089447021
0.11802101135254
0.096609115600586
0.090693950653076
0.10806584358215
0.096631050109863
0.094807863235474
0.10866785049438
0.098589897155762
0.091758012771606
0.094547986984253
0.093339920043945
0.098599910736084
0.093785047531128
0.10048985481262
0.099152088165283
0.094712018966675
0.099801063537598
0.094841003417969
0.090432167053223
0.10226202011108
0.095722913742065
0.099337100982666
0.097389936447144
0.09909200668335
0.10812997817993
0.094220876693726
0.094985961914062
0.091336011886597
0.098577976226807
0.09553599357605
0.096425771713257
0.094228982925415
0.098532915115356
0.093883991241455
0.10223698616028
0.10197496414185
0.1013879776001
0.096997022628784
0.091399192810059
0.094207048416138
0.10201001167297
0.098108053207397
0.09148383140564
0.10132908821106
0.096698999404907
0.098201036453247
0.11236691474915
0.10662913322449
0.093206167221069
0.13119888305664
0.097668886184692
0.10135889053345
0.097016096115112
0.096330165863037
0.095266819000244
0.099305152893066
0.09811806678772
0.098383188247681
0.10381102561951
0.099097967147827
0.11121606826782
0.093522071838379
0.099946975708008
0.092184066772461
0.098960876464844
0.097630023956299
0.093348979949951
0.091382026672363
0.11434698104858
0.097754955291748
0.090389013290405
0.091403007507324
0.10022902488708
0.10060596466064
0.10719990730286
0.092721939086914
0.10327100753784
0.090826988220215
0.095973968505859
0.098407030105591
0.092617034912109
0.095372915267944
0.10710096359253
0.11334800720215
0.14019298553467
0.099320888519287
0.098634958267212
0.096704006195068
0.095303058624268
0.1006920337677
0.10718607902527
0.099908828735352
0.099971055984497
0.092501878738403
0.090860843658447
0.093558073043823
0.1072690486908
0.096698999404907
0.098405838012695
0.095212936401367
0.09355902671814
0.095077037811279
0.096398115158081
0.094109058380127
0.094436883926392
0.10093283653259
0.098558902740479
0.092490911483765
0.090346097946167
0.093563795089722
0.10237288475037
0.096982955932617
0.092782974243164
0.095132112503052
0.10963916778564
0.088354825973511
0.092952966690063
0.09510612487793
0.096751928329468
0.099674940109253
0.099874973297119
0.0970778465271
0.10387802124023
0.091979026794434
0.099717855453491
0.089577913284302
0.1007227897644
0.096386194229126
0.091769933700562
0.10416197776794
0.098254919052124
0.10377097129822
0.095008134841919
0.097549915313721
0.10732102394104
0.094436883926392
0.091211080551147
0.10643100738525
0.092907905578613
0.092406034469604
0.10833287239075
0.11311411857605
0.1090841293335
4.0015671253204
0.096337080001831
0.097508907318115
0.096916913986206
0.094589948654175
0.092316150665283
0.10026407241821
0.13035798072815
0.094367027282715
0.098031997680664
0.092891931533813
0.090231895446777
0.098695993423462
0.10114288330078
0.090816020965576
0.1028048992157
0.093286991119385
0.094929933547974
0.096245050430298
0.095569849014282
0.098762035369873
0.098709106445312
0.092605829238892
0.093228816986084
0.10006880760193
0.10141897201538
0.099149942398071
0.10142493247986
0.10548782348633
0.1003839969635
0.099738836288452
0.10411310195923
0.10924696922302
0.10786104202271
0.091289043426514
0.097046852111816
0.090967893600464
0.099613904953003
0.09136700630188
0.15979695320129
0.098081111907959
0.10265898704529
0.11048603057861
0.095257043838501
0.10429096221924
0.10648894309998
0.095918893814087
0.098151922225952
0.098818063735962
0.096694946289062
0.096168041229248
0.097502946853638
0.098790168762207
0.092221021652222
0.1067910194397
0.10282802581787
0.094636917114258
0.10471701622009
0.10074400901794
0.095700979232788
0.093493938446045
0.096151113510132
0.095396995544434
0.091946840286255
0.098979949951172
0.096590995788574
0.093168973922729
0.095741987228394
0.11123895645142
0.090321063995361
0.098618984222412
0.10278105735779
0.10563015937805
0.093425989151001
0.097996950149536
0.097821950912476
0.10611796379089
0.095700025558472
0.09418511390686
0.092559099197388
0.09495997428894
0.14438986778259
0.093482971191406
0.097630023956299
0.10778903961182
0.1082489490509
0.092468976974487
0.095432996749878
0.093493938446045
0.1038281917572
0.15855288505554
0.095040082931519
0.11635303497314
0.089066028594971
0.10338687896729
0.11811089515686
0.091923952102661
0.10451602935791
0.10056591033936
0.091875076293945
0.095341205596924
0.096246004104614
0.09928297996521
0.092703104019165
0.10761785507202
0.097048997879028
0.09424090385437
0.096789121627808
0.11234998703003
0.097595930099487
0.097939014434814
0.094178915023804
0.10311794281006
0.090973138809204
0.09626293182373
0.099171876907349
0.098695993423462
0.11115789413452
0.11044406890869
0.10643815994263
0.089316844940186
0.094269990921021
0.097519159317017
0.099689960479736
0.098544120788574
0.1073591709137
0.097295045852661
0.098278999328613
0.091805934906006
0.096170902252197
0.094210147857666
0.097429037094116
0.09831690788269
0.10430002212524
0.11030697822571
0.10323691368103
0.098864078521729
0.099159955978394
0.092733144760132
0.10583996772766
0.10758304595947
0.10337018966675
0.10594201087952
0.093070983886719
0.098066091537476
0.095526933670044
0.11251711845398
0.10177707672119
0.092105150222778
0.094120979309082
0.10597085952759
0.091604948043823
0.094605922698975
0.087605953216553
0.10484004020691
0.10129284858704
0.092572927474976
0.094950914382935
0.095625162124634
0.090927124023438
0.096545934677124
0.096902847290039
0.098173856735229
0.10470914840698
0.094583988189697
0.09873104095459
0.10353183746338
0.099245071411133
0.14183187484741
0.1024489402771
0.10002303123474
0.098443031311035
0.090167045593262
0.10773086547852
0.089965105056763
0.093960046768188
0.097855091094971
0.10237693786621
0.10886907577515
0.10081696510315
0.094867944717407
0.092674016952515
0.095787048339844
0.090986967086792
0.10171699523926
0.099725008010864
0.095750093460083
0.10090804100037
0.094602108001709
0.10477805137634
0.099989891052246
0.090430974960327
0.10671305656433
0.099291086196899
0.091598987579346
0.090062141418457
0.093149900436401
0.10819411277771
0.096504926681519
0.097506999969482
0.08934211730957
0.095899105072021
0.087809085845947
0.10180306434631
0.10736012458801
0.098587036132812
0.10950303077698
0.09260892868042
0.096941947937012
0.11237382888794
0.096953868865967
0.090707063674927
0.09241509437561
0.093420028686523
0.095473051071167
0.098205089569092
0.09695291519165
0.10268592834473
0.09109091758728
0.1001410484314
0.10168099403381
0.10034894943237
0.098352909088135
0.10249590873718
0.094335079193115
0.10700416564941
0.09288501739502
0.098785877227783
0.10158705711365
0.11597990989685
0.094309091567993
0.092548131942749
0.09330415725708
0.10133004188538
0.15752291679382
0.10185694694519
0.094120025634766
0.10604500770569
0.10034489631653
0.094046115875244
0.096318960189819
0.095879793167114
0.095376968383789
0.09467601776123
0.096563100814819
0.090644121170044
0.10294795036316
0.094319105148315
0.08936619758606
0.097381114959717
0.10161995887756
0.09708309173584
0.097980976104736
0.096624851226807
0.092828035354614
0.10227298736572
0.11372208595276
0.098682165145874
0.096842050552368
0.095132112503052
0.0990309715271
0.11676406860352
0.09415602684021
0.099219799041748
0.10690999031067
0.09433388710022
0.094078063964844
0.099053144454956
0.10345196723938
0.12973809242249
0.094906091690063
0.095669984817505
0.090171098709106
0.097584962844849
0.095530986785889
0.40482878684998
0.096040964126587
0.09608006477356
0.093123912811279
0.091046810150146
0.10983395576477
0.095179080963135
0.094579935073853
0.094489097595215
0.089048862457275
0.098150968551636
0.098335027694702
0.087115049362183
0.096276998519897
0.11559796333313
0.10163497924805
0.094182014465332
0.093931913375854
0.10548496246338
0.097067832946777
0.094717025756836
0.10778212547302
0.093540906906128
0.097097158432007
0.098028898239136
0.097054958343506
0.0937819480896
0.10739088058472
0.10156202316284
0.12361407279968
0.094189167022705
0.09416389465332
0.095024824142456
0.090204000473022
0.089487075805664
0.095231056213379
0.094921827316284
0.091136932373047
0.096161127090454
0.12956881523132
0.091024875640869
0.10854697227478
0.090785026550293
0.10090780258179
0.098217010498047
0.094316005706787
0.093468904495239
0.10551977157593
0.0957190990448
0.097170829772949
0.096704959869385
0.099099159240723
0.099957942962646
0.093455791473389
0.098889827728271
0.098000764846802
0.093491077423096
0.10052013397217
0.098729848861694
0.09395694732666
0.094799041748047
0.10957908630371
0.10587191581726
0.096254110336304
0.09890604019165
0.09310507774353
0.10101294517517
0.091730117797852
0.089747905731201
0.10267496109009
0.095108985900879
0.097347021102905
0.096670150756836
0.09511399269104
0.099542856216431
0.091830968856812
0.095594882965088
0.10105204582214
0.097443103790283
0.091002941131592
0.094164848327637
0.10544180870056
0.10075998306274
0.095553159713745
0.097203016281128
0.097223997116089
0.086087942123413
0.097707033157349
0.090618133544922
0.097369909286499
0.098973989486694
0.10026907920837
0.101322889328
0.17415809631348
0.090811014175415
0.098500967025757
0.10374999046326
0.098761081695557
0.095502853393555
0.094628095626831
0.10829997062683
0.099570989608765
0.096148014068604
0.097610950469971
0.10670900344849
0.095247983932495
0.095586061477661
0.098265171051025
0.097201108932495
0.098939895629883
0.10654997825623
0.091039896011353
0.093224048614502
0.10207605361938
0.10499811172485
0.099134922027588
0.098891973495483
0.093546152114868
0.094264984130859
0.16095995903015
0.098926067352295
0.095688104629517
0.095240831375122
0.092379093170166
0.099558115005493
0.09450888633728
0.098459959030151
0.10131502151489
0.15022587776184
0.095792055130005
0.097129106521606
0.0954430103302
0.092772006988525
0.097480058670044
0.10192513465881
0.095109939575195
0.096513986587524
0.099534034729004
0.09630298614502
0.091240167617798
0.10071897506714
0.11390995979309
0.1103138923645
0.092031002044678
0.091500997543335
0.093114852905273
0.10187983512878
0.09324312210083
0.10134506225586
0.094491958618164
0.097524166107178
0.099794864654541
0.090939044952393
0.092787981033325
0.10587215423584
0.098659992218018
0.092715978622437
0.093501091003418
0.094666004180908
0.10315012931824
0.098727941513062
0.098701953887939
0.099025964736938
0.09197998046875
0.10597205162048
0.092471122741699
0.099826812744141
0.096719980239868
0.092467069625854
0.092798948287964
0.092751979827881
0.093331813812256
0.10325598716736
0.094707012176514
0.093622922897339
0.10671806335449
0.099445819854736
0.095386028289795
0.096972942352295
0.098362922668457
0.09657883644104
0.093522071838379
0.09293794631958
0.098469018936157
0.096909999847412
0.095419883728027
0.099200010299683
0.10838890075684
0.10074996948242
0.09514594078064
0.092894792556763
0.097989082336426
0.10001111030579
0.10421895980835
0.092816829681396
0.092596054077148
0.1042320728302
0.10028100013733
0.092007875442505
0.092742919921875
0.10450315475464
0.10695385932922
0.093729972839355
0.10044407844543
0.092038154602051
0.093203067779541
0.097496032714844
0.094193935394287
0.096452951431274
0.10490608215332
0.10732507705688
0.094630002975464
0.098226070404053
0.093271970748901
0.10234904289246
0.089556932449341
0.09135890007019
0.11292886734009
0.09548020362854
0.1048219203949
0.10083699226379
0.094938039779663
0.098301887512207
0.095053911209106
0.092773199081421
0.093493938446045
0.098850965499878
0.092432975769043
0.096760034561157
0.15804600715637
0.099153995513916
0.10029602050781
0.093830108642578
0.090320110321045
0.092625856399536
0.10385298728943
0.090100049972534
0.095483064651489
0.09592604637146
0.097525835037231
0.089628934860229
0.094358205795288
0.1137809753418
0.094054937362671
0.099477052688599
0.096378087997437
0.1120719909668
0.40246200561523
0.09104585647583
0.097895860671997
0.10188317298889
0.097286939620972
0.097452878952026
0.10624814033508
0.10705590248108
0.10605311393738
0.092699766159058
0.098601102828979
0.094552040100098
0.096620798110962
0.097702980041504
0.09419584274292
0.092864036560059
0.091619968414307
0.10106110572815
0.093265056610107
0.097731113433838
0.10809516906738
0.12726593017578
0.088735103607178
0.10131692886353
0.093545913696289
0.091439962387085
0.096526861190796
0.097934007644653
0.089916944503784
0.093954086303711
0.092692136764526
0.08978796005249
0.097851991653442
0.089392900466919
0.10560297966003
0.10104417800903
0.104248046875
0.093689918518066
0.092741012573242
0.08917498588562
0.094254970550537
0.099852085113525
0.096769094467163
0.089197158813477
0.092899799346924
0.10455894470215
0.096560001373291
0.091687917709351
0.092368125915527
0.091454982757568
0.10726284980774
0.092767000198364
0.1030490398407
0.092146158218384
0.097337007522583
0.093908786773682
0.095843076705933
0.10214805603027
0.09339714050293
0.095941066741943
0.088787078857422
0.099648952484131
0.10641503334045
0.096546173095703
0.09095311164856
0.093945026397705
0.092182159423828
0.091824054718018
0.099991798400879
0.10355997085571
0.091925144195557
0.09850001335144
0.092988967895508
0.096311092376709
0.092375993728638
0.094160795211792
0.14061498641968
0.097392082214355
0.093715906143188
0.093690872192383
0.093180894851685
0.097602128982544
0.091082811355591
0.092466115951538
0.099159002304077
0.10286211967468
0.096721172332764
0.090903043746948
0.11369514465332
0.097119092941284
0.096426963806152
0.10300898551941
0.089869976043701
0.10553908348083
0.099432945251465
0.098977088928223
0.09197211265564
0.091044902801514
0.095844030380249
0.092177867889404
0.099900960922241
0.096492052078247
0.091702938079834
0.096737146377563
0.10079789161682
0.10328722000122
0.10688400268555
0.10041189193726
0.10255813598633
0.091046094894409
0.093952894210815
0.091711044311523
0.09314489364624
0.097064971923828
0.099890947341919
0.092417001724243
0.10229706764221
0.09821081161499
0.093104124069214
0.097141981124878
0.10293817520142
0.098522901535034
0.10951280593872
0.1056969165802
0.10316801071167
0.099606990814209
0.094753980636597
0.094501972198486
0.090161085128784
0.10010099411011
0.099849939346313
0.10139417648315
0.094582080841064
0.092360019683838
0.10185980796814
0.10026693344116
0.095088005065918
0.095885038375854
0.091405868530273
0.092870950698853
0.092298984527588
0.11122894287109
0.10112714767456
0.10058689117432
0.10021805763245
0.10139894485474
0.096551895141602
0.094100952148438
0.10041189193726
0.094650983810425
0.094775915145874
0.094059944152832
0.09629487991333
0.095217943191528
0.10593104362488
0.10530591011047
0.095417976379395
0.093864917755127
0.095231056213379
0.096862077713013
0.090644121170044
0.090902805328369
0.09435510635376
0.095046043395996
0.10517501831055
0.093179941177368
0.099709987640381
0.091552972793579
0.096242904663086
0.094974040985107
0.095602035522461
0.097519159317017
0.095854043960571
0.090362071990967
0.10564708709717
0.09719705581665
0.093786954879761
0.09448504447937
0.092139959335327
0.096737861633301
0.098284006118774
0.10585117340088
0.10360789299011
0.096382856369019
0.098989009857178
0.092112064361572
0.089119911193848
0.091206073760986
0.10295414924622
0.096693992614746
0.10760307312012
0.090317010879517
0.10774397850037
0.1027410030365
0.09787392616272
0.1070499420166
0.099215030670166
0.095914125442505
0.095754861831665
0.09463906288147
0.096675157546997
0.10336089134216
0.096789121627808
0.10492014884949
0.096105813980103
0.18800902366638
0.096338033676147
0.096979856491089
0.10513710975647
0.099844932556152
0.094717979431152
0.091945171356201
0.099751949310303
0.10530114173889
0.095715045928955
0.093847036361694
0.092986106872559
0.097074031829834
0.098238945007324
0.10419392585754
0.098249197006226
0.10466909408569
0.094776153564453
0.095594882965088
0.10286498069763
0.097118139266968
0.10995602607727
0.14260911941528
0.1007559299469
0.098402976989746
0.10392999649048
0.094290971755981
0.10246396064758
0.090203046798706
0.093889951705933
0.091354846954346
0.099828004837036
0.095739126205444
0.097172021865845
0.094609975814819
0.10468888282776
0.099263191223145
0.098811149597168
0.10111498832703
0.09575891494751
0.12510395050049
0.094078063964844
0.096617937088013
0.094319105148315
0.10113215446472
0.10240292549133
0.098690986633301
0.1028790473938
0.099862098693848
0.10096883773804
0.094297885894775
0.10317897796631
0.10090804100037
0.097294092178345
0.094125032424927
0.10341191291809
0.096364974975586
0.11582899093628
0.098011016845703
0.097777843475342
0.094289064407349
0.10537004470825
0.10788297653198
0.10191583633423
0.10005593299866
0.099700927734375
0.095199108123779
0.0916588306427
0.09105396270752
0.091363906860352
0.096235036849976
0.10812783241272
0.10446906089783
0.090336084365845
0.10371685028076
0.096496105194092
0.093590974807739
0.095838069915771
0.11228585243225
0.095107078552246
0.092311143875122
0.094803094863892
0.10028409957886
0.095088958740234
0.092932939529419
0.095770835876465
0.10081195831299
0.099091053009033
0.10844087600708
0.10991883277893
0.099387168884277
0.11077809333801
0.095251083374023
0.099899053573608
0.21448802947998
0.090687990188599
0.094109773635864
0.10295391082764
0.094586849212646
0.098618984222412
0.10002613067627
0.10116410255432
0.09304404258728
0.10136294364929
0.10863089561462
0.10197114944458
0.093713998794556
0.098643064498901
0.11266303062439
0.10048294067383
0.091638803482056
0.090193033218384
0.097312927246094
0.099021911621094
0.099862098693848
0.10200214385986
0.09630012512207
0.095726013183594
0.10018801689148
0.091570854187012
0.091078042984009
0.097523927688599
0.098502159118652
0.096289873123169
0.091300010681152
0.095737934112549
0.094607830047607
0.09345006942749
0.095118045806885
0.091733932495117
0.098854064941406
0.091974973678589
0.096429109573364
0.089628219604492
0.10196495056152
0.093513965606689
0.093857049942017
0.094849824905396
0.091229915618896
0.10152292251587
0.094878196716309
0.095360994338989
0.10242700576782
0.093026876449585
0.093051910400391
0.092679023742676
0.08871603012085
0.092487812042236
0.10592293739319
0.10121202468872
0.099028825759888
0.097886085510254
0.093513011932373
0.096056938171387
0.10371804237366
0.0955970287323
0.098959922790527
0.099699974060059
0.092476844787598
0.093042135238647
0.10073590278625
0.093708992004395
0.096842050552368
0.095257043838501
0.09658408164978
0.097077131271362
0.10156083106995
0.10716199874878
0.11130785942078
0.098472118377686
0.10372996330261
0.096799850463867
0.10002994537354
0.10238194465637
0.099997043609619
0.10831189155579
0.10460495948792
0.10630893707275
0.091904163360596
0.094960927963257
0.10002207756042
0.098615884780884
0.10113406181335
0.096847057342529
0.099395990371704
0.095426082611084
0.10510492324829
0.10211515426636
0.099637985229492
0.09135103225708
0.099745988845825
0.10186982154846
0.093893051147461
0.10488200187683
0.094659805297852
0.098417997360229
0.09421706199646
0.10431385040283
0.096791982650757
0.093924999237061
0.095698833465576
0.09340500831604
0.099801063537598
0.11750602722168
0.093389987945557
0.22250413894653
0.094523191452026
0.1037118434906
0.10406398773193
0.093737125396729
0.090631008148193
0.096839904785156
0.099295854568481
0.098366975784302
0.096152067184448
0.098689079284668
0.1100070476532
0.096940040588379
0.10091090202332
0.098403930664062
0.09863805770874
0.093400001525879
0.10265183448792
0.098105907440186
0.10681319236755
0.10558199882507
0.11206388473511
0.10001015663147
0.10020208358765
0.10597395896912
0.090444087982178
0.094019889831543
0.099622011184692
0.10239195823669
0.10525107383728
0.092216968536377
0.098407983779907
0.095257997512817
0.093291997909546
0.09825587272644
0.11093592643738
0.10946011543274
0.095255136489868
0.10125017166138
0.094603061676025
0.093865871429443
0.099575042724609
0.11056303977966
0.10712695121765
0.088294982910156
0.10637092590332
0.10375905036926
0.093227863311768
0.095829963684082
0.090436935424805
0.098994970321655
0.097859859466553
0.10073304176331
0.095494031906128
0.099905967712402
0.10620307922363
0.092150926589966
0.09160304069519
0.10378813743591
0.097265958786011
0.10578298568726
0.10368895530701
0.099002122879028
0.099776029586792
0.099282026290894
0.09958291053772
0.094428062438965
0.097409009933472
0.10054302215576
0.094443082809448
0.11905884742737
0.39957308769226
0.097441911697388
0.096513986587524
0.095384120941162
0.09446382522583
0.10089993476868
0.092334032058716
0.10499382019043
0.098047018051147
0.093299150466919
0.10813403129578
0.089909076690674
0.095206022262573
0.10132098197937
0.10080981254578
0.09568190574646
0.096283912658691
0.093063116073608
0.102294921875
0.088212013244629
0.097547054290771
0.091760158538818
0.099414110183716
0.09996509552002
0.09769082069397
0.1016321182251
0.10237598419189
0.10025095939636
0.099040031433105
0.096555948257446
0.095071077346802
0.11444616317749
0.095936059951782
0.096222162246704
0.11149907112122
0.097239017486572
0.094832181930542
0.10740113258362
0.093229055404663
0.094823122024536
0.097005128860474
0.10077714920044
0.1072199344635
0.097247838973999
0.099081039428711
0.096101999282837
0.091012001037598
0.10096096992493
0.093173980712891
0.096987009048462
0.096858978271484
0.099570035934448
0.09807300567627
0.095836162567139
0.098153114318848
0.1027660369873
0.089416027069092
0.096752882003784
0.10156917572021
0.10115313529968
0.096113920211792
0.094385147094727
0.10125494003296
0.089553117752075
0.092221021652222
0.091490983963013
0.088621854782104
0.10159397125244
0.097548961639404
0.10324287414551
0.097246170043945
0.099184036254883
0.098408937454224
0.10149812698364
0.10278582572937
0.092849016189575
0.095354080200195
0.095531940460205
0.093370914459229
0.10080504417419
0.092021942138672
0.089294910430908
0.097159862518311
0.097052812576294
0.11661696434021
0.094073057174683
0.1002299785614
0.099797964096069
0.10068702697754
0.092450857162476
0.098278045654297
0.091153144836426
0.10648083686829
0.098466873168945
0.094719171524048
0.094407081604004
0.092880010604858
0.1026930809021
0.10577893257141
0.095533847808838
0.093575954437256
0.094867944717407
0.10027313232422
0.10592889785767
0.098987102508545
0.097172021865845
0.10648798942566
0.098815202713013
0.093816041946411
0.104336977005
0.088731050491333
0.094496965408325
0.093199968338013
0.10216403007507
0.1006031036377
0.092772960662842
0.10461688041687
0.091168880462646
0.095302820205688
0.095943927764893
0.091475963592529
0.090461015701294
0.096354007720947
0.10522508621216
0.10142803192139
0.093660831451416
0.10330295562744
0.096797943115234
0.11459994316101
0.090366125106812
0.093833923339844
0.097689151763916
0.10622787475586
0.096851110458374
0.39222812652588
0.10194993019104
0.10623002052307
0.10487604141235
0.10124087333679
0.094315052032471
0.096863985061646
0.090167999267578
0.10448503494263
0.094527959823608
0.099596977233887
0.097203969955444
0.10623693466187
0.1081428527832
0.10023093223572
0.10353708267212
0.096030950546265
0.093587160110474
0.09514307975769
0.09498119354248
0.10731911659241
0.094830989837646
0.092500925064087
0.10095596313477
0.090513944625854
0.10007905960083
0.092567920684814
0.099107980728149
0.10101914405823
0.10173892974854
0.20811414718628
0.099603176116943
0.099794149398804
0.10499000549316
0.10820508003235
0.1013491153717
0.094547033309937
0.098428964614868
0.096921920776367
0.092667818069458
0.093752145767212
0.10020589828491
0.096570014953613
0.1011209487915
0.10201907157898
0.093034029006958
0.095296144485474
0.099953889846802
0.10329508781433
0.094886779785156
0.13532590866089
0.094400882720947
0.098565101623535
0.089840888977051
0.10319805145264
0.10642695426941
0.10483908653259
0.094645977020264
0.099453926086426
0.096025943756104
0.11681413650513
0.11016607284546
0.090782165527344
0.096724033355713
0.097671985626221
0.09973406791687
0.095802068710327
0.096554040908813
0.092110872268677
0.09331488609314
0.093401193618774
0.1006121635437
0.10505318641663
0.10121417045593
0.095956802368164
0.11030507087708
0.089379787445068
0.099210977554321
0.10015797615051
0.096349954605103
0.094011068344116
0.091955184936523
0.10076689720154
0.089713096618652
0.091169118881226
0.089342832565308
0.097420930862427
0.095514059066772
0.095571041107178
0.092394828796387
0.10268092155457
0.098419904708862
0.09135890007019
0.10297894477844
0.095958948135376
0.090559005737305
0.098915815353394
0.095120906829834
0.099016189575195
0.096711158752441
0.092363834381104
0.10462212562561
0.11122417449951
0.099459171295166
0.092988014221191
0.086255788803101
0.097993850708008
0.094146966934204
0.11286497116089
0.09329891204834
0.091958999633789
0.098446846008301
0.1001660823822
0.10425901412964
0.10075616836548
0.10375809669495
0.10413885116577
0.12333297729492
0.10309410095215
0.099343061447144
0.10388207435608
0.10167908668518
0.092461109161377
0.099318981170654
0.091271877288818
0.10074687004089
0.096015930175781
0.11182498931885
0.091010808944702
0.099323987960815
0.098709106445312
0.096311092376709
0.09194016456604
0.097258806228638
0.10516691207886
0.097275018692017
0.096413850784302
0.098264932632446
0.10101509094238
0.093599081039429
0.095051050186157
0.098076820373535
0.10883903503418
0.094507932662964
0.093762874603271
0.099224090576172
0.095792055130005
0.094361066818237
0.10309886932373
0.10940504074097
0.08926796913147
0.09236216545105
0.094206094741821
0.099846124649048
0.092691898345947
0.092750072479248
0.1077561378479
0.097501993179321
0.10235714912415
0.094554901123047
0.097175121307373
0.0922691822052
0.10341477394104
0.10284113883972
0.090727090835571
0.098537921905518
0.095626831054688
0.091593980789185
0.097579002380371
0.11834907531738
0.10015392303467
0.099354982376099
0.091018915176392
0.098443984985352
0.16475200653076
0.093178987503052
0.1019401550293
0.094334125518799
0.099691152572632
0.093762159347534
0.10156416893005
0.10289001464844
0.097968816757202
0.095677137374878
0.095871925354004
0.10152792930603
0.10215783119202
0.098078966140747
0.096942901611328
0.092931985855103
0.094124794006348
0.094043970108032
0.10026001930237
0.098408937454224
0.10272693634033
0.099552869796753
0.095686912536621
0.092441082000732
0.095105886459351
0.095211982727051
0.09123706817627
0.099518060684204
0.093264102935791
0.092639923095703
0.096122026443481
0.097989082336426
0.093523025512695
0.093407869338989
0.10763001441956
0.099642038345337
0.098804950714111
0.11652421951294
0.11608099937439
0.098185062408447
0.093684196472168
0.092249870300293
0.12014985084534
0.11336898803711
4.0015621185303
0.099770069122314
0.096869945526123
0.099523067474365
0.10557699203491
0.093356132507324
0.091947078704834
0.094789981842041
0.099344968795776
0.11876487731934
0.090712070465088
0.099134922027588
0.093801021575928
0.092690944671631
0.096433877944946
0.092967987060547
0.098014116287231
0.099961042404175
0.11154294013977
0.10363817214966
0.10624098777771
0.097118854522705
0.089355945587158
0.090224027633667
0.096633911132812
0.093861103057861
0.098840951919556
0.096146106719971
0.095985889434814
0.11575293540955
0.094208002090454
0.10483312606812
0.089469909667969
0.1139349937439
0.091969013214111
0.096843957901001
0.14295196533203
0.089454174041748
0.10157108306885
0.097404003143311
0.096065998077393
0.091391086578369
0.10055685043335
0.095472812652588
0.20705699920654
0.10576891899109
0.092229127883911
0.10507607460022
0.10146284103394
0.10023093223572
0.095706939697266
0.093662977218628
0.097295999526978
0.10588383674622
0.095791816711426
0.10489702224731
0.098936080932617
0.10358881950378
0.092106103897095
0.097570896148682
0.10337209701538
0.10243892669678
0.098990917205811
0.10111713409424
0.098083019256592
0.10467791557312
0.096082210540771
0.091790199279785
0.11514592170715
0.097569942474365
0.10082912445068
0.099426984786987
0.098140001296997
0.096735954284668
0.095964193344116
0.098142862319946
0.094489097595215
0.095628023147583
0.10321021080017
0.092103958129883
0.093683004379272
0.093029975891113
0.091316938400269
0.097409009933472
0.095047950744629
0.095309019088745
0.089395046234131
0.09483814239502
0.096647024154663
0.092272996902466
0.091969966888428
0.099929809570312
0.10645294189453
0.12685513496399
0.094331979751587
0.096674919128418
0.10580778121948
0.11381316184998
0.097004890441895
0.099443912506104
0.10228204727173
0.094799995422363
0.099189043045044
0.093981981277466
0.094161033630371
0.098637819290161
0.094397068023682
0.090014934539795
0.094772100448608
0.10175585746765
0.096841096878052
0.096453905105591
0.095526933670044
0.10617804527283
0.09850001335144
0.089226007461548
0.10882210731506
0.098026037216187
0.090391874313354
0.094784021377563
0.090885877609253
0.09965991973877
0.11143088340759
0.098587989807129
0.096410989761353
0.10573410987854
0.095710039138794
0.093636989593506
0.10446810722351
0.096869945526123
0.094491958618164
0.10962581634521
0.11887097358704
0.094462871551514
0.09523606300354
0.094617128372192
0.096400022506714
0.10615515708923
0.093018054962158
0.092068910598755
0.093308925628662
0.096953868865967
0.097740888595581
0.10368418693542
0.10938310623169
0.099910974502563
0.10060286521912
0.10066604614258
0.10046911239624
0.091001987457275
0.090970993041992
0.093880891799927
0.096618890762329
0.1092700958252
0.10407304763794
0.092151165008545
0.095751047134399
0.10134506225586
0.092546224594116
0.096986055374146
0.13419008255005
0.094084978103638
0.1034848690033
0.097806930541992
0.097508907318115
0.094259977340698
0.094245910644531
0.095194816589355
0.092238187789917
0.097182035446167
0.10024189949036
0.098781108856201
0.092349052429199
0.10370016098022
0.09776496887207
0.085824012756348
0.13802695274353
0.094854116439819
0.095567941665649
0.11024785041809
0.1029908657074
0.095693111419678
0.09276294708252
0.09686017036438
0.094883918762207
0.094877004623413
0.098940134048462
0.090491056442261
0.095725059509277
0.098620176315308
0.092329025268555
0.096210956573486
0.099961042404175
0.096473217010498
0.1000030040741
0.11541986465454
0.10683298110962
0.094162940979004
0.1030158996582
0.093120813369751
0.10131001472473
0.094717979431152
0.096818923950195
0.099804878234863
0.10581302642822
0.097535133361816
0.095379114151001
0.10492515563965
0.097759962081909
0.095329999923706
0.09676194190979
0.11650490760803
0.10215997695923
0.11435699462891
0.11552405357361
0.10755395889282
0.10077881813049
0.091262102127075
0.10071682929993
0.092846155166626
0.097574949264526
0.095866918563843
0.10031199455261
0.094021797180176
0.10213208198547
0.10277509689331
0.10008096694946
0.097203016281128
0.098484992980957
0.08969783782959
0.10628199577332
0.093960046768188
0.092848062515259
0.089874029159546
0.10737204551697
0.098280906677246
0.095883846282959
0.092788934707642
0.10905313491821
0.094300031661987
0.09919285774231
0.090456962585449
0.10471510887146
0.097477912902832
0.10224080085754
0.10037112236023
0.096138000488281
0.1019229888916
0.11081600189209
0.10497784614563
3.8475110530853
0.10668706893921
0.091655015945435
0.093801021575928
0.096457004547119
0.094027042388916
0.095058917999268
0.093260049819946
0.09155797958374
0.095185041427612
0.10090398788452
0.091871976852417
0.099073886871338
0.089384078979492
0.098292112350464
0.095304012298584
0.097046136856079
0.10009598731995
0.094933986663818
0.098639011383057
0.091947078704834
0.093727111816406
0.10695910453796
0.092897891998291
0.1002299785614
0.13430404663086
0.09069299697876
0.091209173202515
0.10059905052185
0.10484886169434
0.10561299324036
0.096004962921143
0.095635890960693
0.10390090942383
0.39509606361389
0.1431770324707
0.098083019256592
0.091055870056152
0.099634885787964
0.10402512550354
0.1008517742157
0.10012078285217
0.10038805007935
0.11621689796448
0.099464893341064
0.10341906547546
0.09143590927124
0.10701203346252
0.096440076828003
0.093729019165039
0.10389280319214
0.40520811080933
0.10777497291565
0.089550971984863
0.09318995475769
0.095507860183716
0.093974113464355
0.095695972442627
0.10113596916199
0.11617398262024
0.098330020904541
0.096186876296997
0.098114013671875
0.096791982650757
0.097352981567383
0.098397016525269
0.15504598617554
0.094660997390747
0.10612607002258
0.090597152709961
0.095728874206543
0.11092495918274
0.095998048782349
0.093624114990234
0.099828958511353
0.096065044403076
0.10141015052795
0.11444497108459
0.095353126525879
0.10763621330261
0.090439081192017
0.11999201774597
0.089668035507202
0.095180988311768
0.10219192504883
0.10646796226501
0.096328020095825
0.13155698776245
0.10937404632568
0.099968910217285
0.10181093215942
0.097388029098511
0.094913005828857
0.10439491271973
0.097337961196899
0.097194910049438
0.098068952560425
0.09812593460083
0.09213399887085
0.091048002243042
0.096966981887817
0.091012954711914
0.11971807479858
0.1069929599762
0.088429927825928
0.095177888870239
0.091881036758423
0.096056222915649
0.097264766693115
0.10327100753784
0.095895051956177
0.12947201728821
0.096975088119507
0.098700046539307
0.10851097106934
0.094621181488037
0.090210914611816
0.092632055282593
0.097771167755127
0.10902619361877
0.094845056533813
0.10196805000305
0.095601797103882
0.092902898788452
0.089694023132324
0.10458397865295
0.097455978393555
0.097044944763184
0.10028481483459
0.090519905090332
0.10029602050781
0.096631050109863
0.091742992401123
0.10376405715942
0.089999914169312
0.10105991363525
0.097214937210083
0.096957921981812
0.093981981277466
0.091152906417847
0.096073865890503
0.097921848297119
0.09985613822937
0.097097158432007
0.10095596313477
0.10332584381104
0.10197019577026
0.097009897232056
0.091082096099854
0.095430135726929
0.10116100311279
0.12877297401428
0.096171855926514
0.090390920639038
0.097153186798096
0.092862844467163
0.098917007446289
0.10766911506653
0.098875045776367
0.095155000686646
0.10385894775391
0.10434007644653
0.10385394096375
0.10615301132202
0.096743106842041
0.098785877227783
0.09748101234436
0.10835099220276
0.098188161849976
0.10998797416687
0.095480918884277
0.10085296630859
0.10007691383362
0.10596203804016
0.10067510604858
0.10430002212524
0.095890998840332
0.097994804382324
0.098937034606934
0.10322880744934
0.091671943664551
0.096554040908813
0.10179901123047
0.098870038986206
0.11160397529602
0.093541860580444
0.093763113021851
0.09142017364502
0.089125871658325
0.09834098815918
0.10278487205505
0.10309505462646
0.098376989364624
0.10639786720276
0.10100197792053
0.09784197807312
0.10089302062988
0.096657991409302
0.10692620277405
0.096781015396118
0.098331928253174
0.10166597366333
0.11566781997681
0.10972595214844
0.10049986839294
0.096301078796387
0.10285782814026
0.10576581954956
0.10690903663635
0.093985080718994
0.092933177947998
0.095458030700684
0.095908880233765
0.10061693191528
0.094720840454102
0.10700297355652
0.088031053543091
0.099529027938843
0.097133874893188
0.119295835495
0.10050106048584
0.098408937454224
0.10218811035156
0.093065023422241
0.093456029891968
0.091269969940186
0.095104932785034
0.096245050430298
0.092186212539673
0.092893123626709
0.096215963363647
0.097912073135376
0.11154890060425
0.099457979202271
0.098016977310181
0.092315196990967
0.099421977996826
0.095468997955322
0.10137295722961
0.10401582717896
0.093611001968384
0.10125994682312
0.10018801689148
0.088536024093628
0.092047929763794
0.11069202423096
0.095738887786865
0.092160940170288
0.09650993347168
0.10801100730896
0.093047857284546
0.099426984786987
0.098857164382935
0.099983930587769
0.10208487510681
0.090047121047974
0.10131406784058
0.091794967651367
0.15251588821411
0.10310411453247
0.10197901725769
0.094551086425781
0.10690879821777
0.093989133834839
0.089666128158569
0.093824863433838
0.09617805480957
0.10215306282043
0.095989942550659
0.095325946807861
0.097434043884277
0.095698833465576
0.095306158065796
0.10533618927002
0.10901212692261
0.095077991485596
0.1000349521637
0.09112286567688
0.10089206695557
0.10264992713928
0.094918012619019
0.09806489944458
0.094727039337158
0.099433898925781
0.093415975570679
0.099910020828247
0.094056129455566
0.1048698425293
0.10090494155884
0.092735052108765
0.090167999267578
0.095350027084351
0.10469007492065
0.092468023300171
0.096938848495483
0.11266899108887
0.099972009658813
0.095022916793823
0.098451852798462
0.099478960037231
0.098871946334839
0.094449996948242
0.091665029525757
0.10488104820251
0.10339093208313
0.10730409622192
0.09810209274292
0.10242700576782
0.098525047302246
0.11500096321106
0.098044872283936
0.10394215583801
0.098664999008179
0.092596054077148
0.098984003067017
0.098288059234619
0.10644388198853
0.095870971679688
0.10245609283447
0.095582962036133
0.10407400131226
0.10870790481567
0.096440076828003
0.093095064163208
0.099893093109131
0.098479032516479
0.096634149551392
0.096191883087158
0.095312118530273
0.10764002799988
0.097300052642822
0.14861106872559
0.095337152481079
0.10468912124634
0.10770201683044
0.11153197288513
0.094327926635742
0.099828004837036
0.096308946609497
0.10174489021301
0.13802289962769
0.093683004379272
0.097061157226562
0.10495209693909
0.09641695022583
0.095073938369751
0.10408592224121
0.090606927871704
0.11570906639099
0.10114789009094
0.10254693031311
0.13016486167908
0.10362601280212
0.096781015396118
0.096611022949219
0.093772888183594
0.096077919006348
0.10097193717957
0.11254596710205
0.095298051834106
0.09638786315918
0.096453905105591
0.095367908477783
0.098462820053101
0.093884944915771
0.10252809524536
0.1113588809967
0.098272085189819
0.10072207450867
0.10028791427612
0.09879994392395
0.098330020904541
0.093049049377441
0.21094489097595
0.095442056655884
0.10532593727112
0.099043846130371
0.099845170974731
0.095478057861328
0.10465312004089
0.09310507774353
0.1001558303833
0.095842838287354
0.094685077667236
0.094027042388916
0.098276853561401
0.094619989395142
0.095787048339844
0.096560001373291
0.093800067901611
0.093441009521484
0.10414099693298
0.098022937774658
0.097355127334595
0.097856044769287
0.093043088912964
0.098634004592896
0.097613096237183
0.11097693443298
0.10142397880554
0.094596147537231
0.10116910934448
0.097540140151978
0.11965918540955
0.098343849182129
0.096269845962524
0.098844051361084
0.1583149433136
0.10564112663269
0.097810029983521
0.098836183547974
0.092895030975342
0.095285892486572
0.10509395599365
0.10003209114075
0.093057155609131
0.093948125839233
0.094749927520752
0.0989990234375
0.086689949035645
0.098775148391724
0.10829186439514
0.093408107757568
0.098556041717529
0.09519100189209
0.090737104415894
0.092414855957031
0.10753202438354
0.11375308036804
0.10065007209778
0.093897104263306
0.10000777244568
0.095640897750854
0.10254693031311
0.094987869262695
0.10072684288025
0.096131801605225
0.098531007766724
0.10147285461426
0.093147993087769
0.10018491744995
0.10208702087402
0.096674919128418
0.10297393798828
0.10044097900391
0.091569900512695
0.10511684417725
0.10374307632446
0.094038009643555
0.1132869720459
0.098229169845581
0.10155701637268
0.10681986808777
0.10416412353516
0.094560146331787
0.098469972610474
0.098191976547241
0.12104797363281
0.100261926651
0.10037684440613
0.099028825759888
0.096973896026611
0.097574949264526
0.090880870819092
0.10064482688904
0.09027099609375
0.096472024917603
0.095997095108032
0.098008155822754
0.095623970031738
0.10138893127441
0.098361015319824
0.090918064117432
0.091733932495117
0.096806049346924
0.094269037246704
0.092816829681396
0.10505795478821
0.098137855529785
0.10031414031982
0.1317310333252
0.092275857925415
0.097413063049316
0.099833965301514
0.1042160987854
0.096040964126587
0.092396974563599
0.1153519153595
0.093947887420654
0.096121072769165
0.097023963928223
0.10429811477661
0.09834098815918
0.09771203994751
0.098091125488281
0.098968982696533
0.087260961532593
0.10104417800903
0.094172954559326
0.094789028167725
0.098376989364624
0.097014904022217
0.1000030040741
0.095927000045776
0.098242044448853
0.10183501243591
0.094496965408325
0.13622808456421
0.10716891288757
0.093701124191284
0.095564842224121
0.10203289985657
0.10782599449158
0.10791397094727
0.10951709747314
0.10066890716553
0.095347881317139
0.14235901832581
0.09275484085083
0.09483003616333
0.20990395545959
0.095915079116821
0.099731922149658
0.097913026809692
0.093466997146606
0.11520290374756
0.099929094314575
0.098150968551636
0.090580224990845
0.096269845962524
0.10282397270203
0.09244179725647
0.10218501091003
0.10055017471313
0.10010004043579
0.12624907493591
0.10127902030945
0.1010000705719
0.096269845962524
0.10877513885498
0.098134994506836
0.10303378105164
0.092225074768066
0.10207605361938
0.12127804756165
0.090879917144775
0.091037034988403
0.10446119308472
0.10065603256226
0.10817003250122
0.095729112625122
0.10252404212952
0.099345922470093
0.13498091697693
0.094953060150146
0.092139959335327
0.092333078384399
0.098326921463013
0.095530986785889
0.10193705558777
0.10246181488037
0.093043804168701
0.11110997200012
0.096886873245239
0.094266891479492
0.22171998023987
0.095693826675415
0.093021154403687
0.10302400588989
0.099072933197021
0.089879035949707
0.10255813598633
0.095316886901855
0.096204996109009
0.10617399215698
0.095814943313599
0.096193075180054
0.095609903335571
0.093756914138794
0.092680931091309
0.09779691696167
0.087820053100586
0.092448949813843
0.095461130142212
0.10198187828064
0.09990406036377
0.090459823608398
0.10284280776978
0.10263514518738
0.10016989707947
0.093656063079834
0.092767000198364
0.092169046401978
0.098758935928345
0.10331702232361
0.097200155258179
0.095548868179321
0.097930908203125
0.10165691375732
0.099483013153076
0.10421109199524
0.10505795478821
0.10610103607178
0.092780828475952
0.088901996612549
0.095511913299561
0.10473895072937
0.097434043884277
0.10083389282227
0.098497152328491
0.095534086227417
0.091031074523926
0.09653902053833
0.10565590858459
0.10142087936401
0.10151815414429
0.089375972747803
0.092969179153442
0.090307950973511
0.094755887985229
0.1027991771698
0.094979047775269
0.096111059188843
0.098670959472656
0.10478711128235
0.096927881240845
0.10275292396545
0.093036890029907
0.090345859527588
0.096660852432251
0.092023849487305
0.098966121673584
0.091511964797974
0.094196796417236
0.097311973571777
0.096256017684937
0.092855930328369
0.1022469997406
0.10357999801636
0.0937659740448
0.092787027359009
0.089250087738037
0.092793941497803
0.095181941986084
0.086157083511353
0.091088056564331
0.099879026412964
0.10505104064941
0.10179495811462
0.09993314743042
0.097050905227661
0.091333150863647
0.094967126846313
0.093408107757568
0.097263813018799
0.10098004341125
0.095038890838623
0.099654197692871
0.10841298103333
0.093494892120361
0.090919017791748
0.099539041519165
0.10779809951782
0.10128402709961
0.095729112625122
0.095031023025513
0.10612106323242
0.099832057952881
0.093903064727783
0.11820602416992
0.097729921340942
0.096061944961548
0.096613883972168
0.090402126312256
0.10595703125
0.094965934753418
0.099216938018799
0.096306085586548
0.11237907409668
0.09586501121521
0.10972714424133
0.090826988220215
0.098541021347046
0.093512058258057
0.097095012664795
0.10161304473877
0.092215776443481
0.10903716087341
0.095781087875366
0.095519065856934
0.095351934432983
0.096251010894775
0.099234104156494
0.089163064956665
0.10171890258789
0.095769882202148
0.091979026794434
0.092897891998291
0.096089839935303
0.091197967529297
0.091686010360718
0.10139203071594
0.10007691383362
0.096344947814941
0.113765001297
0.10044503211975
0.092811107635498
0.10061693191528
0.098439931869507
0.10245013237
0.092649936676025
0.10238289833069
0.09387993812561
0.090451955795288
0.096290111541748
0.10443091392517
0.096442937850952
0.10389804840088
0.39954090118408
0.095685958862305
0.10143303871155
0.092455148696899
0.10245704650879
0.21043109893799
0.10037779808044
0.10375595092773
0.12422800064087
0.099056005477905
0.096796035766602
0.096683025360107
0.11138010025024
0.10268092155457
0.10944390296936
0.1131329536438
0.096845865249634
0.093469858169556
0.094293117523193
0.099349021911621
0.10136985778809
0.097453832626343
0.096307992935181
0.108971118927
0.094972133636475
0.094768047332764
0.10014486312866
0.095637083053589
0.10073804855347
0.11599397659302
0.099159955978394
0.094227075576782
0.097042798995972
0.10249805450439
0.102215051651
0.10487508773804
0.1006281375885
0.11903214454651
0.10017395019531
0.10912394523621
0.10628914833069
0.093663215637207
0.099927186965942
0.09113597869873
0.097585916519165
0.090350866317749
0.10217714309692
0.098823070526123
0.097685098648071
0.10061407089233
0.11337995529175
0.097413063049316
0.09308385848999
0.10022115707397
0.11128306388855
0.097235918045044
0.098005056381226
0.09424090385437
0.099157094955444
0.096796035766602
0.094902038574219
0.09306788444519
0.1023998260498
0.098637104034424
0.10216903686523
0.10711598396301
0.091133117675781
0.089268922805786
0.092575788497925
0.098464012145996
0.095938920974731
0.10285305976868
0.10572791099548
0.10183501243591
0.099247932434082
0.1094708442688
0.094583988189697
0.098825931549072
0.10092711448669
0.094103097915649
0.099693059921265
0.091043949127197
0.10204386711121
0.10497307777405
0.13063406944275
0.095769882202148
0.091147899627686
0.094782114028931
0.095571994781494
0.093941926956177
0.089725971221924
0.096557855606079
0.098868131637573
0.10974287986755
0.095348834991455
0.10023307800293
0.093544006347656
0.091965198516846
0.095794916152954
0.11100387573242
0.1047670841217
0.12116694450378
0.10179805755615
0.10102486610413
0.1296272277832
0.096101999282837
0.098432064056396
0.094530820846558
0.094491958618164
0.098516941070557
0.100741147995
0.11155700683594
0.097364902496338
0.093600034713745
0.095692157745361
0.099639892578125
0.093966007232666
0.092323064804077
0.091279029846191
0.10213303565979
0.091413021087646
0.09465217590332
0.097939014434814
0.11371898651123
0.09086799621582
0.10070204734802
0.11558604240417
0.094465970993042
0.093686819076538
0.10258412361145
0.092749118804932
0.09077000617981
0.093476057052612
0.09531307220459
0.10750198364258
0.096626996994019
0.10817813873291
0.096530199050903
0.094252109527588
0.10022282600403
0.088771820068359
0.099125862121582
0.088858127593994
0.091470003128052
0.091523885726929
0.09751296043396
0.10159397125244
0.09889817237854
0.089516878128052
0.096193790435791
0.10148406028748
0.10851621627808
0.095537185668945
0.093591928482056
0.098948001861572
0.10191297531128
0.10466194152832
0.1021249294281
0.10050106048584
0.11563897132874
0.10409212112427
0.096777200698853
0.10333895683289
0.094254970550537
0.095024108886719
0.092440843582153
0.10433411598206
0.099706888198853
0.092533111572266
0.10584902763367
0.09830904006958
0.098219871520996
0.091399908065796
0.093384027481079
0.095864057540894
0.092457056045532
0.095832824707031
0.10080218315125
0.09929084777832
0.092999935150146
0.095194101333618
0.096956968307495
0.10909795761108
0.10362911224365
0.21922087669373
0.099695920944214
0.097859859466553
0.09538197517395
0.097434043884277
0.099226951599121
0.090718030929565
0.099202156066895
0.095824956893921
0.10329604148865
0.097072124481201
0.092149972915649
0.095092058181763
0.10173583030701
0.096535921096802
0.093536853790283
0.11488080024719
0.40379595756531
0.10023808479309
0.090268850326538
0.094420909881592
0.095657825469971
0.10025811195374
0.094871044158936
0.088582992553711
0.10165619850159
0.097893953323364
0.094712018966675
0.10399580001831
0.099159955978394
0.09512996673584
0.097259044647217
0.095600843429565
0.094763994216919
0.1025230884552
0.096460819244385
0.10077595710754
0.088399887084961
0.10019993782043
0.092741012573242
0.096611022949219
0.096733093261719
0.095218896865845
0.094207048416138
0.097182989120483
0.10327506065369
0.10906720161438
0.0974280834198
0.10797905921936
0.097432851791382
0.10082197189331
0.10817790031433
0.098031997680664
0.10494208335876
0.098711013793945
0.097070932388306
0.097399950027466
0.096956968307495
0.1002368927002
0.09371018409729
0.093073129653931
0.099238872528076
0.092113018035889
0.098231077194214
0.096081972122192
0.096037149429321
0.098006963729858
0.095121145248413
0.098800897598267
0.092287063598633
0.093352079391479
0.095430135726929
0.10891008377075
0.097491025924683
0.10359501838684
0.10244917869568
0.099964141845703
0.097453832626343
0.095071077346802
0.11185812950134
0.098989963531494
0.10132694244385
0.096580028533936
0.091372013092041
0.094027996063232
0.10340404510498
0.096533060073853
0.092328071594238
0.11208081245422
0.11729311943054
0.097205877304077
0.098953008651733
0.11003494262695
0.095947980880737
0.10477209091187
0.097820043563843
0.098806142807007
0.091809988021851
0.10622501373291
0.092549800872803
0.098289012908936
0.09483003616333
0.094780921936035
0.14791107177734
0.095748901367188
0.10303497314453
0.098193883895874
0.099463939666748
0.097388029098511
0.1026349067688
0.10726404190063
0.0903000831604
0.10467410087585
0.10110521316528
0.095535039901733
0.092884063720703
0.096050977706909
0.10514187812805
0.099385023117065
0.095440864562988
0.10328197479248
0.10235190391541
0.10037302970886
0.09770393371582
0.091810941696167
0.097531080245972
0.092920064926147
0.10238099098206
0.093885183334351
0.098098039627075
0.10156393051147
0.092313051223755
0.092874050140381
0.096422910690308
0.096323013305664
0.093606948852539
0.093405961990356
0.10357713699341
0.093390941619873
0.10720109939575
0.099284887313843
0.089187860488892
0.096277952194214
0.10221004486084
0.10669898986816
0.095053911209106
0.095535039901733
0.097998142242432
0.095564126968384
0.093219041824341
0.13545703887939
0.10076594352722
0.090698003768921
0.090463876724243
0.093877077102661
0.09599494934082
0.094974994659424
0.09537410736084
0.092216968536377
0.092788934707642
0.097743988037109
0.09166407585144
0.098023891448975
0.095864057540894
0.098522901535034
0.10913515090942
0.099332094192505
0.093775987625122
0.096017837524414
0.095375061035156
0.09381890296936
0.095630884170532
0.09325385093689
0.10856008529663
0.10167789459229
0.09894585609436
0.098579883575439
0.097194194793701
0.10515904426575
0.099507093429565
0.095498085021973
0.2126898765564
0.10020184516907
0.095247983932495
0.10413408279419
0.098235130310059
0.10685610771179
0.097119092941284
0.098625183105469
0.099045991897583
0.095445156097412
0.10303902626038
0.095311880111694
0.10468697547913
0.10056209564209
0.098387002944946
0.096853017807007
0.101243019104
0.10119915008545
0.097596883773804
0.098635911941528
0.092355012893677
0.10257601737976
0.11136507987976
0.090069055557251
0.10548996925354
0.10693001747131
0.093385934829712
0.098548889160156
0.092926025390625
0.11002397537231
0.098988056182861
0.096451044082642
0.10774207115173
0.093929052352905
0.10515117645264
0.089860200881958
0.094865083694458
0.095196962356567
0.10267400741577
0.10276103019714
0.097218036651611
0.095289945602417
0.10296392440796
0.1274299621582
0.09345006942749
0.096200942993164
0.10000586509705
0.10012292861938
0.10105490684509
0.09951114654541
0.094885110855103
0.10468196868896
0.098591804504395
0.097957134246826
0.095582008361816
0.099671125411987
0.10511207580566
0.10251092910767
0.096512079238892
0.10554003715515
0.10316801071167
0.088878154754639
0.089830160140991
0.097795963287354
0.10881781578064
0.099390029907227
0.098535060882568
0.10737800598145
0.11505913734436
0.10138392448425
0.10014414787292
0.09567403793335
0.094182968139648
0.10677599906921
0.099530935287476
0.097929000854492
0.092558860778809
0.092607021331787
0.092674016952515
0.093797922134399
0.11916399002075
0.10804915428162
0.10060405731201
0.10280895233154
0.099206924438477
0.10266304016113
0.10255217552185
0.10291981697083
0.096775054931641
0.093328952789307
0.098520994186401
0.10090208053589
0.1036229133606
0.095388889312744
0.097861051559448
0.094558000564575
0.099655866622925
0.10839986801147
0.094470024108887
0.10106301307678
0.093861103057861
0.097186803817749
0.10999989509583
0.091655015945435
0.10431504249573
0.10508894920349
0.099382877349854
0.098587036132812
0.097352981567383
0.10793709754944
0.096616983413696
0.09980297088623
0.094939947128296
0.11078691482544
0.10414385795593
0.097249031066895
0.091936826705933
0.099337100982666
0.094718933105469
0.093042135238647
0.094686031341553
0.0955810546875
0.098419189453125
0.098078966140747
0.099321126937866
0.098763942718506
0.10003685951233
0.103924036026
0.097973823547363
0.095360994338989
0.095055103302002
0.10116577148438
0.096078872680664
0.10874700546265
0.095020055770874
0.091663122177124
0.10841917991638
0.093706130981445
0.094870090484619
0.093285799026489
0.10545110702515
0.10265398025513
0.099375009536743
0.10707211494446
0.094672918319702
0.097069025039673
0.10496592521667
0.10356903076172
0.10068917274475
0.10029196739197
0.1298840045929
0.10396385192871
0.094491004943848
0.10090303421021
0.1059398651123
0.092689037322998
0.10303711891174
0.091326951980591
0.10939717292786
0.1027090549469
0.10002398490906
0.11527514457703
0.099832057952881
0.10599994659424
0.10041499137878
0.090199947357178
0.09075403213501
0.095370054244995
0.10455012321472
0.10045909881592
0.097816944122314
0.095506191253662
0.09555721282959
0.096601009368896
0.1058349609375
0.098804950714111
0.091253042221069
0.096025943756104
0.093457937240601
0.093599796295166
0.10542988777161
0.10051798820496
0.09566593170166
0.10060095787048
0.093860149383545
0.10154819488525
0.09821605682373
0.097320079803467
0.10855221748352
0.10500693321228
0.09839916229248
0.095856904983521
0.094080924987793
0.099244832992554
0.095783948898315
0.098629951477051
0.10287594795227
0.092806816101074
0.09417200088501
0.093736171722412
0.10222291946411
0.092537879943848
0.09659218788147
0.10329914093018
0.10626292228699
0.089533090591431
0.10110902786255
0.093647003173828
0.10159492492676
0.10565900802612
0.11168217658997
0.10267901420593
0.10150194168091
0.095745086669922
0.093875885009766
0.10362005233765
0.094114065170288
0.10614204406738
0.10060596466064
0.10209107398987
0.097913980484009
0.10648012161255
0.089378118515015
0.11453008651733
0.092695951461792
0.096045970916748
0.10499811172485
0.098083019256592
0.098361968994141
0.098053932189941
0.098721981048584
0.093863010406494
0.099024057388306
0.10152912139893
0.094699144363403
0.099605798721313
0.10496211051941
0.11083006858826
0.097162961959839
0.091774940490723
0.098577976226807
0.10081791877747
0.099628925323486
0.098922967910767
0.10483407974243
0.094648122787476
0.10305881500244
0.093369007110596
0.096624851226807
0.10224795341492
0.098227977752686
0.10778117179871
0.096924066543579
0.089777946472168
0.099322080612183
0.10440182685852
0.11960196495056
0.10089492797852
0.10203909873962
0.095833778381348
0.11467719078064
0.10180592536926
0.090723991394043
0.094985961914062
0.096524953842163
0.094631910324097
0.095517158508301
0.095499992370605
0.10580587387085
0.10333704948425
0.09361720085144
0.089087009429932
0.096858024597168
0.10102581977844
0.090848922729492
0.096724033355713
0.090677976608276
0.0954430103302
0.10171103477478
0.10226511955261
0.10477709770203
0.12168598175049
0.095152854919434
0.093609094619751
0.099677801132202
0.097983121871948
0.093616008758545
0.096269130706787
0.099265813827515
0.099999189376831
0.10085582733154
0.098805904388428
0.094025135040283
0.10485887527466
0.099195003509521
0.098140954971313
0.11001992225647
0.11201095581055
0.098460912704468
0.10013604164124
0.09282398223877
0.091700077056885
0.10433983802795
0.10123801231384
0.1018660068512
0.099107027053833
0.097742080688477
0.097131013870239
0.10588979721069
0.093362808227539
0.090147018432617
0.10264801979065
0.1019229888916
0.098352909088135
0.094486951828003
0.10132789611816
0.090810060501099
0.10426306724548
0.11063385009766
0.11389112472534
0.094419002532959
0.098811149597168
0.096551895141602
0.092646837234497
0.092881917953491
0.099103927612305
0.093616962432861
0.1035737991333
0.096444129943848
0.097157001495361
0.10430908203125
0.10350513458252
0.098253965377808
0.099896907806396
0.10095906257629
0.10096907615662
0.10779285430908
0.097315073013306
0.096459150314331
0.098471879959106
0.094014883041382
0.095461845397949
0.099884033203125
0.11029005050659
0.09435510635376
0.094824075698853
0.10184216499329
0.09307599067688
0.098863124847412
0.092235088348389
0.091904878616333
0.096181869506836
0.10289812088013
0.112713098526
0.10362696647644
0.097943067550659
0.10145807266235
0.096183061599731
0.099527835845947
0.091139078140259
0.098718166351318
0.094307899475098
0.096558094024658
0.091511964797974
0.10572600364685
0.12290692329407
0.10208010673523
0.091965913772583
0.10297703742981
0.09752893447876
0.089164018630981
0.099314212799072
0.09511399269104
0.1046450138092
0.092404127120972
0.13766598701477
0.10125207901001
0.09089207649231
0.093446016311646
0.092725992202759
0.10396695137024
0.093652963638306
0.087033033370972
0.096521139144897
0.12626004219055
0.095234870910645
0.091567039489746
0.10492515563965
0.10327816009521
0.098254919052124
0.095583915710449
0.097275018692017
0.09784197807312
0.10680985450745
0.096891164779663
0.096334934234619
0.11080193519592
0.098037004470825
0.10545516014099
0.1021580696106
0.099390983581543
0.093874931335449
0.093530893325806
0.096312046051025
0.096829891204834
0.098936080932617
0.08965802192688
0.095383167266846
0.095215082168579
0.1012499332428
0.098495960235596
0.092526912689209
0.10416507720947
0.10229802131653
0.093916177749634
0.092433929443359
0.096457004547119
0.10570788383484
0.10508513450623
0.10895204544067
0.10217094421387
0.097838163375854
0.10073304176331
0.09750509262085
0.089828014373779
0.092935085296631
0.097041845321655
0.094413042068481
0.094345092773438
0.092171907424927
0.10559177398682
0.1010730266571
0.095302104949951
0.098644018173218
0.09987998008728
0.097944021224976
0.091582059860229
0.094961881637573
0.093349933624268
0.093055009841919
0.10499787330627
0.10151600837708
0.092278003692627
0.2166121006012
0.09674596786499
0.098637104034424
0.095779895782471
0.095571994781494
0.094377040863037
0.096586942672729
0.099172115325928
0.095597982406616
0.1087589263916
0.11150717735291
0.09066104888916
0.10560607910156
0.090591907501221
0.090819120407104
0.1104850769043
0.097589015960693
0.10105180740356
0.095499038696289
0.091422080993652
0.10502886772156
0.10040998458862
0.099879026412964
0.096983909606934
0.10052680969238
0.10036015510559
0.098812103271484
0.091830968856812
0.21588611602783
0.20460295677185
0.10412812232971
0.099249839782715
0.092864036560059
0.11185312271118
0.094281911849976
0.095303058624268
0.10429406166077
0.099658966064453
0.094544172286987
0.094208002090454
0.097892999649048
0.10613799095154
0.097988843917847
0.099058151245117
0.093238115310669
0.099496841430664
0.11157298088074
0.10015392303467
0.10139989852905
0.095459938049316
0.10047197341919
0.097582817077637
0.091634035110474
0.094961166381836
0.09238600730896
0.092468023300171
0.10444712638855
0.095901012420654
0.093827962875366
0.092967987060547
0.10014200210571
0.091904878616333
0.092839002609253
0.095831155776978
0.10078501701355
0.091404914855957
0.097955942153931
0.10177183151245
0.097831010818481
0.10428714752197
0.11917519569397
0.10849189758301
0.10207200050354
0.096916913986206
0.10218191146851
0.10359501838684
0.096585988998413
0.095256090164185
0.097176074981689
0.095624923706055
0.093698024749756
0.11614298820496
0.10658288002014
0.09008002281189
0.09380316734314
0.10038995742798
0.09175181388855
0.099147081375122
0.10119700431824
0.091198921203613
0.098812103271484
0.099748849868774
0.10392904281616
0.099014043807983
0.095299005508423
0.10268306732178
0.10136795043945
0.097498893737793
0.099797010421753
0.10494184494019
0.10268807411194
0.097585201263428
0.097280025482178
0.097693920135498
0.10362005233765
0.09626293182373
0.10489583015442
0.1029942035675
0.095562934875488
0.10382890701294
0.097136974334717
0.090988874435425
0.10060596466064
0.09589695930481
0.10259318351746
0.096061944961548
0.11285591125488
0.10101509094238
0.093915224075317
0.097311019897461
0.092859983444214
0.10257005691528
0.10765314102173
0.10208487510681
0.096857070922852
0.094609975814819
0.099891185760498
0.10474991798401
0.096806049346924
0.094488859176636
0.10878586769104
0.10444283485413
0.10202598571777
0.11656999588013
0.090672969818115
0.092209815979004
0.092400074005127
0.09619402885437
0.092832088470459
0.10353517532349
0.10024619102478
0.096411943435669
0.090816020965576
0.093276977539062
0.10142707824707
0.095704078674316
0.093155145645142
0.092867136001587
0.10166811943054
0.091770172119141
0.10027694702148
0.10293793678284
0.093973159790039
0.10077404975891
0.10138607025146
0.096550941467285
0.11179113388062
0.092468023300171
0.096079111099243
0.097174882888794
0.1002779006958
0.096117973327637
0.098762035369873
0.096137046813965
0.093803882598877
0.10290312767029
0.10090804100037
0.097405910491943
0.098896980285645
0.10402321815491
0.10751795768738
0.10067486763
0.092212915420532
0.10768985748291
0.098239898681641
0.10987997055054
0.095434904098511
0.11331796646118
0.097288131713867
0.094973802566528
0.096014976501465
0.10531187057495
0.093959093093872
0.10780882835388
0.094192028045654
0.094126224517822
0.10459995269775
0.1035680770874
0.09863805770874
0.099329948425293
0.10648417472839
0.095817089080811
0.10199689865112
0.10558009147644
0.093330860137939
0.091283082962036
0.097404003143311
0.13481688499451
0.097117900848389
0.096024990081787
0.094955921173096
0.10129809379578
0.10262680053711
0.10199904441833
0.099987030029297
0.098145008087158
0.099589824676514
0.10928297042847
0.093161106109619
0.099956035614014
0.09225606918335
0.095526933670044
0.092097997665405
0.10425615310669
0.10154604911804
0.10062003135681
0.11010885238647
0.091389179229736
0.090113878250122
0.091907978057861
0.098719120025635
0.10499405860901
0.08565616607666
0.093069076538086
0.088869094848633
0.095630884170532
0.09648585319519
0.098781824111938
0.09406590461731
0.0970299243927
0.093222141265869
0.098719835281372
0.12225699424744
0.095303058624268
0.09890604019165
0.09926700592041
0.097956895828247
0.095372915267944
0.10235595703125
0.097761869430542
0.091567993164062
0.095884084701538
0.093897104263306
0.096940040588379
0.095824003219604
0.09916090965271
0.094640970230103
0.097254037857056
0.094827175140381
0.09002685546875
0.094648122787476
0.091958045959473
0.10344099998474
0.095147132873535
0.091601133346558
0.10014796257019
0.095618009567261
0.1008141040802
0.10264492034912
0.09918999671936
0.095999002456665
0.092664003372192
0.091164112091064
0.093472003936768
0.098597049713135
0.097740888595581
0.10276293754578
0.09539794921875
0.11696004867554
0.09242582321167
0.10659694671631
0.10992884635925
0.094931840896606
0.094350099563599
0.096463918685913
0.095068216323853
0.14068102836609
0.10867691040039
0.097981929779053
0.10052800178528
0.093961000442505
0.10806393623352
0.10485792160034
0.10037589073181
0.11070990562439
0.094563961029053
0.095686912536621
0.092976093292236
0.096434116363525
0.092804193496704
0.096902132034302
0.10148596763611
0.091611862182617
0.097405910491943
0.09684419631958
0.10188817977905
0.10569095611572
0.10517811775208
0.10071301460266
0.090735912322998
0.11230397224426
0.094689130783081
0.094649076461792
0.094174146652222
0.1017849445343
0.093650817871094
0.09616494178772
0.094113826751709
0.09111213684082
0.10864496231079
0.097018003463745
0.10018587112427
0.09564995765686
0.095208883285522
0.1056489944458
0.10251808166504
0.10419011116028
0.10905599594116
0.093914985656738
0.10148310661316
0.092863082885742
0.10035490989685
0.095251798629761
0.092003107070923
0.10197687149048
0.096191883087158
0.10083603858948
0.091357946395874
0.10916686058044
0.098520994186401
0.10110878944397
0.094223022460938
0.10409283638
0.09750509262085
0.094156980514526
0.14434695243835
0.094191074371338
0.096390008926392
0.1053249835968
0.098216772079468
0.096704006195068
0.097450971603394
0.10446214675903
0.10876798629761
0.099496126174927
0.095460176467896
0.11511516571045
0.09027099609375
0.098198890686035
0.13215303421021
0.10137391090393
0.10529398918152
0.092067003250122
0.10197401046753
0.10212993621826
0.099686145782471
0.098977088928223
0.10373902320862
0.099343061447144
0.14331793785095
0.10516619682312
0.092517852783203
0.087748050689697
0.097546815872192
0.092934846878052
0.10395908355713
0.097694158554077
0.10819315910339
0.10836982727051
0.092519044876099
0.091504096984863
0.11945486068726
0.098006010055542
0.098381996154785
0.096354007720947
0.097337007522583
0.099384069442749
0.10170102119446
0.092922925949097
0.098557949066162
0.10412096977234
0.098248958587646
0.10344481468201
0.098784923553467
0.11035704612732
0.10522389411926
0.10167098045349
0.10371088981628
0.10347604751587
0.093209028244019
0.10469198226929
0.092735052108765
0.11284804344177
0.093869924545288
0.10149097442627
0.10013294219971
0.096809148788452
0.095986843109131
0.10970616340637
0.094151020050049
0.093575000762939
0.10510206222534
0.095923900604248
0.096362113952637
0.09368896484375
0.097617864608765
0.0955491065979
0.091356992721558
0.20576190948486
0.097882986068726
0.097397804260254
0.090573072433472
0.092320919036865
0.10182094573975
0.11185908317566
0.093143939971924
0.098239183425903
0.09096884727478
0.097669124603271
0.10271096229553
0.10738611221313
0.093384981155396
0.10349297523499
0.10008502006531
0.092976093292236
0.1082718372345
0.10009407997131
0.1062159538269
0.10152101516724
0.10787606239319
0.099004983901978
0.093982219696045
0.092850923538208
0.10067796707153
0.10485792160034
0.10620498657227
0.09677791595459
0.095246076583862
0.091229200363159
0.10032486915588
0.099975109100342
0.11605000495911
0.10303497314453
0.098849058151245
0.094477891921997
0.098927021026611
0.1218318939209
0.09621000289917
0.096437931060791
0.099735021591187
0.091670036315918
0.10022497177124
0.092647075653076
0.1029360294342
0.089489936828613
0.093512058258057
0.08972692489624
0.097435235977173
0.10083293914795
0.095022916793823
0.099039077758789
0.10109400749207
0.099015951156616
0.099311113357544
0.10462784767151
0.092410802841187
0.10831880569458
0.10350799560547
0.096980094909668
0.096189975738525
0.094995975494385
0.10070109367371
0.098361968994141
0.093883991241455
0.092900991439819
0.094798803329468
0.093034029006958
0.11300802230835
0.092166900634766
0.10105204582214
0.10247015953064
0.095088958740234
0.10837483406067
0.099126100540161
0.10110783576965
0.40257287025452
0.095341920852661
0.1062970161438
0.094059944152832
0.093305110931396
0.10253095626831
0.090630054473877
0.093693971633911
0.098875045776367
0.20683598518372
0.10398697853088
0.10527110099792
0.095806121826172
0.092232942581177
0.097028970718384
0.093717098236084
0.091547012329102
0.09765100479126
0.092046022415161
0.09358286857605
0.09648609161377
0.092504024505615
0.10265898704529
0.09246301651001
0.097781896591187
0.10190987586975
0.10032296180725
0.10671091079712
0.089213132858276
0.099875926971436
0.091746807098389
0.098083972930908
0.13720607757568
0.092020988464355
0.096810102462769
0.10719203948975
0.11248397827148
0.091289043426514
0.10756301879883
0.094648838043213
0.10098505020142
0.10514402389526
0.10248112678528
0.097815036773682
0.098583936691284
0.096137046813965
0.10734701156616
0.091850996017456
0.092073202133179
0.093793869018555
0.092884063720703
0.099440097808838
0.10691499710083
0.09047794342041
0.10003304481506
0.098592042922974
0.10476803779602
0.10228085517883
0.13619494438171
0.095511913299561
0.10852813720703
0.096488952636719
0.096704959869385
0.10147190093994
0.10182189941406
0.0939040184021
0.10167098045349
0.10001993179321
0.10085797309875
0.10358905792236
0.093899965286255
0.10187315940857
0.10395002365112
0.10536599159241
0.099842071533203
0.095639228820801
0.093310117721558
0.10951209068298
0.091401815414429
0.09519100189209
0.092712879180908
0.099233150482178
0.099150896072388
0.09805703163147
0.096618175506592
0.10036706924438
0.093080043792725
0.090991020202637
0.098660230636597
0.11460900306702
0.096116065979004
0.098587036132812
0.10076498985291
0.090895891189575
0.10715198516846
0.15580105781555
0.10479712486267
0.11287879943848
0.09929084777832
0.097537040710449
0.091264009475708
0.090063095092773
0.096097946166992
0.10227489471436
0.095539808273315
0.093545913696289
0.093713998794556
0.093097925186157
0.093151092529297
0.094555139541626
0.10139393806458
0.10639691352844
0.10608506202698
0.095148086547852
0.096789121627808
0.10343599319458
0.092835903167725
0.10241198539734
0.096577167510986
0.093286037445068
0.10576891899109
0.10599303245544
0.10063695907593
0.10448789596558
0.0988929271698
0.10261702537537
0.095480918884277
0.097994089126587
0.10656118392944
0.10136699676514
0.098310947418213
0.10161399841309
0.1013011932373
0.095372915267944
0.094539165496826
0.097893953323364
0.10982394218445
0.11396479606628
0.094567775726318
0.093763828277588
0.10013699531555
0.098341941833496
0.089776992797852
0.10335683822632
0.11039400100708
0.1050591468811
0.095200061798096
0.094913005828857
0.099807024002075
0.094804048538208
0.092746019363403
0.098855972290039
0.10130095481873
0.10678911209106
0.096395969390869
0.10261988639832
0.093750953674316
0.098577976226807
0.09588885307312
0.096585035324097
0.10042500495911
0.10228109359741
0.093980073928833
0.10311198234558
0.094218969345093
0.094475984573364
0.099272012710571
0.10565304756165
0.10760307312012
0.094169855117798
0.099685907363892
0.095689058303833
0.091349124908447
0.10843396186829
0.10460686683655
0.1024911403656
0.09803318977356
0.092968940734863
0.091315984725952
0.094235181808472
0.10470581054688
0.097832918167114
0.099331140518188
0.095491886138916
0.10265111923218
0.095458984375
0.09975004196167
0.11223101615906
0.1114490032196
0.10516214370728
0.087232112884521
0.10013484954834
0.094308137893677
0.098668098449707
0.093447923660278
0.090569019317627
0.099004983901978
0.096956014633179
0.099792003631592
0.093137979507446
0.1059730052948
0.089967012405396
0.088679075241089
0.093970060348511
0.11265802383423
0.10204815864563
0.098474025726318
0.10049200057983
0.092883110046387
0.09563684463501
0.096533060073853
0.10705399513245
0.0919349193573
0.090451002120972
0.10303211212158
0.098278999328613
0.10219502449036
0.092284202575684
0.096782922744751
0.10074090957642
0.10100221633911
0.11273312568665
0.1064248085022
0.093754053115845
0.094325065612793
0.094747066497803
0.09986400604248
0.11018896102905
0.10014915466309
0.099709987640381
0.092427015304565
0.091522932052612
0.097193002700806
0.09391713142395
0.10386085510254
0.098496198654175
0.12967705726624
0.10080790519714
0.093429088592529
0.090580940246582
0.09731388092041
0.099400043487549
0.096800088882446
0.09630298614502
0.1004581451416
0.090561151504517
0.09592604637146
0.10403800010681
0.099699974060059
0.088855028152466
0.092346906661987
0.10134696960449
0.091840982437134
0.10226392745972
0.10049700737
0.09588098526001
0.10189986228943
0.0971519947052
0.094058990478516
0.096720933914185
0.092824935913086
0.094571113586426
0.1102511882782
0.094115018844604
0.098047018051147
0.10225296020508
0.098678112030029
0.09293007850647
0.094464063644409
0.10137009620667
0.10218691825867
0.1004638671875
0.10083198547363
0.12070393562317
0.093245029449463
0.094041109085083
0.1047191619873
0.11183094978333
0.095586061477661
0.10199189186096
0.090793132781982
0.10277390480042
0.1048800945282
0.096513986587524
0.096426010131836
0.094681978225708
0.10007286071777
0.096286058425903
0.098366975784302
0.10668611526489
0.10482001304626
0.097979068756104
0.10172891616821
0.10006189346313
0.091797828674316
0.1037769317627
0.10149192810059
0.11022615432739
0.09999418258667
0.11678099632263
0.099729061126709
0.10367584228516
0.095263957977295
0.1008358001709
0.1029040813446
0.10124707221985
0.11989998817444
0.09700083732605
0.10034108161926
0.09764289855957
0.096900939941406
0.093929052352905
0.10648202896118
0.095981121063232
0.1014199256897
0.10090017318726
0.095973968505859
0.10284900665283
0.095784902572632
0.099364042282104
0.08928108215332
0.092679977416992
0.1055121421814
0.10387682914734
0.09322714805603
0.13233804702759
0.093713998794556
0.093366861343384
0.10073590278625
0.10249304771423
0.090630054473877
0.094084024429321
0.09833812713623
0.090997934341431
0.099350929260254
0.098613977432251
0.098829984664917
0.1009259223938
0.10671091079712
0.11798596382141
0.10470986366272
0.095522165298462
0.099902868270874
0.10173797607422
0.095530986785889
0.10597586631775
0.095432996749878
0.097326993942261
0.096735000610352
0.092625856399536
0.098047971725464
0.11632895469666
0.098897933959961
0.10340213775635
0.097700834274292
0.097656011581421
0.10504579544067
0.10967493057251
0.096200942993164
0.12853407859802
0.10188293457031
0.10891199111938
0.092903137207031
0.090091943740845
0.092436075210571
0.10045981407166
0.09099006652832
0.096405982971191
0.10276198387146
0.10002207756042
0.10396313667297
0.096599102020264
0.094774961471558
0.10299897193909
0.093506097793579
0.099792957305908
0.10319399833679
0.089879035949707
0.099075078964233
0.092162132263184
0.097033023834229
0.10404992103577
0.10815691947937
0.098867893218994
0.10300803184509
0.094547986984253
0.095288991928101
0.094927072525024
0.10623788833618
0.091150999069214
0.091342926025391
0.093565940856934
0.095399856567383
0.10219693183899
0.096721172332764
0.088509082794189
0.10182094573975
0.098689079284668
0.09986400604248
0.10245394706726
0.088286876678467
0.10244107246399
0.11252689361572
0.089313983917236
0.099797010421753
0.096127986907959
0.097719192504883
0.097124814987183
0.097710847854614
0.10393881797791
0.098867177963257
0.096114873886108
0.093430042266846
0.099739074707031
0.099210977554321
0.098383903503418
0.10618305206299
0.10453510284424
0.1000669002533
0.093793153762817
0.11865186691284
0.09393310546875
0.09914493560791
0.097412824630737
0.09321403503418
0.099706888198853
0.095234870910645
0.093014001846313
0.10179305076599
0.10198593139648
0.098843097686768
0.10219502449036
0.098582983016968
0.090442895889282
0.09194016456604
0.090970039367676
0.090668916702271
0.095249176025391
0.092644929885864
0.11132597923279
0.09412693977356
0.092480182647705
0.099293947219849
0.097639799118042
0.091109037399292
0.097772121429443
0.10303092002869
0.094605922698975
0.10772395133972
0.094989061355591
0.090699911117554
0.093158960342407
0.089729070663452
0.095537185668945
0.10061502456665
0.10240197181702
0.09315013885498
0.097781896591187
0.12170004844666
0.096847772598267
0.093860149383545
0.097610950469971
0.093361139297485
0.095554828643799
0.10037517547607
0.09869909286499
0.096981048583984
0.10694193840027
0.096542119979858
0.093950033187866
0.10198402404785
0.089457988739014
0.094195127487183
0.089775085449219
0.10164594650269
0.095714092254639
0.096510171890259
0.10284399986267
0.10081815719604
0.097072124481201
0.10055208206177
0.095930099487305
0.09401798248291
0.10099601745605
0.10597705841064
0.10595107078552
0.10296583175659
0.099798202514648
0.10440516471863
0.090122938156128
0.1065239906311
0.099496841430664
0.10982394218445
0.10125589370728
0.10215306282043
0.10258007049561
0.089833974838257
0.093937158584595
0.094516038894653
0.095332860946655
0.092818021774292
0.10620903968811
0.091863870620728
0.094694852828979
0.096237897872925
0.09596586227417
0.095458030700684
0.099179983139038
0.094142913818359
0.10263395309448
0.094088077545166
0.10362815856934
0.096053123474121
0.093027830123901
0.09320592880249
0.094928026199341
0.10532593727112
0.094205856323242
0.095824003219604
0.093593835830688
0.092837810516357
0.095138788223267
0.095571994781494
0.089149951934814
0.095027923583984
0.11124897003174
0.09269905090332
0.095077991485596
0.095363140106201
0.096100091934204
0.090948104858398
0.39767718315125
0.10006380081177
0.10265183448792
0.10645198822021
0.094232797622681
0.11575508117676
0.095700025558472
0.10314893722534
0.092792987823486
0.093780040740967
0.092201948165894
0.10165500640869
0.09431004524231
0.103600025177
0.10159087181091
0.094027996063232
0.096264123916626
0.099443912506104
0.097047805786133
0.09502911567688
0.094021081924438
0.098644018173218
0.098203897476196
0.10700297355652
0.094690084457397
0.10085892677307
0.091483116149902
0.095004081726074
0.096786975860596
0.099625110626221
0.093393087387085
0.10237598419189
0.099019050598145
0.10237598419189
0.098261833190918
0.10560488700867
0.096256017684937
0.10173010826111
0.10585713386536
0.10364198684692
0.10029816627502
0.099822998046875
0.098613977432251
0.090555906295776
0.093782901763916
0.093655109405518
0.093745946884155
0.096835136413574
0.1014130115509
0.10578203201294
0.10469102859497
0.098887920379639
0.094741106033325
0.10531306266785
0.12225294113159
0.10158395767212
0.11031699180603
0.10336995124817
0.10147595405579
0.10388016700745
0.098595142364502
0.10010099411011
0.091866016387939
0.11057305335999
0.09292197227478
0.11006903648376
0.14036512374878
0.095479011535645
0.090846061706543
0.10196185112
0.090169906616211
0.092483043670654
0.092029094696045
0.092691898345947
0.10683393478394
0.097806930541992
0.10182809829712
0.090182065963745
0.093065023422241
0.097850799560547
0.10168600082397
0.10276389122009
0.096880912780762
0.097697019577026
0.12149095535278
0.091763973236084
0.10042691230774
0.09972095489502
0.094460010528564
0.096994876861572
0.097846984863281
0.089622020721436
0.098220109939575
0.10021591186523
0.10251188278198
0.098560094833374
0.095459938049316
0.098735809326172
0.098864078521729
0.09511399269104
0.097339868545532
0.10686612129211
0.09851598739624
0.097486972808838
0.096525907516479
0.097925901412964
0.10765981674194
0.11045098304749
0.099147081375122
0.095965147018433
0.11262798309326
0.10182499885559
0.097593784332275
0.092164993286133
0.099571943283081
0.10965394973755
0.10162806510925
0.099364995956421
0.094697952270508
0.096266031265259
0.10056900978088
0.094348907470703
0.10135197639465
0.094568014144897
0.093224048614502
0.096389055252075
0.10382390022278
0.099951028823853
0.092664003372192
0.090872049331665
0.091754913330078
0.10188102722168
0.10129189491272
0.091614961624146
0.091670036315918
0.096397876739502
0.10929012298584
0.092725038528442
0.10366797447205
0.09302020072937
0.096922159194946
0.092314004898071
0.098165035247803
0.094818115234375
0.095708131790161
0.10095000267029
0.093501091003418
0.096204042434692
0.11452007293701
0.094856023788452
0.091341972351074
0.092286109924316
0.10781693458557
0.095654964447021
0.098423004150391
0.096590995788574
0.094031095504761
0.092272996902466
0.10065984725952
0.10148000717163
0.091004133224487
0.090151786804199
0.094848155975342
0.091391086578369
0.093625068664551
0.096812963485718
0.092847108840942
0.10279297828674
0.096848964691162
0.091512203216553
0.1021089553833
0.096982955932617
0.10132193565369
0.088475942611694
0.10334491729736
0.096190929412842
0.097970962524414
0.10324597358704
0.092035055160522
0.11078786849976
0.092530965805054
0.097676992416382
0.094538927078247
0.1020200252533
0.15858507156372
0.098026037216187
0.093108892440796
0.096280097961426
0.1068639755249
0.090842008590698
0.094145059585571
0.11016297340393
0.09443187713623
0.098820924758911
0.091662883758545
0.1027889251709
0.10325598716736
0.10055088996887
0.10561084747314
0.095049142837524
0.10876679420471
0.097801923751831
0.10978007316589
0.096910953521729
0.10341501235962
0.095035076141357
0.10568499565125
0.10082697868347
0.094817161560059
0.10203504562378
0.10904788970947
0.090998888015747
3.229367017746
0.096153974533081
0.094670057296753
0.10166716575623
0.10255694389343
0.094573974609375
0.097347974777222
0.093233823776245
0.10333609580994
0.10127902030945
0.090019941329956
0.094852924346924
0.099647998809814
0.10471796989441
0.10318684577942
0.089321136474609
0.10233807563782
0.094465017318726
0.094893932342529
0.10696601867676
0.092007875442505
0.10437202453613
0.097848892211914
0.098474025726318
0.10963606834412
0.098792791366577
0.099912881851196
0.096497058868408
0.088876962661743
0.099901914596558
0.096599102020264
0.099127054214478
0.10899591445923
0.1042959690094
0.098008155822754
0.091126203536987
0.10347199440002
0.098716020584106
0.10098886489868
0.10343194007874
0.1007080078125
0.091207027435303
3.5287480354309
0.091495990753174
0.099652051925659
0.10774183273315
0.10168099403381
0.093096017837524
0.095187902450562
0.098730087280273
0.1172411441803
0.096009016036987
0.11321687698364
0.10130906105042
0.10128092765808
0.10071182250977
0.093960046768188
0.09850001335144
0.093646049499512
0.10209202766418
0.10230493545532
0.094470024108887
0.10116386413574
0.095495223999023
0.096603870391846
0.090337991714478
0.10227203369141
0.11366510391235
0.09851598739624
0.093451976776123
0.10547614097595
0.099135875701904
0.093072891235352
0.09581995010376
0.094629049301147
0.093791007995605
0.09998893737793
0.098836898803711
0.099416971206665
0.09283709526062
0.093014001846313
0.096004009246826
0.11057996749878
0.089178085327148
0.10485601425171
0.098551034927368
0.097523927688599
0.092010974884033
0.097794055938721
0.088821172714233
0.095249891281128
0.10240411758423
0.094583988189697
0.095144987106323
0.097298145294189
0.10610914230347
0.09998607635498
0.097424983978271
0.097589015960693
0.100017786026
0.09507417678833
0.098220109939575
0.14156103134155
0.090972900390625
0.10643792152405
0.10079407691956
0.10432696342468
0.10974979400635
0.10519099235535
0.093966960906982
0.094552040100098
0.095849990844727
0.092447996139526
0.095160007476807
0.10937905311584
0.091433048248291
0.10332107543945
0.098864078521729
0.10200691223145
0.10113787651062
0.091969966888428
0.092447996139526
0.10296821594238
0.093416213989258
0.088746070861816
0.098639011383057
0.092018127441406
0.1007399559021
0.097589015960693
0.096184015274048
0.088031053543091
0.10343790054321
0.094316959381104
0.098077058792114
0.099268198013306
0.098243951797485
0.096340179443359
0.098621129989624
0.10698199272156
0.097786903381348
0.092489957809448
0.10015988349915
0.095469951629639
0.096057891845703
0.092202186584473
0.10903906822205
0.090133190155029
0.11468720436096
0.091578960418701
0.11029386520386
0.10020995140076
0.090826034545898
0.094779968261719
0.09277081489563
0.12002301216125
0.094166994094849
0.12509989738464
0.10314297676086
0.098315000534058
0.10101795196533
0.091897964477539
0.10261106491089
0.093636035919189
0.094105958938599
0.092574119567871
0.095216989517212
0.096776962280273
0.0990309715271
0.095728874206543
0.092686176300049
0.097815036773682
0.11496806144714
0.10622310638428
0.091281175613403
0.091632127761841
0.099997997283936
0.099138975143433
0.09783411026001
0.092099905014038
0.090949058532715
0.099585056304932
0.097298860549927
0.098901987075806
0.10945606231689
0.094199895858765
0.098944187164307
0.09931206703186
0.088740110397339
0.098625898361206
0.10534811019897
0.096529960632324
0.11705493927002
0.10526394844055
0.098057985305786
0.10699796676636
0.095188856124878
0.10162401199341
0.094399929046631
0.09538197517395
0.092503070831299
0.096997976303101
0.091056823730469
0.090857982635498
0.096807956695557
0.10726499557495
0.11381411552429
0.095818996429443
0.095003843307495
0.090852975845337
0.090285062789917
0.10529589653015
0.10070419311523
0.090909004211426
0.092252016067505
0.097208023071289
0.09430718421936
0.10085391998291
0.10259795188904
0.12156581878662
0.10197496414185
0.09611988067627
0.10507893562317
0.094556093215942
0.090633869171143
0.098433971405029
0.098703861236572
0.10198497772217
0.096730947494507
0.1133120059967
0.092982053756714
0.093975782394409
0.097550868988037
0.10214805603027
0.10653614997864
0.10899114608765
0.094095945358276
0.1034471988678
0.089267015457153
0.10581398010254
0.10672283172607
0.096917867660522
0.093917846679688
0.10108804702759
0.10544300079346
0.10306310653687
0.089051961898804
0.091395139694214
0.090651988983154
0.097685098648071
0.098241090774536
0.10148286819458
0.095010995864868
0.097934007644653
0.099111080169678
0.095644950866699
0.19729804992676
0.090230941772461
0.093089818954468
0.094287157058716
0.099792003631592
0.10832500457764
0.097543954849243
0.09456992149353
0.096678018569946
0.095248937606812
0.11447286605835
0.10384583473206
0.099625110626221
0.096709966659546
0.092434883117676
0.091437101364136
0.094468116760254
0.094663143157959
0.10428595542908
0.11884212493896
0.099579095840454
0.096821069717407
0.098325967788696
0.098572969436646
0.1088809967041
0.091743946075439
0.10332608222961
0.094977140426636
0.098156929016113
0.091437816619873
0.094193935394287
0.1214759349823
0.098206043243408
0.093916893005371
0.11013698577881
0.097718000411987
0.094974994659424
0.097867965698242
0.10080003738403
0.092616081237793
0.10276699066162
0.10333013534546
0.094743967056274
0.10083889961243
0.094078063964844
0.092862129211426
0.092767000198364
0.14109396934509
0.094451904296875
0.097328901290894
0.11586999893188
0.1082820892334
0.089455127716064
0.10036110877991
0.097978830337524
0.10561919212341
0.097115993499756
0.095318078994751
0.0938401222229
0.093158960342407
0.093055963516235
0.097748041152954
0.10299706459045
0.090362071990967
0.10325002670288
0.10318112373352
0.093278169631958
0.11185193061829
0.096502065658569
0.096636056900024
0.094835996627808
0.090625047683716
0.098434925079346
0.098271131515503
0.1000440120697
0.092350959777832
0.096840858459473
0.095261096954346
0.10421991348267
0.096875905990601
0.10080003738403
0.090565919876099
0.098530054092407
0.089884996414185
0.10722780227661
0.094595193862915
0.099981069564819
0.095999002456665
0.096987009048462
0.096442937850952
0.09583592414856
0.090998888015747
0.11270594596863
0.094660997390747
0.10299491882324
0.091782093048096
0.1066460609436
0.099220037460327
0.10227108001709
0.10634708404541
0.11341905593872
0.098369121551514
0.10660886764526
0.090084791183472
0.098510980606079
0.08979606628418
0.10126304626465
0.10490107536316
0.10134410858154
0.099951028823853
0.10366106033325
0.092188119888306
0.096611976623535
0.092915058135986
0.10469007492065
0.093301057815552
0.097019910812378
0.097514152526855
0.10949897766113
0.095335006713867
0.095922946929932
0.11819100379944
0.09529709815979
0.10982394218445
0.39264106750488
0.10535597801208
0.10139799118042
0.10248994827271
0.096898078918457
0.10065507888794
0.10797095298767
0.099233865737915
0.10085296630859
0.10243892669678
0.092051029205322
0.10082602500916
0.097922086715698
0.10522294044495
0.10024499893188
0.10724520683289
0.10896587371826
0.097455978393555
0.11064386367798
0.094022989273071
0.096525907516479
0.096948146820068
0.097010135650635
0.10089206695557
0.097492218017578
0.10099315643311
0.096289157867432
0.13381791114807
0.10367703437805
0.1105329990387
0.097150087356567
4.0016820430756
0.098133087158203
0.098828792572021
0.10288906097412
0.094032049179077
0.096071004867554
0.10324811935425
0.10098814964294
0.092903852462769
0.09299111366272
0.10833382606506
0.10153198242188
0.19624710083008
0.10017204284668
0.096673011779785
0.092391014099121
0.10487818717957
0.093893051147461
0.10032296180725
0.10706901550293
0.11554908752441
0.095822095870972
0.096237897872925
0.094626903533936
0.099252939224243
0.10024785995483
0.099593162536621
0.097954034805298
0.10723996162415
0.10004091262817
0.10105204582214
0.090335130691528
0.41864395141602
0.092376947402954
0.094005107879639
0.10154294967651
0.10893511772156
0.092974901199341
0.1252760887146
0.11459493637085
0.097098827362061
0.10473299026489
0.093225955963135
0.097054004669189
0.10111594200134
0.097294807434082
0.1097559928894
0.093086004257202
0.095731973648071
0.10404086112976
0.10697913169861
0.10867094993591
0.10327816009521
0.096302032470703
0.10326600074768
0.095360994338989
0.098478078842163
0.09782600402832
0.093638896942139
0.11578297615051
0.097611904144287
0.096673965454102
0.11774301528931
0.11080598831177
0.096405982971191
0.1012499332428
0.10683393478394
0.091699123382568
0.099591016769409
0.09932804107666
0.10500597953796
0.10738205909729
0.099990129470825
0.093066930770874
0.098104953765869
0.09743595123291
0.10574388504028
0.097337007522583
0.098510026931763
0.096982002258301
0.11020302772522
0.09536600112915
0.10327100753784
0.11764097213745
0.092863798141479
0.10135197639465
0.092759847640991
0.10006904602051
0.090918064117432
0.096289873123169
0.10501599311829
0.095151901245117
0.10008502006531
0.09305214881897
0.092653036117554
0.094344139099121
0.10533094406128
0.11037302017212
0.14247798919678
0.094131946563721
0.10606384277344
0.096272945404053
0.095299959182739
0.10120701789856
0.096374034881592
0.10446906089783
0.091289043426514
0.097102165222168
0.098422050476074
0.092158794403076
0.16091680526733
0.094077110290527
0.095461130142212
0.10042595863342
0.10436487197876
0.097470045089722
0.09672999382019
0.097501039505005
0.10114312171936
0.094597101211548
0.10711812973022
0.090694904327393
0.095093965530396
0.097110033035278
0.095578908920288
0.096634864807129
0.099417924880981
0.1102020740509
0.094407796859741
0.098201990127563
0.096235036849976
0.10201096534729
0.098214864730835
0.10328912734985
0.092000961303711
0.10849404335022
0.10234999656677
0.090969085693359
0.088788986206055
0.10991597175598
0.095232963562012
0.092393159866333
0.092659950256348
0.098182916641235
0.093993902206421
0.091559886932373
0.10290312767029
0.096349000930786
0.08991813659668
0.091284990310669
0.095571994781494
0.093674898147583
0.09117603302002
0.094588994979858
0.10016894340515
0.091331958770752
0.095751047134399
0.1071560382843
0.1065399646759
0.099567174911499
0.096101999282837
0.093768119812012
0.095402002334595
0.10068511962891
0.1202929019928
3.5379030704498
0.1008198261261
0.10941290855408
0.09394097328186
0.091485023498535
0.09874701499939
0.096276044845581
0.090119123458862
0.093865156173706
0.10773611068726
0.10090088844299
0.091477155685425
0.099415063858032
0.10032510757446
0.094587802886963
0.099307060241699
0.093389987945557
0.099298000335693
0.094829082489014
0.094793081283569
0.14119100570679
0.089633941650391
0.092849016189575
0.10051298141479
0.1003041267395
0.10693383216858
0.096127986907959
0.11474394798279
0.091272115707397
0.093751907348633
0.091523170471191
0.099323987960815
0.10043001174927
0.098968029022217
0.092303991317749
0.096873998641968
0.097167015075684
0.09874701499939
0.10240197181702
0.097557067871094
0.10224890708923
0.1082968711853
0.091850996017456
0.10795998573303
0.097409009933472
0.095255136489868
0.09400486946106
0.097429990768433
0.098750829696655
0.094398975372314
0.11904692649841
0.11254501342773
0.097975969314575
0.095727920532227
0.23657202720642
0.099289178848267
0.094907999038696
0.10121703147888
0.10138511657715
0.11524391174316
0.099202156066895
0.10306000709534
0.09492301940918
0.10325503349304
0.10453581809998
0.10623097419739
0.10127401351929
0.10151505470276
0.1093487739563
0.11025190353394
0.096732139587402
0.10821986198425
0.095622062683105
0.097079992294312
0.094209909439087
0.1105420589447
0.10080003738403
0.095485925674438
0.096023082733154
0.095794916152954
0.11260318756104
0.09912896156311
0.093738079071045
0.10060095787048
0.11154103279114
0.092302083969116
0.099656105041504
0.095284938812256
0.09275484085083
0.10305714607239
0.11033201217651
0.097246885299683
0.09779691696167
0.09662914276123
0.10968899726868
0.093158006668091
0.089284896850586
0.10371589660645
0.10012292861938
0.094411849975586
0.099535942077637
0.10932683944702
0.10327005386353
0.10605692863464
0.098412990570068
0.094172954559326
0.096055030822754
0.092396974563599
0.094084024429321
0.090231895446777
0.10061097145081
0.098343849182129
0.094919204711914
0.092319011688232
0.096207141876221
0.096131086349487
0.098422050476074
0.10085701942444
0.09949803352356
0.093591928482056
0.098695039749146
0.095407962799072
0.097767114639282
0.093647956848145
0.088788032531738
0.09229302406311
0.10715699195862
0.094157934188843
0.10229587554932
0.23210906982422
0.10027194023132
0.10090398788452
0.10950016975403
0.089457035064697
0.092159032821655
0.10124278068542
0.10174512863159
0.09813404083252
0.092791080474854
0.090951919555664
0.098551988601685
0.097697019577026
0.10361409187317
0.095517873764038
0.10292506217957
0.089552879333496
0.11510300636292
0.10298299789429
0.099110126495361
0.10092711448669
0.095309972763062
0.10271382331848
0.091525077819824
0.096714019775391
0.091084957122803
0.09529185295105
0.093055009841919
0.11063003540039
0.10150194168091
0.095392942428589
0.094517230987549
0.095234870910645
0.09075403213501
0.10471606254578
0.090072870254517
0.09638786315918
0.092140913009644
0.09362006187439
0.11174893379211
0.10899901390076
0.1078200340271
0.095359802246094
0.10549306869507
0.10068416595459
0.10403490066528
0.097146987915039
0.093621015548706
0.09895396232605
0.10430502891541
0.10301113128662
0.096213102340698
0.096000909805298
0.1037220954895
0.092537879943848
0.095798015594482
0.10514402389526
0.098601818084717
0.099508047103882
0.10612797737122
0.097521066665649
0.096685886383057
0.094109058380127
0.095109939575195
0.09008002281189
0.094537973403931
0.12684988975525
0.097418069839478
0.094734907150269
0.098469972610474
0.099650144577026
0.097341060638428
0.098767042160034
0.08991003036499
0.091042995452881
0.092278003692627
0.10107398033142
0.093754053115845
0.097831964492798
0.089270830154419
0.097764015197754
0.10544610023499
0.10161590576172
0.099735975265503
0.10780191421509
0.099822044372559
0.10389113426208
0.10293698310852
0.094392061233521
0.09574294090271
0.10084199905396
0.094986915588379
0.094112873077393
0.11094188690186
0.098942995071411
0.094367980957031
0.096731901168823
0.10159993171692
0.10069990158081
0.099943161010742
0.095571994781494
0.10170912742615
0.10853385925293
0.092331171035767
0.13865900039673
0.10106897354126
0.10100698471069
0.096493005752563
0.095673084259033
0.099045038223267
0.095335006713867
0.10300207138062
0.095355033874512
0.09459400177002
0.10245490074158
0.10293388366699
0.091430187225342
0.094127893447876
0.097456932067871
0.11034607887268
0.10294485092163
0.093618154525757
0.10138821601868
0.099102973937988
0.092617988586426
0.089453935623169
0.10128211975098
0.090404033660889
0.096127033233643
0.0990309715271
0.10497808456421
0.095777034759521
0.096107959747314
0.10218501091003
0.10721588134766
0.11739897727966
0.096246004104614
0.093057155609131
0.093384981155396
0.094275951385498
0.098775863647461
0.094050168991089
0.090091943740845
0.094243049621582
0.10226511955261
0.10137891769409
0.097706079483032
0.093477964401245
0.094837188720703
0.099223852157593
0.096225023269653
0.096086978912354
0.090013980865479
0.093687057495117
0.095425128936768
0.094423055648804
0.092619180679321
0.10217499732971
0.097220182418823
0.091750860214233
0.089929103851318
0.10250091552734
0.091028928756714
0.10611915588379
0.096248149871826
0.096259117126465
0.094268083572388
0.08853006362915
0.096867084503174
0.099920034408569
0.099663019180298
0.10587882995605
0.099936008453369
0.10697603225708
0.094171047210693
0.099998950958252
0.12570095062256
0.099437952041626
0.10991287231445
0.093971967697144
0.091116905212402
0.089483976364136
0.094042062759399
0.090350866317749
0.093722105026245
0.10068297386169
0.09484601020813
0.095900058746338
0.098140954971313
0.092739105224609
0.091440916061401
0.10226011276245
0.088830947875977
0.11777901649475
0.093590021133423
0.10008406639099
0.090310096740723
0.093103885650635
0.099951982498169
0.10624098777771
0.1022789478302
0.10148596763611
0.10789108276367
0.097218990325928
0.090726852416992
0.10273718833923
0.0919349193573
0.10061812400818
0.089425802230835
0.10275292396545
0.095439910888672
0.091932058334351
0.089533090591431
0.10026621818542
0.10293102264404
0.097669839859009
0.09207820892334
0.09842586517334
0.091933012008667
0.09261417388916
0.096034049987793
0.096657037734985
0.096240043640137
0.11972403526306
0.089187145233154
0.091691017150879
0.10334491729736
0.11722207069397
0.10290503501892
0.095115900039673
0.11261415481567
0.12401580810547
0.097474098205566
0.091336011886597
0.10321688652039
0.09397292137146
0.098106145858765
0.099417924880981
0.10052895545959
0.1103720664978
0.10754013061523
0.090961933135986
0.11553192138672
0.11858296394348
0.10658407211304
0.094031095504761
0.10225915908813
0.10246992111206
0.093773126602173
0.10633111000061
0.10419321060181
0.10068607330322
0.10464596748352
0.10933184623718
0.096946001052856
0.095725059509277
0.093255996704102
0.096375942230225
0.096584796905518
0.10727190971375
0.099101066589355
0.097347021102905
0.094635963439941
0.10478591918945
0.094448804855347
0.094366073608398
0.099702835083008
0.096835136413574
0.090522050857544
0.10132384300232
0.10571312904358
0.096187829971313
0.099603891372681
0.096239805221558
0.10216403007507
0.095689058303833
0.093752861022949
0.11088895797729
0.10988998413086
0.11004495620728
0.10417199134827
0.093461036682129
0.10899901390076
0.098268985748291
0.09566593170166
0.11275315284729
0.1159188747406
0.099380016326904
0.10904002189636
0.12466192245483
0.10804510116577
0.094197034835815
0.096977949142456
0.098127841949463
0.099053144454956
0.091881036758423
0.10205411911011
0.11028385162354
0.092774868011475
0.10970091819763
0.10751509666443
0.093319892883301
0.094020128250122
0.11201000213623
0.094180822372437
0.10105800628662
0.0986328125
0.10041213035583
0.10111498832703
0.10284185409546
0.10624814033508
0.10108804702759
0.10299587249756
0.12126493453979
0.090917110443115
0.094288110733032
0.097830057144165
0.10570597648621
0.12616014480591
0.091507911682129
0.093354225158691
0.1025538444519
0.097270011901855
0.10159683227539
0.13959217071533
0.095105171203613
0.10522317886353
0.091979026794434
0.10521101951599
0.10021090507507
0.10151505470276
0.093978881835938
0.093528985977173
0.095391035079956
0.092866897583008
0.095251083374023
0.094486951828003
0.095885992050171
0.099123954772949
0.097417116165161
0.093904972076416
0.097633838653564
0.093113899230957
0.091168880462646
0.10429501533508
0.098615884780884
0.10355687141418
0.098926067352295
0.098420858383179
0.095234870910645
0.11081409454346
0.094861030578613
0.10998582839966
0.098781108856201
0.10450911521912
0.099332094192505
0.10851097106934
0.095578193664551
0.099743843078613
0.10424399375916
0.1269588470459
0.099269151687622
0.10033106803894
0.11230993270874
0.097899913787842
0.092227935791016
0.10641503334045
0.097577095031738
0.092504978179932
0.10094118118286
0.10525703430176
0.099758148193359
0.092664957046509
0.098520994186401
0.092542886734009
0.16413712501526
0.092923879623413
0.099171876907349
0.097292900085449
0.090903997421265
0.097940921783447
0.10104584693909
0.096184015274048
0.096654891967773
0.10202193260193
0.092019081115723
0.092149972915649
0.095510005950928
0.10048794746399
0.088514804840088
0.099206209182739
0.10644698143005
0.093409061431885
0.095978021621704
0.10132217407227
0.098371982574463
0.097517013549805
0.1002299785614
0.093355894088745
0.10903692245483
0.10451197624207
0.1059238910675
0.093494892120361
0.14082098007202
0.09929084777832
0.10096001625061
0.12027788162231
0.10157799720764
0.097935914993286
0.098437070846558
0.098031997680664
0.10103893280029
0.098267078399658
0.099910974502563
0.10169506072998
0.092501878738403
0.09630298614502
0.092938184738159
0.10257816314697
0.10046100616455
0.092036962509155
0.1239218711853
0.10007691383362
0.098625183105469
0.099639892578125
0.089210033416748
0.095057010650635
0.097543954849243
0.10035109519958
0.1022207736969
0.096925020217896
0.098684072494507
0.11503386497498
0.10513401031494
0.093914985656738
0.10394692420959
0.10101914405823
0.095999956130981
0.096808195114136
0.10265398025513
0.09092903137207
0.089928150177002
0.092242002487183
0.10079288482666
0.096495151519775
0.099581956863403
0.1142680644989
0.095723152160645
0.094368934631348
0.098664999008179
0.10268187522888
0.10137891769409
0.10449600219727
0.099519014358521
0.10083794593811
0.098320960998535
0.10116982460022
0.097511053085327
0.094573020935059
0.11877179145813
0.10247993469238
0.1697940826416
0.10823392868042
0.1013400554657
0.10230898857117
0.091759920120239
0.116131067276
0.099263191223145
0.092898845672607
0.10336589813232
0.093255043029785
0.095630884170532
0.10284900665283
0.090975999832153
0.098623991012573
0.10097193717957
0.10063982009888
0.097650051116943
0.093255043029785
0.10046815872192
0.097211122512817
0.093474149703979
0.10327982902527
0.1077868938446
0.1033730506897
0.099052906036377
0.098742008209229
0.10084891319275
0.10483694076538
0.22880506515503
0.096604824066162
0.098018884658813
0.10830688476562
0.10027289390564
0.095235109329224
0.10245895385742
0.10778284072876
0.097616910934448
0.10827493667603
0.10057806968689
0.099220991134644
0.11296582221985
0.093516111373901
0.093388795852661
0.09772801399231
0.094209909439087
0.098726034164429
0.094666004180908
0.09914493560791
0.10591292381287
0.10036897659302
0.11277794837952
0.11372399330139
0.10101914405823
0.10624694824219
0.096514940261841
0.10542607307434
0.092679023742676
0.094750881195068
0.097275972366333
0.10039806365967
0.10375499725342
0.095126867294312
0.0991051197052
0.08973503112793
0.093743085861206
0.091484069824219
0.097961902618408
0.099159002304077
0.099770069122314
0.09102201461792
0.10014486312866
0.097299098968506
0.10007405281067
0.10082387924194
0.096704006195068
0.093664884567261
0.098024129867554
0.085587978363037
0.096534013748169
0.09831690788269
0.091661214828491
0.10021710395813
0.10450601577759
0.09412407875061
0.095304012298584
0.091696977615356
0.098594903945923
0.1063871383667
0.095351934432983
0.089001893997192
0.092830896377563
0.094511032104492
0.10112190246582
0.10405206680298
0.093535900115967
0.098197937011719
0.096130132675171
0.09289813041687
0.10416197776794
0.098212957382202
0.1013650894165
0.10389590263367
0.097023010253906
0.10980010032654
0.09524393081665
0.098889112472534
0.10456514358521
0.096798181533813
0.10421800613403
0.091948986053467
0.10029292106628
0.10321187973022
0.10190606117249
0.093380928039551
0.095428943634033
0.095829963684082
0.10270190238953
0.10515403747559
0.09304404258728
0.091903209686279
0.099545001983643
0.091851949691772
0.093635082244873
0.10143709182739
0.092317819595337
0.097333908081055
0.10659217834473
0.11735701560974
0.11049699783325
0.096535921096802
0.099825859069824
0.095558166503906
0.093594074249268
0.10642981529236
0.09257698059082
0.098206996917725
0.10522294044495
0.12460994720459
0.092579126358032
0.10108208656311
0.093780040740967
0.10642600059509
0.091104030609131
0.10108494758606
0.10891580581665
0.096869945526123
0.093789100646973
0.1068549156189
0.10925483703613
0.095916032791138
0.099716901779175
0.10948491096497
0.10617589950562
0.093580007553101
0.10055112838745
0.11175513267517
0.1036331653595
0.11591792106628
0.094142913818359
0.096248865127563
0.097781181335449
0.1038990020752
0.132896900177
0.11545300483704
0.097155094146729
0.110102891922
0.098767042160034
0.098273992538452
0.09614086151123
1.1110949516296
0.10052895545959
0.10970687866211
0.097450971603394
0.11219096183777
0.10435009002686
0.092474937438965
0.095359802246094
0.10356307029724
0.098784923553467
0.10567402839661
0.094156980514526
0.093430042266846
0.095811128616333
0.1022469997406
0.10896897315979
0.091628074645996
0.097306966781616
0.094284057617188
0.095999956130981
0.099499940872192
0.10970115661621
0.10365605354309
0.1016788482666
0.096338987350464
0.12195181846619
0.094945907592773
0.096993923187256
0.097307920455933
0.095660924911499
0.10249710083008
0.092494964599609
0.092713117599487
0.098777055740356
0.091650009155273
0.1066198348999
0.092582941055298
0.091242074966431
0.10614395141602
0.10782694816589
0.10476088523865
0.095664978027344
0.096292972564697
0.09278392791748
0.093437910079956
0.093853950500488
0.099595069885254
0.10308814048767
0.10146522521973
0.10202097892761
0.10242986679077
0.099758863449097
0.090893030166626
0.39682221412659
0.10374402999878
0.09276819229126
0.10020685195923
0.097516059875488
0.11729598045349
0.10777497291565
0.10622596740723
0.098647117614746
0.089274883270264
0.09794020652771
0.10606694221497
0.093556880950928
0.1059398651123
0.093836069107056
0.09602689743042
0.10348010063171
0.10014390945435
0.097511053085327
0.097112894058228
0.090587139129639
0.092514038085938
0.10201001167297
0.10217189788818
0.09254789352417
0.094291925430298
0.10169005393982
0.094759941101074
0.10974812507629
0.10293316841125
0.10127210617065
0.097377061843872
0.10078597068787
0.10534000396729
0.10020899772644
0.10286092758179
0.10362315177917
0.14903998374939
0.095293998718262
0.11398506164551
0.20738387107849
0.095312118530273
0.10278296470642
0.099572896957397
0.098360061645508
0.10126614570618
0.095936059951782
0.097337961196899
0.096466064453125
0.10768985748291
0.098890066146851
0.096557855606079
0.098116874694824
0.09992504119873
0.10158514976501
0.11343812942505
0.15036702156067
0.12225389480591
0.10070204734802
0.096889019012451
0.1049690246582
0.094621896743774
0.096415042877197
0.09143590927124
0.10593104362488
0.09312105178833
0.092392921447754
0.092629909515381
0.10148501396179
0.096245050430298
0.090455055236816
0.095556974411011
0.093747138977051
0.092348098754883
0.096525907516479
0.097217082977295
0.098716974258423
0.093132019042969
0.1107861995697
0.099077939987183
0.096318960189819
0.096583843231201
0.095071077346802
0.10198307037354
0.10129308700562
0.1077868938446
0.1014142036438
0.09781813621521
0.10342597961426
0.10148906707764
0.095452070236206
0.098789930343628
0.10578393936157
0.099786043167114
0.094628810882568
0.099501132965088
0.097204923629761
0.10308790206909
0.0972580909729
0.10436582565308
0.094316959381104
0.1133930683136
0.091427803039551
0.10104990005493
0.13872909545898
0.097845792770386
0.091914892196655
0.09433913230896
0.094487905502319
0.095147848129272
0.096293926239014
0.10366797447205
0.097931861877441
0.090964078903198
0.095442056655884
0.097803831100464
0.1018660068512
0.10059595108032
0.099086999893188
0.10173106193542
0.10030889511108
0.097970008850098
0.10062909126282
0.091559886932373
0.10287880897522
0.10034394264221
0.10404419898987
0.10416102409363
0.098763942718506
0.094294786453247
0.092880010604858
0.1432089805603
0.099977970123291
0.10996317863464
0.095895051956177
0.10725498199463
0.10646796226501
0.10199308395386
0.096705913543701
0.093234062194824
0.10964703559875
0.098841190338135
0.091197967529297
0.09097695350647
0.095391988754272
0.095707893371582
0.096675872802734
0.094538927078247
0.096063137054443
0.097321033477783
0.090487003326416
0.095675945281982
0.093416929244995
0.09390115737915
0.1016538143158
0.093656063079834
0.09396505355835
0.098142862319946
0.10590100288391
0.095899105072021
0.10763096809387
0.10226607322693
0.10257601737976
0.099378108978271
0.095946073532104
0.089732885360718
0.15725994110107
0.10245299339294
0.093683958053589
0.098999977111816
0.10117602348328
0.088438987731934
0.098834991455078
0.095781087875366
0.093347787857056
0.10632801055908
0.094429969787598
0.094028949737549
0.092864990234375
0.13883209228516
0.14498782157898
0.091390132904053
0.094796895980835
0.095909118652344
0.11280393600464
0.093451976776123
0.10420608520508
0.1081600189209
0.093330860137939
0.094361066818237
0.10552978515625
0.10215878486633
0.098131895065308
0.092201948165894
0.090827941894531
0.10213804244995
0.093544960021973
0.10063719749451
0.10096502304077
0.10224199295044
0.087950944900513
0.093830108642578
0.096881866455078
0.097453832626343
0.09636378288269
0.105553150177
0.09447193145752
0.10474514961243
0.098373174667358
0.094040870666504
0.098129987716675
0.097062110900879
0.10067582130432
0.094312906265259
0.093167066574097
0.1153039932251
0.10178995132446
0.099729061126709
0.097075939178467
0.095564842224121
0.09096097946167
0.095925092697144
0.091182947158813
0.094483852386475
0.10009503364563
0.10133504867554
0.094197034835815
0.10325217247009
0.099163055419922
0.10640001296997
0.09352707862854
0.092338085174561
0.094790935516357
0.10740900039673
0.095966100692749
0.094502925872803
0.10012292861938
0.10483884811401
0.096714973449707
0.090389966964722
0.096025943756104
0.091953992843628
0.10388612747192
0.098841905593872
0.10729217529297
0.10622310638428
0.10096287727356
0.10271406173706
0.090056180953979
0.096558094024658
0.094604015350342
0.10160398483276
0.099520921707153
0.092951059341431
0.09467601776123
0.09170389175415
0.090795040130615
0.095018863677979
0.093727111816406
0.093873023986816
0.09456205368042
0.098688125610352
0.093719959259033
0.096083879470825
0.094031095504761
0.096043109893799
0.094683885574341
0.095721006393433
0.090849161148071
0.095948934555054
0.097388982772827
0.1017529964447
0.095677137374878
0.089263916015625
0.094517946243286
0.0953369140625
0.10193109512329
0.1177339553833
0.09926700592041
0.10099482536316
0.097944974899292
0.094707012176514
0.10348415374756
0.11897802352905
0.10286498069763
0.10165810585022
0.096290826797485
0.093263864517212
0.11752510070801
0.11503410339355
0.094382047653198
0.094829082489014
0.097548007965088
0.11964297294617
0.09791898727417
0.096041917800903
0.093846082687378
0.098207950592041
0.10023593902588
0.10133695602417
0.093692064285278
0.099261045455933
0.091580867767334
0.10739207267761
0.095433950424194
0.10291695594788
0.097070932388306
0.094486951828003
0.095820188522339
0.09135913848877
0.09257698059082
0.096435070037842
0.097587108612061
0.1052508354187
0.096088886260986
0.10875201225281
0.093439102172852
0.10299801826477
0.098517894744873
0.095566987991333
0.10211491584778
0.099858999252319
0.11041593551636
0.093400955200195
0.094923973083496
0.11068391799927
0.093930959701538
0.093474149703979
0.11997509002686
2.9116790294647
0.097997903823853
0.09305214881897
0.10335397720337
0.11109685897827
0.10123610496521
0.095092058181763
0.09732985496521
0.097669124603271
0.098757028579712
0.098607063293457
0.093845129013062
0.092973947525024
0.11373019218445
0.10008883476257
0.10649609565735
0.1000280380249
0.097148180007935
0.09999418258667
0.10077595710754
0.10112905502319
0.095541954040527
0.11425089836121
0.09036111831665
0.10774993896484
0.09353494644165
0.093226909637451
0.099549055099487
0.098467111587524
0.0886549949646
0.099691152572632
0.098567962646484
0.095227003097534
0.0986328125
0.098322153091431
0.099362134933472
0.11185812950134
0.090852975845337
0.09689998626709
0.10165596008301
0.1046838760376
0.0975182056427
0.090327978134155
0.10217189788818
0.10436081886292
0.098416090011597
0.098758935928345
0.096406221389771
0.095494985580444
0.10819315910339
0.096644878387451
0.10819697380066
0.096349954605103
0.096882104873657
0.10116410255432
0.10396981239319
0.10125184059143
0.097702980041504
0.098865032196045
0.10289096832275
0.093414783477783
0.20385694503784
0.10688996315002
0.096712112426758
0.10446095466614
0.095184087753296
0.10045194625854
0.093799114227295
0.098222970962524
0.10622000694275
0.10712313652039
0.093685865402222
0.096219062805176
0.093858003616333
0.096334934234619
0.10268497467041
0.11796402931213
0.096542835235596
0.091488122940063
0.095511198043823
0.10576701164246
0.1025869846344
0.1092369556427
0.108962059021
0.096832036972046
0.093878030776978
0.10139799118042
0.10216999053955
0.097719192504883
0.10433483123779
0.091490030288696
0.095707178115845
0.09445595741272
0.099292993545532
0.10499906539917
0.09295916557312
0.097172021865845
0.098905801773071
0.098858833312988
0.093163967132568
0.093080997467041
0.094877958297729
0.089638948440552
0.10206699371338
0.09751296043396
0.089083194732666
0.10101008415222
0.092581033706665
0.090977907180786
0.093296766281128
0.093762159347534
0.091204881668091
0.09375786781311
0.092193126678467
0.095985174179077
0.10737299919128
0.096865892410278
0.092315196990967
0.097354888916016
0.096918821334839
0.10000395774841
0.090447902679443
0.091088056564331
0.10729098320007
0.096831083297729
0.099452972412109
0.096076011657715
0.095293045043945
0.098222970962524
0.10187911987305
0.097455024719238
0.096077919006348
0.098474025726318
0.09265398979187
0.096193075180054
0.091475009918213
0.10039114952087
0.091202974319458
0.092055797576904
0.10000681877136
0.092474937438965
0.095777988433838
0.096127033233643
0.10171890258789
0.10117793083191
0.096832990646362
0.096162080764771
0.10017704963684
0.11013793945312
0.097527027130127
0.1009418964386
0.10378122329712
0.097631931304932
0.091982841491699
0.10711407661438
0.099555969238281
0.098906993865967
0.090289115905762
0.10614418983459
0.10442805290222
0.093851089477539
0.10182309150696
0.10967302322388
0.092767000198364
0.11194896697998
0.10380887985229
0.10165405273438
0.09506893157959
0.10382699966431
0.09645414352417
0.091434955596924
0.098340034484863
0.097578048706055
0.098059892654419
0.11049604415894
0.091130018234253
0.10282897949219
0.094180107116699
0.093299150466919
0.086513042449951
0.1261739730835
0.098534107208252
0.09358811378479
0.1176609992981
0.096714019775391
0.10168385505676
0.11166095733643
0.10311794281006
0.094834089279175
0.092612028121948
0.10526514053345
0.097653865814209
0.090957880020142
0.10337495803833
0.095996856689453
1.0941581726074
0.094853162765503
0.10433316230774
0.10498094558716
0.092408895492554
0.093985080718994
0.095242023468018
0.096442937850952
0.095207929611206
0.096772909164429
0.0972580909729
0.10859704017639
0.094540119171143
0.096579074859619
0.10026907920837
0.10027408599854
0.10436606407166
0.092808961868286
0.094686031341553
0.099926948547363
0.099058151245117
0.092432022094727
0.091455936431885
0.096959829330444
0.091913938522339
0.098135948181152
0.091729879379272
0.092446088790894
0.091171026229858
0.10655689239502
0.10736799240112
0.093715906143188
0.10328698158264
0.10071086883545
0.10040903091431
0.099179029464722
0.094123125076294
0.20547103881836
0.10099816322327
0.10145616531372
0.10722684860229
0.10290694236755
0.10204982757568
0.099447965621948
0.096531867980957
0.095213890075684
0.1037700176239
0.089287042617798
0.10765194892883
0.089890003204346
0.11214685440063
0.089180946350098
0.10212206840515
0.10053300857544
0.10554695129395
0.097790002822876
0.099678993225098
0.091019868850708
0.092842817306519
0.095091104507446
0.098414897918701
0.10032391548157
0.095062017440796
0.099005937576294
0.095745086669922
0.09374213218689
0.093695163726807
0.091891050338745
0.093483209609985
0.09466814994812
0.097939968109131
0.104660987854
0.10317301750183
0.098515033721924
0.14215898513794
0.09389591217041
0.099984884262085
0.094027996063232
0.093016147613525
0.0989670753479
0.12349200248718
0.092072010040283
0.095952987670898
0.11103820800781
0.10047698020935
0.094637870788574
0.10638189315796
0.092759132385254
0.098830223083496
0.086812019348145
0.095793008804321
0.11123108863831
0.10057401657104
0.093157052993774
0.093141078948975
0.1027557849884
0.10630488395691
0.092456817626953
0.097878932952881
0.096584796905518
0.10123109817505
0.099241018295288
0.094595909118652
0.093615055084229
0.093757152557373
0.099360942840576
0.095940113067627
0.099880933761597
0.099794149398804
0.097543954849243
0.094209909439087
0.10058689117432
0.094605207443237
0.090623140335083
0.10076093673706
0.098191976547241
0.09369683265686
0.10046005249023
0.0901939868927
0.10753393173218
0.091933965682983
0.091256856918335
0.094107866287231
0.097430944442749
0.094598054885864
0.098258018493652
0.092866897583008
0.099590063095093
0.097923040390015
0.10505986213684
0.094436883926392
0.096158027648926
0.088615894317627
0.098716020584106
0.099316835403442
0.1030650138855
0.089972972869873
0.090718984603882
0.096624135971069
0.10142683982849
0.094631195068359
0.091731786727905
0.10194396972656
0.095138072967529
0.098906993865967
0.091449022293091
0.16128301620483
0.091147899627686
0.094756841659546
0.10291790962219
0.10480499267578
0.09291410446167
0.10434508323669
0.10738301277161
0.097969055175781
0.092001914978027
0.092350006103516
0.10437989234924
0.099468946456909
0.099487066268921
0.10668301582336
0.096486806869507
0.093638181686401
0.099240064620972
0.11217308044434
0.094971895217896
0.093164920806885
0.090127944946289
0.093185901641846
0.098986864089966
0.095247030258179
0.099861860275269
0.10878896713257
0.098294019699097
0.097275972366333
0.092317819595337
0.11401700973511
0.094978094100952
0.10175704956055
0.10265207290649
0.091454982757568
0.09803295135498
0.095978021621704
0.10183787345886
0.11097002029419
0.096195936203003
0.092436075210571
0.092148065567017
0.094758987426758
0.10272693634033
0.093732833862305
0.092818021774292
0.1141300201416
0.10316610336304
0.091495990753174
0.10316395759583
0.10414791107178
0.10504293441772
0.11000299453735
0.10529184341431
0.1071789264679
0.095885038375854
0.099425792694092
0.098664999008179
0.25531792640686
0.093587875366211
0.10404515266418
0.094947099685669
0.096333980560303
0.09700608253479
0.10314106941223
0.097595930099487
0.097754955291748
0.099342823028564
0.099075794219971
0.11201405525208
0.099764108657837
0.10382890701294
0.094463109970093
0.095768928527832
0.09702205657959
0.097652196884155
0.10309386253357
0.10100603103638
0.10187292098999
0.099926948547363
0.09695291519165
0.099058151245117
0.21627998352051
0.095651865005493
0.094856023788452
0.094099998474121
0.10567092895508
0.097088098526001
0.097767114639282
0.095255851745605
0.092105150222778
0.10093116760254
0.10278391838074
0.10330605506897
0.10874891281128
0.09710693359375
0.10122203826904
0.10001397132874
0.10446906089783
0.094725847244263
0.089232206344604
0.095957040786743
0.10076093673706
0.095965147018433
0.097203016281128
0.090836048126221
0.10955405235291
0.099488973617554
0.098705053329468
0.096620082855225
0.095051050186157
0.099909067153931
0.11912298202515
0.098538160324097
0.10226106643677
0.10114789009094
0.093602895736694
0.098318815231323
0.10696983337402
0.096708059310913
0.10388398170471
0.10342288017273
0.10373616218567
0.090625047683716
0.09610390663147
0.092798948287964
0.091998100280762
0.094465970993042
0.10331702232361
0.093482971191406
0.098105192184448
0.10677909851074
0.095597982406616
0.099365949630737
0.093037128448486
0.095247030258179
0.091171026229858
0.09224796295166
0.090001106262207
0.10314798355103
0.095067977905273
0.095334053039551
0.10338616371155
0.097979068756104
0.093029975891113
0.099931001663208
0.094583034515381
0.096408843994141
0.10776400566101
0.10678601264954
0.099220037460327
0.0988929271698
0.099731922149658
0.096580028533936
0.10241508483887
0.098574161529541
0.10154604911804
0.097981929779053
0.098167896270752
0.096246957778931
0.10034799575806
0.10432910919189
0.10316586494446
0.096816062927246
0.10103607177734
0.10779500007629
0.099972009658813
0.092742919921875
0.10341382026672
0.092509984970093
0.099562168121338
0.096346139907837
0.094990968704224
0.1120719909668
0.12936305999756
0.090129852294922
0.099256992340088
0.11417818069458
0.098601102828979
0.1083459854126
0.099733829498291
0.096796989440918
0.10456609725952
0.096831083297729
0.091375827789307
0.092911005020142
0.11080598831177
0.099761962890625
0.094944000244141
0.089275121688843
0.10263109207153
0.099962949752808
0.097459077835083
0.099328994750977
0.093306064605713
0.096550941467285
0.10499095916748
0.11203789710999
0.093371868133545
0.10054111480713
0.10991501808167
0.096382141113281
0.10097098350525
0.091808080673218
0.093043088912964
0.11312699317932
0.097805023193359
0.10181188583374
0.10271000862122
0.091839075088501
0.093758821487427
0.10792994499207
0.096774101257324
0.1063928604126
0.10266399383545
0.092986822128296
0.095720052719116
0.093800067901611
0.092329978942871
0.093585968017578
0.09364914894104
0.090996980667114
0.10118699073792
0.097728967666626
0.093792200088501
0.092241048812866
0.092403888702393
0.099356889724731
0.1094970703125
0.096404075622559
0.090950965881348
0.099131107330322
0.095537900924683
0.099210977554321
0.10171389579773
0.10524201393127
0.10358500480652
0.10127592086792
0.098587989807129
0.10691094398499
0.096098899841309
0.092938899993896
0.10335516929626
0.10567402839661
0.10446500778198
0.098104000091553
0.11407995223999
0.11109495162964
0.11378908157349
0.31254196166992
0.099256992340088
0.099805116653442
0.10493206977844
0.10142779350281
0.10046887397766
0.093183994293213
0.10127305984497
0.09382700920105
0.10909104347229
0.1098370552063
0.099395036697388
0.10350298881531
0.098400115966797
0.099018096923828
0.089176893234253
0.09285306930542
0.22412991523743
0.095523834228516
0.097052097320557
0.1074070930481
0.10330200195312
0.090858936309814
0.098001956939697
0.094548940658569
0.10414004325867
0.099149942398071
0.10303902626038
0.10505700111389
0.1027729511261
0.092628002166748
0.094048976898193
0.095213890075684
0.097069978713989
0.094321012496948
0.093969821929932
0.10402798652649
0.098429918289185
0.10473108291626
0.099095106124878
0.095911979675293
0.097593069076538
0.0920729637146
0.10415101051331
0.10271096229553
0.097782135009766
0.10577917098999
0.096908092498779
0.10644602775574
0.095866203308105
0.10051083564758
0.10110783576965
0.098136186599731
0.10298895835876
0.095129013061523
0.093456029891968
0.14448809623718
0.12295508384705
0.097323179244995
0.099233865737915
0.092504024505615
0.093580007553101
0.1012179851532
0.10141801834106
0.093316078186035
0.10487294197083
0.11046195030212
0.099824905395508
0.12994790077209
0.092276096343994
0.10383296012878
0.09624195098877
0.10857796669006
0.099950075149536
0.096529006958008
0.098713159561157
0.092530012130737
0.097848892211914
0.090729951858521
0.095966100692749
0.091217994689941
0.094161987304688
0.10996294021606
0.10741186141968
0.10307312011719
0.10049700737
0.098441123962402
0.10364890098572
0.089618921279907
0.092513799667358
0.10006499290466
0.10432481765747
0.095958948135376
0.088340997695923
0.097101926803589
0.10029315948486
0.1075279712677
0.092266798019409
0.10068511962891
0.097043037414551
0.10471200942993
0.10339021682739
0.094615936279297
0.10359907150269
0.10375213623047
0.10319805145264
0.0968918800354
0.10422301292419
0.094781160354614
0.099199056625366
0.09684681892395
0.097117185592651
0.14973115921021
0.10052490234375
0.095043897628784
0.099665880203247
0.094835042953491
0.097368001937866
0.11981916427612
0.093666076660156
0.10168409347534
0.10396099090576
0.096145868301392
0.098790884017944
0.091525077819824
0.095898151397705
0.10754799842834
0.104975938797
0.099055051803589
0.1118528842926
0.10102105140686
0.10559797286987
0.098235130310059
0.11175394058228
0.096623182296753
0.10249710083008
0.10377502441406
0.096162080764771
0.092602014541626
0.097049951553345
0.099931001663208
0.093384027481079
0.10784816741943
0.094532012939453
0.10050797462463
0.10090398788452
0.090598821640015
0.10876798629761
0.10191202163696
0.1010148525238
0.09567403793335
0.098001003265381
0.092677116394043
0.094403982162476
0.098104000091553
0.10021710395813
0.096884965896606
0.12076687812805
0.09676718711853
0.095079898834229
0.10340785980225
0.10251092910767
0.094925880432129
0.096971035003662
0.10153198242188
0.095432043075562
0.097220897674561
0.10040807723999
0.094197988510132
0.091909885406494
0.098812818527222
0.09975004196167
0.095969915390015
0.099882125854492
0.097223997116089
0.10243105888367
0.09555721282959
0.097831964492798
0.11091089248657
0.099056005477905
0.09260892868042
0.09896993637085
0.093480825424194
0.098529100418091
0.10086297988892
0.10536193847656
0.097301959991455
0.10106801986694
0.11176085472107
0.10786414146423
0.10026001930237
0.099138975143433
0.10881519317627
0.10238599777222
0.093505144119263
0.098556041717529
0.15553307533264
0.22087478637695
0.091893911361694
0.10359215736389
0.093625068664551
0.095664024353027
0.10553383827209
0.099421977996826
0.10648703575134
0.14162492752075
0.095142126083374
0.089853048324585
0.10396909713745
0.11184096336365
0.097815036773682
0.10069704055786
0.091793060302734
0.094424962997437
0.10244703292847
0.10073304176331
0.093269109725952
0.089308977127075
0.10012412071228
0.09214186668396
0.094395875930786
0.10025882720947
0.099684953689575
0.091344118118286
0.099453926086426
0.14450311660767
0.089870929718018
0.09938907623291
0.10185503959656
0.090552091598511
0.093080997467041
0.094239950180054
0.11040806770325
0.1049108505249
0.10663294792175
0.094036817550659
0.088330984115601
0.097630977630615
0.088651895523071
0.098834037780762
0.092525959014893
0.099444150924683
0.10774111747742
0.10934615135193
0.098491907119751
0.097355127334595
0.11002278327942
0.097146987915039
0.098546028137207
0.090723037719727
0.092305898666382
0.098838806152344
0.098551988601685
0.089769124984741
0.11728382110596
0.095924854278564
0.094480991363525
0.10630297660828
0.09476900100708
0.10506200790405
0.099266052246094
0.095914125442505
0.091871976852417
0.10021615028381
0.10788893699646
0.10677695274353
0.096752166748047
0.088823795318604
0.096172094345093
0.093585014343262
0.1200168132782
0.10551905632019
0.090192079544067
0.10278487205505
0.095479011535645
0.098259925842285
0.096264123916626
0.10506796836853
0.10097193717957
0.10111403465271
0.11224293708801
0.09454607963562
0.098668098449707
0.10406088829041
0.10069990158081
0.10111999511719
0.10872197151184
0.10915303230286
0.098107814788818
0.10120916366577
0.099940061569214
0.098376035690308
0.098222970962524
0.097291946411133
0.099385976791382
0.11410212516785
0.11489200592041
0.094100952148438
0.10339999198914
0.093480825424194
0.10205602645874
0.097743988037109
0.098387956619263
0.096973180770874
0.093940019607544
0.10213303565979
0.090366840362549
0.10340094566345
0.098242044448853
0.10495710372925
0.095938205718994
0.093894958496094
0.1060471534729
0.10020589828491
0.093587875366211
0.098405838012695
0.095268964767456
0.091815948486328
0.097381830215454
0.10369396209717
0.094104051589966
0.099668025970459
0.098544120788574
0.098471164703369
0.090913057327271
0.093637943267822
0.095906972885132
0.092426061630249
0.10576391220093
0.090133905410767
0.087947130203247
0.10471701622009
0.093667030334473
0.094643831253052
0.093350887298584
0.1050398349762
0.09812593460083
0.09900689125061
0.096215963363647
0.10185694694519
0.22821998596191
0.097280979156494
0.10053610801697
0.090571165084839
0.097715854644775
0.10080718994141
0.094782114028931
0.10400295257568
0.09325098991394
0.095901012420654
0.097104072570801
0.13105797767639
0.10009789466858
0.095389127731323
0.10221910476685
0.096917867660522
0.099354982376099
0.094997882843018
0.090129852294922
0.10309195518494
0.095834016799927
0.090072870254517
0.096572875976562
0.092289924621582
0.092824935913086
0.096081972122192
0.10096502304077
0.095340013504028
0.20521783828735
0.098145961761475
0.10018706321716
0.15611815452576
0.096638917922974
0.10230708122253
0.093455076217651
0.10290384292603
0.089834928512573
0.10027503967285
0.10958003997803
0.11380100250244
0.10487985610962
0.10182905197144
0.096302032470703
0.10860991477966
0.09688401222229
0.10085606575012
0.096069097518921
0.093165874481201
0.10406398773193
0.098331928253174
0.097615003585815
0.10086607933044
0.10072588920593
0.097263813018799
0.095297813415527
0.090788125991821
0.096107006072998
0.099699974060059
0.1031060218811
0.099109172821045
0.094985008239746
0.10091400146484
0.09654712677002
0.10696196556091
0.093445062637329
0.093281984329224
0.09578800201416
0.093483924865723
0.099303007125854
0.096989154815674
0.10614895820618
0.10021209716797
0.10019183158875
0.11037707328796
0.11384320259094
0.10326290130615
0.098889827728271
0.10093402862549
0.10721516609192
0.10369992256165
0.10711789131165
0.10126996040344
0.096536159515381
0.099942207336426
0.099418878555298
0.09700608253479
0.097783803939819
0.10092997550964
0.092092990875244
0.10858988761902
0.11441588401794
0.08800482749939
0.092468023300171
0.096737146377563
0.098814010620117
0.098021984100342
0.096589088439941
0.094885110855103
0.0903639793396
0.093946933746338
0.090707063674927
0.10304713249207
0.092469930648804
0.11660289764404
0.096303939819336
0.10351300239563
0.092120170593262
0.092411041259766
0.093269109725952
0.10502910614014
0.12578296661377
0.090276956558228
0.10517311096191
0.096823930740356
0.10530686378479
0.097089052200317
0.10064721107483
0.095067977905273
0.10477113723755
0.097295045852661
0.099759817123413
0.10311508178711
0.098701953887939
0.095209121704102
0.10417509078979
0.10193610191345
0.40173602104187
0.098852872848511
0.09323787689209
0.10234403610229
0.10662889480591
0.09380316734314
0.10590314865112
0.1017918586731
0.092195987701416
0.096158027648926
0.10125303268433
0.09675407409668
0.097960948944092
0.10159993171692
0.090600967407227
0.10761284828186
0.08968710899353
0.10112500190735
0.10552501678467
0.10314011573792
0.09784197807312
0.10150289535522
0.10160493850708
0.10195899009705
0.11753392219543
0.10008597373962
0.095348119735718
0.1000988483429
0.095207929611206
0.097903966903687
0.1028950214386
0.093394994735718
0.091461896896362
0.10207414627075
0.097405195236206
0.095690011978149
0.099143028259277
0.09788990020752
0.10531806945801
0.10602903366089
0.097551107406616
0.093261957168579
0.093481063842773
0.099898099899292
0.10416102409363
0.099601984024048
0.091426849365234
0.10258197784424
0.10325694084167
0.092146873474121
0.093924999237061
0.099063873291016
0.10751008987427
0.095593929290771
0.090066909790039
0.10120487213135
0.10509085655212
0.09409499168396
0.096706867218018
0.10395908355713
0.092580080032349
0.10087180137634
0.091488838195801
0.10145282745361
0.096236944198608
0.093947172164917
0.097124099731445
0.094470024108887
0.094674110412598
0.091794013977051
0.096513032913208
0.094573020935059
0.095979928970337
0.091768026351929
0.09453296661377
0.10297799110413
0.099215984344482
0.093362092971802
0.09129786491394
0.091210842132568
0.10813689231873
0.092446804046631
0.098002910614014
0.10624504089355
0.10189390182495
0.1087338924408
0.093512058258057
0.093270063400269
0.099743843078613
0.098301887512207
0.094312906265259
0.10743498802185
0.095746994018555
0.089387893676758
0.098876953125
0.10806798934937
0.10522890090942
0.10107111930847
0.10770010948181
0.097506046295166
0.094845056533813
0.099151849746704
0.10156416893005
0.091674089431763
0.096974849700928
0.098746061325073
0.095685958862305
0.099514007568359
0.098360061645508
0.099241971969604
0.10473203659058
0.099952936172485
0.093081951141357
0.093272924423218
0.092707872390747
0.10535407066345
0.11229419708252
0.09203314781189
0.12373495101929
0.09969687461853
0.097149133682251
0.094857931137085
0.10340809822083
0.096374988555908
0.093661069869995
0.104572057724
0.098846912384033
0.097861051559448
0.1070339679718
0.10396695137024
0.093928813934326
0.092341899871826
0.097393989562988
0.097871065139771
0.10321593284607
0.10245609283447
0.094689846038818
0.11299180984497
0.094718933105469
0.099456071853638
0.094748020172119
0.11456108093262
0.10551905632019
0.099653959274292
0.092809915542603
0.1242299079895
0.1007878780365
0.099786996841431
0.098564863204956
0.095377922058105
0.095374822616577
0.096296072006226
0.09663200378418
0.10442399978638
0.13783383369446
0.1053409576416
0.09292197227478
0.09237003326416
0.08951997756958
0.10063600540161
0.12610602378845
0.10675811767578
0.097769975662231
0.098274946212769
0.097845077514648
0.10044312477112
0.098253965377808
0.097590923309326
0.10296201705933
0.10144281387329
0.10828900337219
0.097714900970459
0.094573020935059
0.096879959106445
0.095536231994629
0.095474004745483
0.093247175216675
0.096482038497925
0.095602989196777
0.097125053405762
0.10067200660706
0.09983491897583
0.10229706764221
0.1073009967804
0.10180711746216
0.10918712615967
0.1000759601593
0.10048484802246
0.1013720035553
0.10054707527161
0.096473932266235
0.094184875488281
0.09089183807373
0.10680389404297
0.094254970550537
0.092870950698853
0.094259023666382
0.092650890350342
0.10626983642578
0.1438159942627
0.094245910644531
0.10006904602051
0.10187697410583
0.094816923141479
0.097034931182861
0.095492839813232
0.092187881469727
0.09770679473877
0.10144209861755
0.10097980499268
0.095139980316162
0.10018110275269
0.091902017593384
0.095288991928101
0.098047018051147
0.095519065856934
0.10521912574768
0.1072039604187
0.095271825790405
0.092372179031372
0.09821891784668
0.10205912590027
0.099842071533203
0.093034029006958
0.098576068878174
0.10025477409363
0.10306406021118
0.098417997360229
0.10370707511902
0.095398187637329
0.097994089126587
0.10266590118408
0.10670113563538
0.095331907272339
0.094180107116699
0.10068702697754
0.1041898727417
0.094867944717407
0.098645925521851
0.11206197738647
0.10143303871155
0.090849161148071
0.11348509788513
0.39672994613647
0.09769606590271
0.10247611999512
0.091547966003418
0.10295391082764
0.09788990020752
0.10350799560547
0.099722146987915
0.096693992614746
0.091511964797974
0.093650817871094
0.094417095184326
0.096467018127441
0.10633516311646
0.11022090911865
0.10396313667297
0.10376596450806
0.09962797164917
0.098049879074097
0.11479496955872
0.093880891799927
0.09686017036438
0.1092848777771
0.10146498680115
0.096889972686768
0.10229086875916
0.099390029907227
0.093507051467896
0.093142032623291
0.09492301940918
0.10128402709961
0.10119915008545
0.09991192817688
0.10484600067139
0.093858957290649
0.097450017929077
0.1015899181366
0.098586082458496
0.10321998596191
0.10682892799377
0.10871601104736
0.098599910736084
0.11832785606384
0.11251902580261
3.8458340167999
0.1011278629303
0.10356712341309
0.092496871948242
0.11483597755432
0.090456962585449
0.10552597045898
0.10045099258423
0.10328102111816
0.10367178916931
0.097411155700684
0.092895984649658
0.10060095787048
0.093251943588257
0.09978199005127
0.093219995498657
0.093108892440796
0.10284113883972
0.089933156967163
0.10074496269226
0.089761972427368
0.09400486946106
0.10277509689331
0.099080085754395
0.10592699050903
0.087213039398193
0.098742961883545
0.097118139266968
0.097499132156372
0.10071611404419
0.10537004470825
0.09093713760376
0.10089898109436
0.10207986831665
0.092236995697021
0.096251010894775
0.10207915306091
0.093050956726074
0.10170602798462
0.094237804412842
0.098060846328735
0.094690084457397
0.09683895111084
0.10153007507324
0.092843055725098
0.092667102813721
0.090140819549561
0.093085050582886
0.10736489295959
0.095818996429443
0.10132193565369
0.092163801193237
0.092683076858521
0.10027503967285
0.10849499702454
0.10097503662109
0.098675012588501
0.098903894424438
0.143639087677
0.09232497215271
0.098016023635864
0.096245050430298
0.10234689712524
0.090126037597656
0.11298608779907
0.096680879592896
0.10082197189331
0.099127054214478
0.10294508934021
0.091263055801392
0.11286377906799
0.097690105438232
0.09964394569397
0.098192930221558
0.093152046203613
0.094727993011475
0.11261892318726
0.089721918106079
0.1086630821228
0.10496807098389
0.095119953155518
0.094340801239014
0.097191095352173
0.09573221206665
0.097466945648193
0.099881172180176
0.1096978187561
0.13075399398804
0.091861963272095
0.09464693069458
0.090419054031372
0.098605871200562
0.094110012054443
0.098140001296997
0.10736203193665
0.095088958740234
0.10099601745605
0.098992109298706
0.093101978302002
0.099337100982666
0.10342884063721
0.1236789226532
0.099752187728882
0.096477031707764
0.087271928787231
0.09980583190918
0.098618984222412
0.10350799560547
0.10086679458618
0.096378087997437
0.097082138061523
0.09489893913269
0.096939086914062
0.10011601448059
0.092336893081665
0.10566186904907
0.091737031936646
0.094738960266113
0.098113059997559
0.096441984176636
0.092866182327271
0.092453002929688
0.09580397605896
0.10185313224792
0.094446182250977
0.094840049743652
0.095720052719116
0.092840194702148
0.10300588607788
0.096590042114258
0.0989990234375
0.097954034805298
0.093106031417847
0.096603155136108
0.10695791244507
0.10223984718323
0.096086025238037
0.093158006668091
0.094464063644409
0.11787390708923
0.092016935348511
0.094307899475098
0.10081195831299
0.09623908996582
0.20428514480591
0.091152906417847
0.095029830932617
0.094893932342529
0.10503816604614
0.096969127655029
0.10606694221497
0.093690872192383
0.10048007965088
0.10517692565918
0.10567808151245
0.092299938201904
0.097904920578003
0.093630075454712
0.097050905227661
0.12235283851624
0.10001111030579
0.090714931488037
0.093034029006958
0.090823173522949
0.1065559387207
0.097423076629639
0.095202922821045
0.09551215171814
0.10186409950256
0.10071086883545
0.091798067092896
0.091668844223022
0.10031890869141
0.099634170532227
0.10559988021851
0.097599983215332
0.09601902961731
0.092827796936035
0.095463037490845
0.10527300834656
0.10043716430664
0.10370898246765
0.091592073440552
0.11703205108643
0.10779809951782
0.10175490379333
0.10076522827148
0.090857982635498
0.10869693756104
0.099205017089844
0.10212993621826
0.10768008232117
0.10204982757568
0.10077905654907
0.10359907150269
0.096743106842041
0.093721151351929
0.10360503196716
0.090950965881348
0.095146894454956
0.099918127059937
0.094120025634766
0.10984897613525
0.09459114074707
0.094462156295776
0.10280179977417
0.092224836349487
0.10946321487427
0.10290718078613
0.10131788253784
0.095222949981689
0.12682700157166
0.094135046005249
0.094961166381836
0.10469007492065
0.099629878997803
0.095212936401367
0.095252990722656
0.10208702087402
0.096527099609375
0.099276065826416
0.10880708694458
0.1008129119873
4.0015881061554
0.10087704658508
0.10919594764709
0.099318027496338
0.10110282897949
0.095056056976318
0.092142105102539
0.097822904586792
0.093323945999146
0.10989212989807
0.096678018569946
0.10211491584778
0.094483852386475
0.10651397705078
0.099317073822021
0.10138511657715
0.098842859268188
0.097827196121216
0.10101985931396
0.088873863220215
0.089792013168335
0.10022187232971
0.095556020736694
0.10959982872009
0.10068988800049
0.095544815063477
0.098856925964355
0.121985912323
0.092241048812866
0.093578100204468
0.12226104736328
0.10388088226318
0.10127902030945
0.099966049194336
0.097942113876343
0.092045068740845
0.10067701339722
0.10121512413025
0.095314025878906
0.095093965530396
0.09398889541626
0.095561981201172
0.10085105895996
0.10565185546875
0.098594903945923
0.10761594772339
0.097307920455933
0.092311143875122
0.10471796989441
0.098236083984375
0.1077561378479
0.098314046859741
0.097620964050293
0.11366200447083
0.10017514228821
0.091821908950806
0.10420799255371
0.11386585235596
0.10207605361938
0.095953941345215
0.099769115447998
0.093127965927124
0.097805976867676
0.090843915939331
0.10606503486633
0.096976041793823
0.092103958129883
0.10266709327698
0.097438097000122
0.10262703895569
0.093846797943115
0.092117071151733
0.095700025558472
0.094743013381958
0.091704130172729
0.10747504234314
0.10047006607056
0.10486006736755
0.09576416015625
0.10295510292053
0.11569213867188
0.1073842048645
0.092916011810303
0.095438957214355
0.091648817062378
0.10003399848938
0.10428380966187
0.095668077468872
0.10025000572205
0.098443984985352
0.10190391540527
0.094055891036987
0.091691970825195
0.098039865493774
0.093178033828735
0.093915939331055
0.092772006988525
0.10390615463257
0.10411500930786
0.096490144729614
0.094161987304688
0.10659003257751
0.099117040634155
0.11425590515137
0.096244096755981
0.093345880508423
0.095396995544434
0.10526204109192
0.09924578666687
0.10495901107788
0.10016512870789
0.10716891288757
0.094496965408325
0.095731019973755
0.10557198524475
0.093987941741943
0.10208320617676
0.099992990493774
0.099541902542114
0.099469184875488
0.094437122344971
0.10368704795837
0.098108053207397
0.10580205917358
0.10655379295349
0.1057140827179
0.10014200210571
0.097288846969604
0.10085391998291
0.096951961517334
0.096218109130859
0.091171979904175
0.10749101638794
0.091778039932251
0.094948053359985
0.099528074264526
0.10515904426575
0.096752882003784
0.10138082504272
0.10511112213135
0.1060779094696
0.1058349609375
0.09023380279541
0.098264932632446
0.099414110183716
0.099653005599976
0.10304808616638
0.1017050743103
0.094335079193115
0.095918893814087
0.096894025802612
0.10102701187134
0.10916495323181
0.09472393989563
0.10517811775208
0.09095311164856
0.10238885879517
0.11632704734802
0.1035897731781
0.099995136260986
0.098082065582275
0.10048294067383
0.091687917709351
0.098109006881714
0.094826936721802
0.098513841629028
0.10140204429626
0.093033075332642
0.099467992782593
0.10007095336914
0.096801996231079
0.10421991348267
0.093497037887573
0.10291481018066
0.092427015304565
0.10671806335449
0.10834789276123
0.099931955337524
0.095047950744629
0.10496306419373
0.10398197174072
0.094486951828003
0.097501039505005
0.10016107559204
0.10007500648499
0.097674131393433
0.10007119178772
0.097984075546265
0.10674786567688
0.092221021652222
0.10021901130676
0.09601616859436
0.095941066741943
0.10105299949646
0.095189094543457
0.10282588005066
0.095934152603149
0.094455003738403
0.100172996521
0.098865985870361
0.10029816627502
0.099896907806396
0.1121289730072
0.10306119918823
0.093096971511841
0.092913150787354
0.10266399383545
0.091197967529297
0.11826109886169
0.10342907905579
0.091750860214233
0.096381902694702
0.1270911693573
0.10259604454041
0.095666885375977
0.096988201141357
0.097087144851685
0.097801208496094
0.097018957138062
0.1078097820282
0.095033168792725
0.10058188438416
0.10499405860901
0.092848062515259
0.10074591636658
0.10129308700562
0.096464872360229
0.11087393760681
0.09652304649353
0.099806070327759
0.091799974441528
0.10317206382751
0.097285985946655
0.10229015350342
0.10312080383301
0.10681200027466
0.093446969985962
0.098122119903564
0.09268593788147
0.097984075546265
0.1045618057251
0.10382103919983
0.12130188941956
0.097446918487549
0.10241389274597
0.10048604011536
0.09598183631897
0.097733974456787
0.091307878494263
0.096791982650757
0.095108032226562
0.10402917861938
0.097883939743042
0.10468101501465
0.096837997436523
0.31988120079041
4.0022959709167
0.10739088058472
0.096410989761353
0.095679998397827
0.093239068984985
0.10045409202576
0.10314011573792
0.091701030731201
0.096449136734009
0.098789930343628
0.10125207901001
0.092149972915649
0.10180592536926
0.092220067977905
0.10936093330383
0.142333984375
0.094285011291504
0.094377994537354
2.9170877933502
0.10140919685364
0.098745107650757
0.097668170928955
0.10618805885315
0.097414016723633
0.09107494354248
0.089287996292114
0.10273003578186
0.096238851547241
0.1132071018219
0.094582080841064
0.090382099151611
0.10082101821899
0.10358500480652
0.10534381866455
0.098886966705322
0.100252866745
0.10009694099426
0.097578048706055
0.10212993621826
0.093858003616333
0.090155839920044
0.108726978302
0.10011720657349
0.091853141784668
0.10457301139832
0.096426010131836
0.1036479473114
0.096924066543579
0.09178900718689
0.10244107246399
0.10475206375122
0.10077404975891
0.09758996963501
0.099958896636963
0.11358785629272
0.10691499710083
0.10708379745483
0.091305017471313
0.10327291488647
0.1025869846344
0.10930800437927
0.099001884460449
0.09604287147522
0.095013856887817
0.095978021621704
0.10224986076355
0.094398021697998
0.092648029327393
0.10377192497253
0.097103834152222
0.09782600402832
0.095088005065918
0.10210585594177
0.092834949493408
0.098320960998535
0.095859050750732
0.096120119094849
0.10178995132446
0.10069608688354
0.098517894744873
0.10251688957214
0.092934846878052
0.0907301902771
0.092956066131592
0.10361886024475
0.098581075668335
0.093987941741943
0.10034012794495
0.09332013130188
0.099169015884399
0.095813989639282
0.093281030654907
0.099587917327881
0.094151973724365
0.099782943725586
0.1021249294281
0.10148501396179
0.098047971725464
0.097457885742188
0.1297619342804
0.098839998245239
0.10173010826111
0.099179983139038
0.1051778793335
0.09635591506958
0.096474885940552
0.09194803237915
0.10131597518921
0.099833965301514
0.10040497779846
0.098948955535889
0.091953992843628
0.096085071563721
0.094388008117676
0.10410284996033
0.093929052352905
0.09299111366272
0.1052827835083
0.096576929092407
0.095097064971924
0.098474025726318
0.10398507118225
0.097938060760498
0.095690965652466
0.10565686225891
0.10478401184082
0.10545301437378
0.0936279296875
0.093168973922729
0.096259117126465
0.1205780506134
0.10063719749451
0.10675191879272
0.094774961471558
0.10025215148926
0.096497058868408
0.09722900390625
0.096341848373413
0.11305093765259
0.098655939102173
0.095269918441772
0.1018750667572
0.091993093490601
0.097755193710327
0.09152889251709
0.098114967346191
0.10599398612976
0.10710215568542
0.10003685951233
0.098306894302368
0.09724497795105
0.098675966262817
0.096631050109863
0.097721099853516
0.095800876617432
0.09178900718689
0.095295906066895
0.099200010299683
0.098336935043335
0.099375009536743
0.10355591773987
0.094910860061646
0.096641063690186
0.098651885986328
0.097454071044922
0.096001863479614
0.094587087631226
0.10106801986694
0.10237598419189
0.094960927963257
0.10824108123779
0.092377901077271
0.10767102241516
0.096000909805298
0.09675407409668
0.093808889389038
0.10223293304443
0.091458082199097
0.092993021011353
0.10267186164856
0.090389013290405
0.09332013130188
0.1011049747467
0.10882782936096
0.099503040313721
0.096700191497803
0.09851598739624
0.09766697883606
0.1099259853363
0.097140073776245
0.089807987213135
0.099105834960938
0.10496616363525
0.11025500297546
0.10133600234985
0.09132981300354
0.12547898292542
0.098410129547119
0.10108208656311
0.10247087478638
0.1386079788208
0.090807199478149
0.10058307647705
0.099920034408569
0.097157955169678
0.096611022949219
0.10027003288269
0.098046064376831
0.10039186477661
0.10758399963379
0.11651992797852
0.10298609733582
0.30955910682678
0.099426984786987
0.099205017089844
0.094932079315186
0.21042084693909
0.098780870437622
0.09770393371582
0.10406398773193
0.094504117965698
0.097295999526978
0.098761081695557
0.10058188438416
0.099740982055664
0.10133194923401
0.10480690002441
0.095680952072144
0.10250306129456
0.089850902557373
0.10682797431946
0.10107493400574
0.093202829360962
0.10297989845276
0.094953060150146
0.098543882369995
0.091031789779663
0.094845056533813
0.095773935317993
0.099931001663208
0.096112012863159
0.099679946899414
0.092527866363525
0.094538927078247
0.097723007202148
0.1027569770813
0.10202407836914
0.096462965011597
0.10331797599792
0.091668128967285
0.097690105438232
0.096778869628906
0.095932960510254
0.097400903701782
0.092378854751587
0.091136932373047
0.13841891288757
0.11722111701965
0.10097885131836
0.096406936645508
0.094806909561157
0.11283993721008
0.1213800907135
0.097391843795776
0.10108399391174
0.09478497505188
0.11523008346558
0.094279050827026
0.11074995994568
0.10917401313782
0.097297191619873
0.094746112823486
0.10024118423462
0.10279297828674
0.1094810962677
0.11027193069458
0.10507607460022
0.10112118721008
0.099956035614014
0.093039989471436
0.09921407699585
0.095471143722534
0.10044980049133
0.097101926803589
0.10203385353088
0.099941968917847
0.093205213546753
0.098448038101196
0.10439586639404
0.093823194503784
0.098958015441895
0.09650993347168
0.092576026916504
0.096592903137207
0.12171411514282
0.10517001152039
0.09526801109314
0.095474004745483
0.091646909713745
0.10116815567017
0.097325086593628
0.10069417953491
0.0919349193573
0.10396814346313
0.097163200378418
0.097974061965942
0.096709966659546
0.097975015640259
0.10310387611389
0.10230803489685
0.10274195671082
0.11679887771606
0.10106897354126
0.10503602027893
0.094832897186279
0.10254502296448
0.097886085510254
0.096225023269653
0.098472118377686
0.095230102539062
0.096802949905396
0.094300031661987
0.094807863235474
0.1000759601593
0.096648931503296
0.095568180084229
0.092303991317749
0.099458932876587
0.099514961242676
0.09799599647522
0.10168194770813
0.10495209693909
0.10189294815063
0.10159301757812
0.10467600822449
0.099153995513916
0.096695899963379
0.095021963119507
0.098820924758911
0.10016393661499
0.10585999488831
0.1038179397583
0.099670171737671
0.095571041107178
0.10974812507629
0.1018340587616
0.096718072891235
0.20310616493225
0.10606908798218
0.094820976257324
0.10355496406555
0.092031002044678
0.10415887832642
0.10719799995422
0.10144090652466
0.09821605682373
0.1011860370636
0.09632396697998
0.0957350730896
0.10245394706726
0.096759080886841
0.099168062210083
0.091691970825195
0.10301518440247
0.10322284698486
0.089443922042847
0.11015319824219
0.09869909286499
0.10022592544556
0.1113429069519
0.091254949569702
0.098198890686035
0.14323496818542
0.10308504104614
0.094503164291382
0.094937086105347
0.096859931945801
0.10225605964661
0.094604969024658
0.093394994735718
0.11073207855225
0.094905138015747
0.10049605369568
0.095844984054565
0.090353965759277
0.10330200195312
0.096473932266235
0.094203948974609
0.097392797470093
0.096498012542725
0.1082398891449
0.10536599159241
0.10621190071106
0.098505973815918
0.10052299499512
0.10038900375366
0.10018706321716
0.10144591331482
0.11396598815918
0.098343133926392
0.098026037216187
0.095057964324951
0.098612070083618
0.098341941833496
0.094795942306519
0.094274997711182
0.097728967666626
0.09891414642334
0.099927186965942
0.092398881912231
0.094919919967651
0.098130941390991
0.10018110275269
0.10289978981018
0.10030102729797
0.09799599647522
0.094368934631348
0.10290622711182
0.098521947860718
0.092566013336182
0.093017101287842
0.095134019851685
0.11306405067444
0.096229076385498
0.099525213241577
0.097121000289917
0.10457420349121
0.10183811187744
0.095722198486328
0.10202503204346
0.1054859161377
0.098083019256592
0.093304872512817
0.098740100860596
0.090357065200806
0.096627950668335
0.091395854949951
0.1051299571991
0.091121912002563
0.11781191825867
0.097136974334717
0.090740919113159
0.38913011550903
0.095251083374023
0.10813403129578
0.10190987586975
0.095456123352051
0.10209512710571
0.099215030670166
0.098278999328613
0.11273407936096
0.094214916229248
0.094702005386353
0.092120885848999
0.099600076675415
0.10635590553284
0.095386981964111
0.092507123947144
0.10150003433228
0.090989828109741
0.10687804222107
0.091572999954224
0.10173392295837
0.11085200309753
0.098824977874756
0.099359035491943
0.093180894851685
0.096792936325073
0.099833011627197
0.092589139938354
0.099154949188232
0.093708992004395
0.103511095047
0.10507798194885
0.093001127243042
0.093456029891968
0.098762989044189
0.096406221389771
0.093215942382812
0.093574047088623
0.098094940185547
0.10195684432983
0.10670804977417
0.091524839401245
0.095794916152954
0.098947048187256
0.11129093170166
0.094855070114136
0.10526704788208
0.10223889350891
0.099825859069824
0.09539794921875
0.10412693023682
0.1035258769989
0.11464095115662
0.10759401321411
0.09375
0.093279838562012
0.10121202468872
0.097681045532227
0.091044902801514
0.10603499412537
0.099035978317261
0.097340106964111
0.089859008789062
0.10109806060791
0.10502290725708
0.098262071609497
0.094012975692749
0.10100507736206
0.10262608528137
0.10284495353699
0.099416017532349
0.097816944122314
0.092472076416016
0.10679793357849
0.097901821136475
0.097208976745605
0.094537019729614
0.097947120666504
0.092104911804199
0.10207605361938
0.10009813308716
0.10360312461853
0.092261075973511
0.10918378829956
0.096834182739258
0.095844984054565
0.10889005661011
0.089797019958496
0.10012912750244
0.097202062606812
0.095139980316162
0.10253596305847
0.099223852157593
0.099522829055786
0.096656799316406
0.102863073349
0.10001397132874
0.10808491706848
0.095542907714844
0.10017800331116
0.11277198791504
0.092444181442261
0.089235782623291
0.094630002975464
0.094418048858643
0.097905874252319
0.10170006752014
0.10957098007202
0.09295392036438
0.10022592544556
0.10090804100037
0.10604119300842
0.10210704803467
0.10074090957642
0.10187602043152
0.1316339969635
0.10806918144226
0.091763973236084
0.09852409362793
0.094277143478394
0.098977088928223
0.099429845809937
0.098789930343628
0.10322403907776
0.094811916351318
0.10215401649475
0.099123001098633
0.11753296852112
0.11611700057983
0.10042595863342
0.10418081283569
0.094537019729614
0.1011700630188
0.11334800720215
0.09421706199646
0.091268062591553
0.099682092666626
0.10377216339111
0.10076308250427
0.10025095939636
0.093677043914795
0.092650890350342
0.094509124755859
0.098966836929321
0.090107917785645
0.10504007339478
0.096428155899048
0.096658945083618
0.098669052124023
0.091141939163208
0.095818996429443
0.093017816543579
0.10501313209534
0.091568946838379
0.10002994537354
0.094462871551514
0.1004741191864
0.093950986862183
0.10447001457214
0.10239815711975
0.1183021068573
0.088202953338623
0.39903402328491
0.099806070327759
0.10406684875488
0.095937013626099
0.094953060150146
0.10483503341675
0.10006308555603
0.10184693336487
0.10203003883362
0.098551034927368
0.12599802017212
0.11394906044006
0.10637307167053
0.097567081451416
0.10413694381714
0.11041402816772
0.094117164611816
0.099944114685059
0.10529899597168
0.097957134246826
0.095969915390015
0.18533802032471
0.099406003952026
0.097414970397949
0.096735954284668
0.10026693344116
0.093887090682983
0.092655897140503
0.10010099411011
0.097157955169678
0.099525928497314
0.10102701187134
0.093797922134399
0.092067003250122
0.11258006095886
0.096117973327637
0.10551404953003
0.10384488105774
0.10301899909973
0.10482096672058
0.12598514556885
0.094141960144043
0.11051201820374
0.32121706008911
0.099695920944214
0.097965002059937
0.098351001739502
0.095767021179199
0.094887971878052
0.09595799446106
0.097100019454956
0.09626293182373
0.10039901733398
0.10657906532288
0.092444896697998
0.10780310630798
0.098402976989746
0.10100817680359
0.094789028167725
0.099400997161865
0.10510802268982
0.10982394218445
0.092393159866333
0.096129894256592
0.11665606498718
0.10635614395142
0.098701000213623
0.10002613067627
0.092950820922852
0.10910892486572
0.10026597976685
0.1000988483429
0.092042922973633
0.11456990242004
0.10087203979492
0.10823011398315
0.10223507881165
0.10136699676514
0.10028696060181
0.098036050796509
0.10465288162231
0.098518133163452
0.099817991256714
0.1039559841156
0.097905158996582
0.097903966903687
0.1168520450592
0.10161590576172
0.10131597518921
0.097985982894897
0.10815787315369
0.098567008972168
0.093285799026489
0.10149312019348
0.10131192207336
0.10166788101196
0.097004890441895
0.09268593788147
0.107342004776
0.092104911804199
0.091476917266846
0.10977602005005
0.09856915473938
0.10443902015686
0.10231399536133
0.090534925460815
0.099414110183716
0.10175800323486
0.10074687004089
0.10344195365906
0.11007189750671
0.099673986434937
0.10951113700867
0.10150003433228
0.10634589195251
0.097727060317993
0.1110098361969
0.099979877471924
0.094092130661011
0.092808961868286
0.097381114959717
0.10307002067566
0.10749697685242
0.12008619308472
0.10583305358887
0.090975046157837
0.092931985855103
0.096911907196045
0.095221996307373
0.1038990020752
0.094400882720947
0.096242189407349
0.094198942184448
0.098636150360107
0.099519968032837
0.11315298080444
0.098610877990723
0.10084509849548
0.091418027877808
0.092443943023682
0.10274291038513
0.10616683959961
0.10349297523499
0.1050329208374
0.13300609588623
0.097597122192383
0.10104012489319
0.10465884208679
0.093425989151001
0.096437931060791
0.1046769618988
0.23063015937805
0.099737167358398
0.095100164413452
0.11006093025208
0.10463404655457
0.10355496406555
0.097457885742188
0.11005401611328
0.10495686531067
0.095319986343384
0.099035024642944
0.10050916671753
0.10931706428528
0.10137295722961
0.098651885986328
0.10283017158508
0.1010000705719
0.096049070358276
0.093338966369629
0.095044851303101
0.12195706367493
0.091073989868164
0.09069299697876
0.091923952102661
0.1030900478363
0.095276117324829
0.10007691383362
0.10791492462158
0.10114002227783
0.093369007110596
0.14377093315125
0.092286825180054
0.094106912612915
0.093660116195679
0.10648703575134
0.10264086723328
0.094717979431152
0.091948986053467
0.096360921859741
0.089426040649414
0.10133409500122
0.10035705566406
0.097059011459351
0.098473072052002
0.092712879180908
0.092303991317749
0.11431002616882
0.10829091072083
0.093267202377319
0.098235845565796
0.094969034194946
0.096412897109985
0.11221408843994
0.098920822143555
0.092828035354614
0.096489906311035
0.10778307914734
0.094625949859619
0.10237002372742
0.095003843307495
0.092806100845337
0.090286016464233
0.10794186592102
0.10182404518127
0.09709095954895
0.10014796257019
0.10038208961487
0.10040211677551
0.10283803939819
0.094528913497925
0.096476793289185
0.10430788993835
0.10001182556152
0.10231804847717
0.10401606559753
0.095040082931519
0.098146200180054
0.10380792617798
0.11681604385376
0.096359014511108
0.12188410758972
0.11684489250183
0.12202405929565
0.1014039516449
0.10503697395325
0.09299111366272
0.099364042282104
0.093096971511841
0.11080598831177
0.095177173614502
0.10353684425354
0.10267305374146
0.094928026199341
0.097245931625366
0.099725008010864
0.094012975692749
0.095062017440796
0.10000109672546
0.10638213157654
0.093178033828735
0.09767484664917
0.10323119163513
0.099672079086304
0.09674596786499
0.098824024200439
0.10357999801636
0.08604097366333
0.090574026107788
0.10104894638062
0.11130404472351
0.10241198539734
0.094726085662842
0.097438097000122
0.11386704444885
0.095750093460083
0.09262490272522
0.099658966064453
0.10279107093811
0.10398888587952
0.10122084617615
0.10921382904053
0.10082101821899
0.08986496925354
0.096176862716675
0.10030603408813
0.092747926712036
0.095383882522583
0.090096950531006
0.10420393943787
0.090555906295776
0.10117793083191
0.10106515884399
0.094030141830444
0.10140109062195
0.092787981033325
0.10287690162659
0.097285985946655
0.10122799873352
0.096569061279297
0.39709997177124
0.09423303604126
0.099916934967041
0.093245029449463
0.10378503799438
0.095212936401367
0.10240006446838
0.10216903686523
0.093058109283447
0.097929954528809
0.10362100601196
0.097943067550659
0.099117994308472
0.094264984130859
0.094651937484741
0.090960025787354
0.10000801086426
0.10772800445557
0.10199594497681
0.10666704177856
0.1025378704071
0.096081972122192
0.093403816223145
0.092138051986694
0.42359089851379
0.098302841186523
0.094864845275879
0.10767483711243
0.10069108009338
0.1061680316925
0.096182107925415
0.10423707962036
0.10050296783447
0.10384702682495
0.09465503692627
0.097043037414551
0.098924875259399
0.10222506523132
0.090198993682861
0.091613054275513
0.096261024475098
0.10184001922607
0.0991530418396
0.093394994735718
0.095257997512817
0.10314321517944
0.09502100944519
0.092456817626953
0.097841024398804
0.099111080169678
0.1002779006958
0.097296953201294
0.092174053192139
0.10141611099243
0.093425989151001
0.11123895645142
0.10211181640625
0.092698812484741
0.095287084579468
0.10533905029297
0.095248937606812
0.099424839019775
0.09850001335144
0.092606067657471
0.10589599609375
0.09716796875
0.092221021652222
0.10380411148071
0.10247087478638
0.096177816390991
0.093752145767212
0.093026876449585
0.10954093933105
0.089442014694214
0.092314004898071
0.095294952392578
0.096207141876221
0.094154119491577
0.10374903678894
0.09685492515564
0.1057140827179
0.095834970474243
0.09830117225647
0.099422216415405
0.097440004348755
0.096089839935303
0.098564863204956
0.098331928253174
0.099480867385864
0.099912166595459
0.11367392539978
0.10948085784912
0.093383073806763
0.098319053649902
0.10090494155884
0.10533404350281
0.099000930786133
0.1019458770752
0.10077905654907
0.10825490951538
0.09933614730835
0.095377922058105
0.09315013885498
0.097736835479736
0.11174416542053
0.10161089897156
0.095128059387207
0.10455894470215
0.091714859008789
0.099255800247192
0.10274791717529
0.10723400115967
0.099706888198853
0.093581914901733
0.098546028137207
0.092897176742554
0.10245895385742
0.099030017852783
0.095468044281006
0.10054183006287
0.09928297996521
0.10892605781555
0.096762895584106
0.096283912658691
0.10129189491272
0.10247898101807
0.10461187362671
0.10148191452026
0.090564012527466
0.1148989200592
0.11516880989075
0.093652009963989
0.092617988586426
0.095963001251221
0.097759962081909
0.098228931427002
0.10544419288635
0.098526000976562
0.10641002655029
0.11749410629272
0.098396062850952
0.1099898815155
0.094588041305542
0.097632169723511
0.094771862030029
0.099117040634155
0.20701003074646
0.10086822509766
0.10303902626038
0.094702005386353
0.10067296028137
0.11104011535645
0.1034791469574
0.093813180923462
0.090437889099121
0.093571901321411
0.091701984405518
0.097012042999268
0.095888137817383
0.096096038818359
0.1006441116333
0.095330953598022
0.097812175750732
0.11269187927246
0.091204881668091
0.094455003738403
0.09232497215271
0.10019993782043
0.092955112457275
0.098587989807129
0.10911297798157
0.096890926361084
0.12052583694458
0.11273121833801
0.097590923309326
0.093391180038452
0.093362092971802
0.098834037780762
0.095856904983521
0.094114065170288
0.094636917114258
0.097299098968506
0.10311889648438
0.10567402839661
0.094866037368774
0.091012001037598
0.10087299346924
0.093923091888428
0.11002016067505
0.10317802429199
0.099059820175171
0.10835289955139
0.098856210708618
0.10290908813477
0.10189604759216
0.10360407829285
0.097452163696289
0.10241293907166
0.10217499732971
0.10535097122192
0.09392786026001
0.092651844024658
0.11186909675598
0.10119414329529
0.094757080078125
0.10218811035156
0.098412036895752
0.10092806816101
0.10003519058228
0.098245859146118
0.0938720703125
0.099756002426147
0.090781927108765
0.09712290763855
0.094022035598755
0.090744972229004
0.11846685409546
0.11770915985107
0.092278003692627
0.093960046768188
0.10061502456665
0.10431289672852
0.091341972351074
0.10351586341858
0.096113920211792
0.10633492469788
0.097139120101929
0.093343019485474
0.10265898704529
0.093701124191284
0.096647024154663
0.092458009719849
0.091668844223022
0.10811901092529
0.10280704498291
0.10780501365662
0.1063060760498
0.1065239906311
0.097821950912476
0.097991228103638
0.099050045013428
0.10984587669373
0.092331886291504
0.10407185554504
0.10874009132385
0.095309972763062
0.09767484664917
0.11074995994568
0.094573974609375
0.099509954452515
0.093011140823364
0.10196614265442
0.097989082336426
0.093743085861206
0.093445062637329
0.089737892150879
0.095802068710327
0.10112714767456
0.089941024780273
0.089900016784668
0.095393180847168
0.09478497505188
0.10146117210388
0.096970081329346
0.10091614723206
0.10142183303833
0.10090494155884
0.09621000289917
0.098572969436646
0.098736047744751
0.10900807380676
0.098697185516357
0.093626022338867
0.10762000083923
0.097046136856079
0.10647010803223
0.096421003341675
0.0920729637146
0.091401100158691
0.096239805221558
0.095731019973755
0.094372034072876
0.10350704193115
0.10257720947266
0.098968029022217
0.099059820175171
0.091516971588135
0.10596084594727
0.098538160324097
0.10906386375427
0.10144209861755
0.095829010009766
0.098952054977417
0.098984003067017
0.096532821655273
0.098034143447876
0.09856104850769
0.099347114562988
0.092450857162476
0.09980297088623
0.10097002983093
0.096532106399536
0.10588479042053
0.092094898223877
0.10028600692749
0.10389184951782
0.096894025802612
0.094046115875244
0.093884944915771
0.12126111984253
0.10102701187134
0.095298051834106
0.094563007354736
0.10948705673218
0.098070859909058
0.095961809158325
0.098691940307617
0.091003894805908
0.099982023239136
0.10187101364136
0.094948053359985
0.32240200042725
0.10923504829407
0.091555118560791
0.099641799926758
0.091699123382568
0.095340013504028
0.099303007125854
0.14431691169739
0.090537071228027
0.10117983818054
0.094861030578613
0.09472393989563
0.094957113265991
0.10251307487488
0.10037612915039
0.15226101875305
0.09211802482605
0.09669303894043
0.10243797302246
0.089224815368652
0.093729972839355
0.096730947494507
0.096265077590942
0.095142841339111
0.090641021728516
0.092775106430054
0.0971519947052
0.10326313972473
0.093729019165039
0.094082117080688
0.14440107345581
0.10000586509705
0.095555067062378
0.098906993865967
0.10545301437378
0.096535205841064
0.10347986221313
0.093441009521484
0.093671083450317
0.092376947402954
0.10378694534302
0.094952821731567
0.10382413864136
0.092446088790894
0.094887971878052
0.099944829940796
0.10090303421021
0.10254406929016
0.096798181533813
0.10302996635437
0.089756011962891
0.10670685768127
0.093052864074707
0.09387993812561
0.11385178565979
0.095774173736572
0.099814891815186
0.10311198234558
0.097638130187988
0.10432481765747
0.10782098770142
0.10053491592407
0.10976791381836
0.1344530582428
0.095484018325806
0.095795154571533
0.10053181648254
0.10538005828857
0.096107006072998
0.15043687820435
0.093208074569702
0.09560489654541
0.09377908706665
0.096223115921021
0.097418069839478
0.10162997245789
0.09980297088623
0.10057210922241
0.10169816017151
0.093135118484497
0.092527866363525
0.098340034484863
0.10308694839478
0.10543489456177
0.096818923950195
0.097472906112671
0.10281014442444
0.10529708862305
0.10396003723145
0.09344482421875
0.094987154006958
0.097450971603394
0.092632055282593
0.10141396522522
0.10824298858643
0.088851928710938
0.099864959716797
0.093821048736572
0.099876165390015
0.096500873565674
0.10578393936157
0.09634804725647
0.096858978271484
0.1000828742981
0.10983300209045
0.10359692573547
0.094194889068604
0.097609996795654
0.092865943908691
0.093782901763916
0.10505104064941
0.099860906600952
0.097023010253906
0.4147310256958
0.13120889663696
0.089844226837158
0.093806028366089
0.10251903533936
0.095522165298462
0.10107398033142
0.10202383995056
0.10237193107605
0.09515905380249
0.094849109649658
0.085882902145386
0.11535811424255
0.1522228717804
0.08729887008667
0.098300933837891
0.093076944351196
0.093281984329224
0.092609882354736
0.090469121932983
0.09766411781311
0.098531007766724
0.097211837768555
0.10709500312805
0.096174001693726
0.098273992538452
0.094965934753418
0.10234498977661
0.10998201370239
0.094290971755981
0.10652613639832
0.095213890075684
0.10005593299866
0.10153412818909
0.094762086868286
0.095623016357422
0.091125965118408
0.15399503707886
0.1014711856842
0.098839998245239
0.092353105545044
0.10711407661438
0.089288949966431
0.090378999710083
0.094407796859741
0.098796129226685
0.092442989349365
0.095120906829834
0.092940092086792
0.099159002304077
0.088287115097046
0.09662389755249
0.094638109207153
0.10520911216736
0.12132406234741
0.099572896957397
0.11512804031372
0.10021591186523
0.098304986953735
0.095370054244995
0.10069489479065
0.093183994293213
0.10585379600525
0.098114967346191
0.10612201690674
0.10995602607727
0.092036962509155
0.092451810836792
0.1101279258728
0.10410690307617
0.097414970397949
0.093688011169434
0.092463970184326
0.094377040863037
0.10006093978882
0.10586810112
0.10319113731384
0.11454105377197
0.094296932220459
0.0984787940979
0.095436096191406
0.097242116928101
0.096554040908813
0.1052770614624
0.10544991493225
0.096470832824707
0.10259914398193
0.099998950958252
0.093522071838379
0.11965394020081
0.099674940109253
0.097318172454834
0.097615003585815
0.093115091323853
0.094202995300293
0.097893953323364
0.099642992019653
0.10851788520813
0.093731880187988
0.095004081726074
0.097144842147827
0.13951086997986
0.093046903610229
0.091166973114014
0.097190856933594
0.10485482215881
0.10619711875916
0.10042881965637
0.096851825714111
0.090919971466064
0.09280800819397
0.1043848991394
0.093998908996582
0.11322212219238
0.096322059631348
0.10940885543823
0.093304872512817
0.099870920181274
0.1057460308075
0.099523067474365
0.091679096221924
0.10203409194946
0.10827398300171
0.096267938613892
0.12022399902344
0.092493057250977
0.099445104598999
0.10266494750977
0.095623016357422
0.09643292427063
0.10418891906738
0.097476959228516
0.10280513763428
0.11272692680359
0.10192704200745
0.096112966537476
0.1051390171051
0.10431599617004
0.091769933700562
0.095679044723511
0.10860204696655
0.093168020248413
0.093503952026367
0.099406957626343
0.092693090438843
0.09049916267395
0.092901945114136
0.097875118255615
0.095004796981812
0.10395216941833
0.093822956085205
0.10378313064575
0.10046601295471
0.097949981689453
0.094789981842041
0.0989990234375
0.09782886505127
0.10382485389709
0.10326814651489
0.097947835922241
0.094069957733154
0.09807300567627
0.09469199180603
0.11319088935852
0.091516017913818
0.10189294815063
0.095701932907104
0.096441030502319
0.10230302810669
0.094637870788574
0.103835105896
0.091575860977173
0.093889951705933
0.10429000854492
0.095824003219604
0.10051417350769
0.10142207145691
0.099581003189087
0.093008995056152
0.098684072494507
0.099181890487671
0.10206389427185
0.09635591506958
0.10015892982483
0.096628189086914
0.097723960876465
0.10329103469849
0.10469007492065
0.095800876617432
0.093010187149048
0.096184015274048
0.095223903656006
0.10076880455017
0.09305477142334
0.098898887634277
0.098230123519897
0.099895000457764
0.10324716567993
0.096044063568115
0.10298705101013
0.095488786697388
0.10353803634644
0.094940900802612
0.093828201293945
0.098639965057373
0.091449975967407
0.17759799957275
0.095726013183594
0.098650932312012
0.099461078643799
0.096560955047607
0.1009681224823
0.09185004234314
0.091830968856812
0.094999074935913
0.092530965805054
0.10292220115662
0.099760055541992
0.10431909561157
0.098344087600708
0.096601009368896
0.096798896789551
0.1007239818573
0.090879917144775
0.092314004898071
0.092921018600464
0.093750953674316
0.10400295257568
0.10004210472107
0.089420080184937
0.099633932113647
0.091936826705933
0.095746994018555
0.10409593582153
0.095562934875488
0.095810890197754
0.10116910934448
0.095376968383789
0.090044975280762
0.097982883453369
0.092814207077026
0.10454392433167
0.092514038085938
0.10069298744202
0.09648609161377
0.099053859710693
0.10089302062988
0.096457958221436
0.10070109367371
0.11180305480957
0.099938869476318
0.10480999946594
0.09620189666748
0.09862208366394
0.097385168075562
0.098140001296997
0.09582781791687
0.093787908554077
0.095371007919312
0.094940900802612
0.09437108039856
0.097436189651489
0.10417795181274
0.11480093002319
0.095572948455811
3.5470972061157
0.10549187660217
0.096229791641235
0.095993041992188
0.0955970287323
0.10274791717529
0.10275602340698
0.095409154891968
0.092985153198242
0.10460901260376
0.095798015594482
0.10241603851318
0.093931913375854
0.093141078948975
0.096344947814941
0.10951614379883
0.093402862548828
0.10059404373169
0.093764066696167
0.10502409934998
0.095377922058105
0.091417074203491
0.09823203086853
0.21460199356079
0.093346118927002
0.10737705230713
0.10536193847656
0.10019207000732
0.10044598579407
0.093352079391479
0.099856853485107
0.091937065124512
0.094551086425781
0.13881182670593
0.095201969146729
0.094177007675171
0.10139608383179
0.097039937973022
0.099534034729004
0.10252690315247
0.10223388671875
0.10988211631775
0.10369896888733
0.097288846969604
0.099466800689697
0.11025714874268
0.10398387908936
0.093080997467041
0.096794128417969
0.096429824829102
0.10401892662048
0.095856904983521
0.1028790473938
0.093301057815552
0.093780994415283
0.097769021987915
0.093126058578491
0.10626697540283
0.095901966094971
0.093601942062378
0.092660188674927
0.096229076385498
0.090021133422852
0.12020993232727
0.099709987640381
0.099794864654541
0.1073009967804
0.090034961700439
0.094455003738403
0.096935033798218
0.10806512832642
0.090499877929688
0.10490798950195
0.10339689254761
0.094159841537476
0.098684072494507
0.098408937454224
0.10912299156189
0.093094110488892
0.11692810058594
0.096132040023804
0.10338401794434
0.096313953399658
0.10333013534546
0.096412897109985
0.092957019805908
0.094352006912231
0.1051869392395
0.093441009521484
0.092400074005127
0.093049049377441
0.10636591911316
0.098153114318848
0.095139980316162
0.10215783119202
0.094322204589844
0.11222410202026
0.095875978469849
0.094271898269653
0.1012589931488
0.098807096481323
0.099057912826538
0.099390983581543
0.11921501159668
0.09240984916687
0.099756956100464
0.099362134933472
0.10966300964355
0.11055207252502
0.096237897872925
0.09713888168335
0.096391916275024
0.099745035171509
0.097069025039673
0.093120098114014
0.1048858165741
0.15724205970764
0.098315000534058
0.094874858856201
0.094690084457397
0.10136103630066
0.10822796821594
0.096231937408447
0.092137813568115
0.099368810653687
0.089977979660034
0.1041419506073
0.098945140838623
0.098906993865967
0.1059410572052
0.098671913146973
0.08959698677063
0.093251943588257
0.099506139755249
0.09105396270752
0.092273950576782
0.10391807556152
0.10823082923889
0.10227513313293
0.093749046325684
0.10591506958008
0.097825050354004
0.093761920928955
0.099863052368164
0.10246205329895
0.096843957901001
0.10213994979858
0.10373997688293
0.11547708511353
0.091100931167603
0.094303131103516
0.094298124313354
0.10007286071777
0.10151290893555
0.09956693649292
0.10366892814636
0.10752391815186
0.10810112953186
0.093321084976196
0.096116065979004
0.089146137237549
0.091439008712769
0.092468023300171
0.10899090766907
0.097913980484009
0.10426497459412
0.090605020523071
0.093640804290771
0.10152196884155
0.11129379272461
0.096814870834351
0.10306596755981
0.10115098953247
0.098686933517456
0.089883089065552
0.097723007202148
0.10036611557007
0.10085391998291
0.091772079467773
0.21534895896912
0.095220804214478
0.0974440574646
0.097173929214478
0.093199014663696
0.094956159591675
0.098485946655273
0.098428010940552
0.101233959198
0.10340595245361
0.091915130615234
0.093368053436279
0.13017702102661
0.10634589195251
0.10088109970093
0.093199014663696
0.1001570224762
0.095738887786865
0.088359117507935
0.096333980560303
0.10541582107544
0.10096907615662
0.10251379013062
0.10204100608826
0.10701704025269
0.093281030654907
0.11610293388367
0.095416069030762
0.093647956848145
0.097166061401367
0.098012924194336
0.09290885925293
0.10260701179504
0.10443091392517
0.086643934249878
0.10262084007263
0.09705114364624
0.10814595222473
0.096295118331909
0.09293007850647
0.10954403877258
0.10825490951538
0.10990405082703
0.091227054595947
0.094383955001831
0.10020303726196
0.094813108444214
0.097078800201416
0.10040903091431
0.093707084655762
0.11026096343994
0.097871065139771
0.097401142120361
0.096622943878174
0.093952178955078
0.10043597221375
0.099201202392578
0.094017028808594
0.088822841644287
0.095601081848145
0.10369420051575
0.097656965255737
0.098518848419189
0.09382700920105
0.093846797943115
0.10404992103577
0.10174608230591
0.10739207267761
0.096843004226685
0.098282098770142
0.098050117492676
0.10353994369507
0.097774028778076
0.097270011901855
0.098956108093262
0.093841075897217
0.096631050109863
0.09122109413147
0.091610908508301
0.1148669719696
0.10497903823853
0.091667890548706
0.097728967666626
0.09489107131958
0.1020610332489
0.10480999946594
0.09938907623291
0.10358881950378
0.09920597076416
0.10011911392212
0.1003041267395
0.09169602394104
0.14243006706238
0.10353302955627
0.092143058776855
0.097794055938721
0.095574140548706
0.099755048751831
0.096246957778931
0.088873863220215
0.093786001205444
0.099326848983765
0.098140954971313
0.0901780128479
0.10283994674683
0.10765600204468
0.095675945281982
0.094681024551392
0.099224090576172
0.10195398330688
0.099976062774658
0.097229957580566
0.10945105552673
0.11796808242798
0.10665702819824
0.098261117935181
0.096350193023682
0.10593795776367
0.10128307342529
0.090863943099976
0.10394597053528
0.15049600601196
0.10652899742126
0.10204911231995
0.10026907920837
0.095127105712891
0.098014831542969
0.091150999069214
0.096866130828857
0.11086010932922
0.094897985458374
0.091287851333618
0.10033488273621
0.089647054672241
0.10362386703491
0.090759992599487
0.098920822143555
0.093847990036011
0.11035299301147
0.10577011108398
0.092337846755981
0.10155200958252
0.093278884887695
0.086327075958252
0.094813108444214
0.094290971755981
0.095099925994873
0.092077016830444
0.092986822128296
0.11043810844421
0.092870950698853
0.11926198005676
0.10625886917114
0.13453698158264
0.094907999038696
0.097813844680786
0.10022187232971
0.097153186798096
0.099828004837036
0.095369100570679
0.092787027359009
0.10050392150879
0.094412803649902
0.14791798591614
0.097159862518311
0.095306873321533
0.089594125747681
0.094093084335327
0.092010974884033
0.10008597373962
0.095809936523438
0.094092845916748
0.09331202507019
0.10652303695679
0.10800194740295
0.093591928482056
0.093910932540894
0.10233688354492
0.1074070930481
0.098069906234741
0.092535018920898
0.12737202644348
0.099031209945679
0.10028004646301
0.093996047973633
0.10433292388916
0.091754913330078
0.097392082214355
0.096948146820068
0.10296416282654
0.095263957977295
0.094369173049927
0.30783581733704
0.096078157424927
0.10927295684814
0.10413908958435
0.09349799156189
0.093638896942139
0.1000828742981
0.10580706596375
0.092750072479248
0.097378969192505
0.095871925354004
0.10311603546143
0.096447944641113
0.097182989120483
0.10112285614014
0.095030069351196
0.092013120651245
0.099605798721313
0.094032049179077
0.091824054718018
0.10075616836548
0.10375595092773
0.094177007675171
0.10905289649963
0.10878300666809
0.10686492919922
0.096444129943848
0.098762035369873
0.11446213722229
0.098575115203857
0.097929954528809
0.10072422027588
0.09406590461731
0.097035884857178
0.10389709472656
0.39427399635315
0.090069055557251
0.095918893814087
0.093944072723389
0.09724497795105
0.10136413574219
0.092458009719849
0.10558199882507
0.098095893859863
0.099027156829834
0.09271502494812
0.10318398475647
0.099908113479614
0.10584211349487
0.10253119468689
0.098278045654297
0.1017370223999
0.10090589523315
0.096609115600586
0.096874952316284
0.092575788497925
0.092321157455444
0.096127033233643
0.11938881874084
0.091984033584595
0.091759920120239
0.098018884658813
0.092852115631104
0.088726997375488
0.095584154129028
0.094088077545166
0.10075187683105
0.11756205558777
0.093416213989258
0.099331140518188
0.092112064361572
0.10264110565186
0.10833096504211
0.10787296295166
0.094232082366943
0.1040518283844
0.09322714805603
0.093966007232666
0.10347604751587
0.094901084899902
0.094315052032471
0.097213983535767
0.093750953674316
0.10433506965637
0.096604108810425
0.095889806747437
0.094846963882446
0.096653938293457
0.09521484375
0.12208700180054
0.11154699325562
0.089544057846069
0.091243982315063
0.097755908966064
0.098464965820312
0.092230081558228
0.092617988586426
0.10363602638245
0.095457077026367
0.12132287025452
0.10743498802185
0.093134880065918
0.092789888381958
0.094143867492676
0.11076283454895
0.09941291809082
0.092618227005005
0.097675085067749
0.107990026474
0.1068639755249
0.098651170730591
0.10006380081177
0.092093944549561
0.096039056777954
0.10097193717957
0.094170808792114
0.10082292556763
0.094172954559326
0.10391998291016
0.095308065414429
0.092447996139526
0.11333703994751
0.093523979187012
0.10011601448059
0.090904951095581
0.093109130859375
0.10028696060181
0.10104298591614
0.093409061431885
0.088370084762573
0.092439889907837
0.093340158462524
0.098458051681519
0.10259795188904
0.096603155136108
0.097656011581421
0.10179495811462
0.10116481781006
0.10519599914551
0.093267917633057
0.092117786407471
0.10903382301331
0.12502694129944
0.09479808807373
0.094833135604858
0.094778776168823
0.095592021942139
0.09949517250061
0.09589409828186
0.094287872314453
0.089483022689819
0.09465479850769
0.095964908599854
0.0906081199646
0.097975969314575
0.098868131637573
0.093080997467041
0.092569828033447
0.098994016647339
0.098218202590942
0.10270810127258
0.098368883132935
0.091530084609985
0.092751026153564
0.10289883613586
0.095058917999268
0.090353965759277
0.093169927597046
0.093173980712891
0.10248899459839
0.09132194519043
0.096253871917725
0.12658500671387
0.10194516181946
0.091955900192261
0.098239183425903
0.094315052032471
0.096905946731567
0.10359406471252
0.097887992858887
0.096175909042358
0.095225811004639
0.094005823135376
0.095307111740112
0.095721960067749
0.093947172164917
0.097532033920288
0.099515914916992
0.12377691268921
0.099642038345337
0.1141300201416
0.091155052185059
0.10541200637817
0.09289288520813
0.13177394866943
0.31861710548401
0.10037302970886
0.10309600830078
0.10519695281982
0.097743988037109
0.10187005996704
0.12582612037659
0.10788106918335
0.10220885276794
0.09228515625
0.096916913986206
0.099102973937988
0.10770082473755
0.090451002120972
0.10512900352478
0.11129403114319
0.09555196762085
0.095860004425049
0.096212863922119
0.10883212089539
0.094193935394287
0.10189509391785
0.1068480014801
0.094343900680542
0.092186212539673
0.10008502006531
0.094799041748047
0.10756301879883
0.10392999649048
0.093619823455811
0.091197967529297
0.10076904296875
0.096472024917603
0.1187469959259
0.10116696357727
0.10245895385742
0.11836004257202
0.10189318656921
0.1022961139679
0.10752320289612
0.094537973403931
0.095290899276733
0.10365295410156
0.093841075897217
0.11532998085022
0.086918830871582
0.096685886383057
0.095362901687622
0.10052919387817
0.093071222305298
0.10187983512878
0.093701124191284
0.10091710090637
0.104248046875
0.093250036239624
0.10061311721802
0.10266804695129
0.097169876098633
0.095170974731445
0.098359823226929
0.099726915359497
0.11138796806335
0.10657382011414
0.095907926559448
0.098834037780762
0.12215089797974
0.09143590927124
0.091355085372925
0.093625068664551
0.1058189868927
0.1007878780365
0.092708826065063
0.10521388053894
0.10484790802002
0.092106819152832
0.097756862640381
0.10706090927124
0.1010320186615
0.093261957168579
0.10019302368164
0.10273694992065
0.096059083938599
0.10384106636047
0.12070393562317
0.10856699943542
0.10333299636841
0.099169969558716
0.09830379486084
0.099265098571777
0.094681024551392
0.1056079864502
0.11047792434692
0.099190950393677
0.093817949295044
0.12871217727661
0.0953209400177
0.09658408164978
0.10009813308716
0.094990015029907
0.10982990264893
0.093118906021118
0.093181848526001
0.13227581977844
0.099050045013428
0.10072112083435
4.0001301765442
0.097963809967041
0.097686052322388
0.097582101821899
0.11279606819153
0.10349893569946
0.095438003540039
0.0987548828125
0.10443782806396
0.10764908790588
0.09982705116272
0.10266208648682
0.098083972930908
0.10011911392212
0.097827911376953
0.10734295845032
0.10262680053711
0.091409921646118
0.10264205932617
0.10480904579163
0.097634077072144
0.105229139328
0.099812984466553
0.094887971878052
0.10075807571411
0.096626043319702
0.099081993103027
0.11209106445312
0.098201036453247
0.10107088088989
0.11789989471436
0.096058130264282
0.10433793067932
0.097713947296143
0.10815191268921
0.095728158950806
0.11603116989136
0.096285820007324
0.091804027557373
0.094125986099243
0.095922946929932
0.090323925018311
0.096204996109009
0.091878175735474
0.095489025115967
0.099671840667725
0.091938018798828
0.093533992767334
0.1036651134491
0.10730504989624
0.10940599441528
0.08878493309021
0.21591997146606
0.0987548828125
0.09575891494751
0.10180616378784
0.10480809211731
0.094048976898193
0.090762853622437
0.096453189849854
0.096603870391846
0.099889993667603
0.10378003120422
0.095230102539062
0.099010944366455
0.099159002304077
0.095808982849121
0.11500716209412
0.092872142791748
0.094468832015991
0.10923099517822
0.098994016647339
0.099918127059937
0.098020076751709
0.10309100151062
0.10636210441589
0.12122797966003
0.30903792381287
0.099081039428711
0.10016703605652
0.099770069122314
0.097653150558472
0.097656011581421
0.091459035873413
0.094533920288086
0.094245910644531
0.10208702087402
0.094852924346924
0.092253923416138
0.1006600856781
0.091326951980591
0.097064971923828
0.10663414001465
0.091994047164917
0.10442996025085
0.096204996109009
3.8416519165039
0.099670171737671
0.10069012641907
0.092468023300171
0.097165822982788
0.092786073684692
0.099364042282104
0.10034704208374
0.095398902893066
0.096731901168823
0.10730290412903
0.10529804229736
0.10330200195312
0.093777894973755
0.094905853271484
0.094864845275879
0.093085050582886
0.10604095458984
0.10365080833435
0.093915939331055
0.10424613952637
0.092596054077148
0.09434700012207
0.09619402885437
0.092787027359009
0.094494819641113
0.097689867019653
0.094568014144897
0.098881006240845
0.093744993209839
0.098422050476074
0.096245050430298
0.098744869232178
0.09636402130127
0.094115972518921
0.10349011421204
0.097740888595581
0.095013856887817
0.098259925842285
0.097945213317871
0.10358095169067
0.10642218589783
0.1018180847168
0.09841513633728
0.1030740737915
0.10303902626038
0.098031997680664
0.095100879669189
0.10119485855103
0.14738893508911
0.10143399238586
0.09431004524231
0.10339307785034
0.095049858093262
0.10758399963379
0.093523025512695
0.092119932174683
0.10110402107239
0.098269939422607
0.096427917480469
0.10054707527161
0.1051070690155
0.092716932296753
0.095978021621704
0.095329999923706
0.095746994018555
0.093338966369629
0.11212706565857
0.093199968338013
0.092964887619019
0.10475611686707
0.096751928329468
0.10621905326843
0.10160303115845
0.10016202926636
0.10509204864502
0.098522901535034
0.093117952346802
0.094829082489014
0.094106197357178
0.10640692710876
0.09538197517395
0.10474181175232
0.10379099845886
0.10394501686096
0.11387395858765
0.10475087165833
0.097945928573608
0.099287986755371
0.093891143798828
0.10190200805664
0.098366022109985
0.10007214546204
0.10358119010925
0.096042156219482
0.093622922897339
0.1000120639801
0.1131010055542
0.095287084579468
0.099767923355103
0.099503040313721
0.093477964401245
0.10576486587524
0.092289924621582
0.099078893661499
0.10445713996887
0.091048002243042
0.095651865005493
0.096266984939575
0.1203281879425
0.10170698165894
0.10337090492249
0.094958066940308
0.1027250289917
0.099398851394653
0.10095286369324
0.095447063446045
0.099580049514771
0.093141078948975
0.15154385566711
0.094722986221313
0.095196962356567
0.10263800621033
0.10331201553345
0.09594988822937
0.098858118057251
0.092577934265137
0.094015836715698
0.10122299194336
0.11089611053467
0.14310908317566
0.090576171875
0.093440055847168
0.10194897651672
0.094756841659546
0.10080003738403
0.094938039779663
0.094260931015015
0.10190200805664
0.10079503059387
0.09063196182251
0.091785192489624
0.10460209846497
0.095567941665649
0.096819162368774
0.098196029663086
0.097149133682251
0.10178995132446
0.10106801986694
0.10119915008545
0.098303079605103
0.096606969833374
0.099478006362915
0.12212204933167
0.095594167709351
